<OverlayData>
  <MarkerCategory name="Tactical" DisplayName="Tactical" data-sort="true" fadeFar="16800" fadeNear="8400">
    <MarkerCategory name="Juvenile Pets" heightOffset="3" iconFile="Data/Tactical/Juvenile Pets.png" data-iconFile="Data/Tactical/Juvenile Pets.png" DisplayName="Juvenile Pets">
      <MarkerCategory name="Core" data-sort="true" data-allowsub="true">
        <MarkerCategory name="Pink Moa" DisplayName="Pink Moa"/>
      </MarkerCategory>
      <MarkerCategory name="Heart of Thorns" data-sort="true" data-allowsub="true" DisplayName="Heart of Thorns">
      </MarkerCategory>
      <MarkerCategory name="Path of Fire" data-sort="true" data-allowsub="true" DisplayName="Path of Fire">
        <MarkerCategory name="Sand Lion" DisplayName="Sand Lion"/>
        <MarkerCategory name="Cheetah"/>
        <MarkerCategory name="Fanged Iboga" DisplayName="Fanged Iboga"/>
        <MarkerCategory name="Jacaranda"/>
      </MarkerCategory>
    </MarkerCategory>
  </MarkerCategory>
</OverlayData>