<OverlayData>
  <MarkerCategory name="ResourceNode" DisplayName="Resource Nodes" fadeFar="16800" fadeNear="8400" iconFile="Data/ResourceNode.png" maxSize="256" behavior="1" data-class="fade-1" data-iconFile="Data/ResourceNode.png">
    <MarkerCategory name="MapSpecific" fadeFar="25200" fadeNear="8400" data-class="fade-3">
      <MarkerCategory name="Wood" iconFile="Data/Wood.png" data-allowsub="true">
        <MarkerCategory name="Currency" iconFile="Data/ResourceNode/MapSpecific.Wood.Currency.png" data-iconFile="Data/ResourceNode/MapSpecific.Wood.Currency.png"/>
      </MarkerCategory>
    </MarkerCategory>
  </MarkerCategory>
  <POIs>
    <POI MapID="1195" xpos="-100.219" ypos="303.005" zpos="1.56152" type="resourcenode.mapspecific.wood.currency" GUID="fU9ZxZB2CkCwBIp7EFjLRw=="/>
    <POI MapID="1195" xpos="-82.5111" ypos="236.256" zpos="-153.229" type="resourcenode.mapspecific.wood.currency" GUID="57VuHlJ9TEOVl8y+NDpRsQ=="/>
    <POI MapID="1195" xpos="310.37" ypos="417.128" zpos="-288.262" type="resourcenode.mapspecific.wood.currency" GUID="C+RLi6V700qbZYzq/LKzOA=="/>
    <POI MapID="1195" xpos="278.72" ypos="416.286" zpos="-269.04" type="resourcenode.mapspecific.wood.currency" GUID="pHA60zkH60qDtWxJmNEyKw=="/>
    <POI MapID="1195" xpos="197.704" ypos="395.642" zpos="-349.101" type="resourcenode.mapspecific.wood.currency" GUID="PhI3kb8zO0ebpEUcKuFgag=="/>
    <POI MapID="1195" xpos="274.913" ypos="248.927" zpos="-617.31" type="resourcenode.mapspecific.wood.currency" GUID="m4VdbMvwJEqoSnB57OboiA=="/>
    <POI MapID="1195" xpos="203.397" ypos="253.693" zpos="-717.939" type="resourcenode.mapspecific.wood.currency" GUID="AyF6s271gUGYQihnSTsd3Q=="/>
    <POI MapID="1195" xpos="-77.1283" ypos="188.071" zpos="-812.674" type="resourcenode.mapspecific.wood.currency" GUID="IJh2huOUwEiSpkTFUycVbA=="/>
    <POI MapID="1195" xpos="-125.261" ypos="179.194" zpos="-707.787" type="resourcenode.mapspecific.wood.currency" GUID="T9plwnoRMEmFPJFyi3/6AQ=="/>
    <POI MapID="1195" xpos="214.939" ypos="197.256" zpos="-754.578" type="resourcenode.mapspecific.wood.currency" GUID="MMuup4ehkkKJuaXoll9DPQ=="/>
    <POI MapID="1195" xpos="-22.9716" ypos="265.171" zpos="180.401" type="resourcenode.mapspecific.wood.currency" GUID="sPdDaMU1OUGF/8tltrYsAg=="/>
    <POI MapID="1195" xpos="-132.913" ypos="424.207" zpos="-203.204" type="resourcenode.mapspecific.wood.currency" GUID="fFqrYpRhP0KVFp7bk8+E/Q=="/>
    <POI MapID="1195" xpos="-284.794" ypos="132.21" zpos="-434.457" type="resourcenode.mapspecific.wood.currency" GUID="RgtDeTOV7UOxfFIgdWhuUw=="/>
    <POI MapID="1195" xpos="-52.4255" ypos="299.659" zpos="-26.3142" type="resourcenode.mapspecific.wood.currency" GUID="X6poZH3bFEeu/PZ/9/M+bA=="/>
    <POI MapID="1195" xpos="-333.077" ypos="471.963" zpos="-117.385" type="resourcenode.mapspecific.wood.currency" GUID="4QAY3sftHkaFL/Y0NRckhQ=="/>
    <POI MapID="1195" xpos="305.297" ypos="432.581" zpos="-191.472" type="resourcenode.mapspecific.wood.currency" GUID="FyK5FncUKES8k5vy2It/tg=="/>
    <POI MapID="1195" xpos="-364.554" ypos="401.959" zpos="-725.996" type="resourcenode.mapspecific.wood.currency" GUID="Mrn6o6o0z0OSAJQvgjEaBA=="/>
    <POI MapID="1195" xpos="-423.796" ypos="432.631" zpos="-603.298" type="resourcenode.mapspecific.wood.currency" GUID="k6UpGjc6iEW9n+JFy4NpoQ=="/>
    <POI MapID="1195" xpos="263.832" ypos="244.963" zpos="-837.858" type="resourcenode.mapspecific.wood.currency" GUID="tuE3EsCdYkGqSe8E3TypcQ=="/>
    <POI MapID="1195" xpos="-180.289" ypos="239.931" zpos="-130.063" type="resourcenode.mapspecific.wood.currency" GUID="c/hunZwIFUeFIJofXWS8aA=="/>
    <POI MapID="1195" xpos="-482.873" ypos="99.2536" zpos="-245.682" type="resourcenode.mapspecific.wood.currency" GUID="nquxxV28mUuj1O7ylOxDwA=="/>
    <POI MapID="1195" xpos="-168.957" ypos="182.389" zpos="-311.367" type="resourcenode.mapspecific.wood.currency" GUID="M20Bn2qekkiYt3TG81Hveg=="/>
    <POI MapID="1195" xpos="447.953" ypos="434.959" zpos="-201.006" type="resourcenode.mapspecific.wood.currency" GUID="Q71FGmKRYke7SG6gQIK1sw=="/>
    <POI MapID="1195" xpos="84.3266" ypos="254.624" zpos="95.3004" type="resourcenode.mapspecific.wood.currency" GUID="wfUzLxbI6U6n+C55OWS/Zg=="/>
    <POI MapID="1195" xpos="-56.4153" ypos="295.978" zpos="114.132" type="resourcenode.mapspecific.wood.currency" GUID="xlotBnygEEqjgfSYrfeDvQ=="/>
    <POI MapID="1195" xpos="246.863" ypos="390.979" zpos="-317.154" type="resourcenode.mapspecific.wood.currency" GUID="Vnszff8uTEW0FLGV6sGkQA=="/>
    <POI MapID="1195" xpos="150.047" ypos="407.142" zpos="-484.951" type="resourcenode.mapspecific.wood.currency" GUID="H2YdWFRFXU2O+Zb0HZjSZg=="/>
    <POI MapID="1195" xpos="-207.474" ypos="19.8904" zpos="-536.791" type="resourcenode.mapspecific.wood.currency" GUID="AzUBmVWn4kqMClhf+KR0XQ=="/>
    <POI MapID="1195" xpos="-361.339" ypos="430.664" zpos="-302.891" type="resourcenode.mapspecific.wood.currency" GUID="EE3e/9d9+Ue0V+g9jekWAg=="/>
    <POI MapID="1195" xpos="-348.709" ypos="64.7988" zpos="-661.616" type="resourcenode.mapspecific.wood.currency" GUID="6+hP15CDw0Ka9uiGQzSyQA=="/>
    <POI MapID="1195" xpos="-138.293" ypos="164.223" zpos="-755.656" type="resourcenode.mapspecific.wood.currency" GUID="jAb1ptxjdU+qTHlhBdy7uw=="/>
    <POI MapID="1195" xpos="436.216" ypos="423.81" zpos="-261.125" type="resourcenode.mapspecific.wood.currency" GUID="az+c/P/5/UmOZ4DPOBVd0A=="/>
    <POI MapID="1195" xpos="-4.22126" ypos="165.027" zpos="-623.155" type="resourcenode.mapspecific.wood.currency" GUID="CJPVbkoJFEOX6uswDRLpww=="/>
    <POI MapID="1195" xpos="-65.3459" ypos="182.299" zpos="-562.434" type="resourcenode.mapspecific.wood.currency" GUID="niPVpuCpXE+CEys2CMqhlQ=="/>
    <POI MapID="1195" xpos="-370.462" ypos="120.227" zpos="-373.035" type="resourcenode.mapspecific.wood.currency" GUID="YzRDjH5mkUyRdDpfghp4Zg=="/>
    <POI MapID="1195" xpos="-408.377" ypos="119.006" zpos="-357.017" type="resourcenode.mapspecific.wood.currency" GUID="gmnX+/R4aUupm9dhYVyJKQ=="/>
    <POI MapID="1195" xpos="-348.346" ypos="447.38" zpos="-396.962" type="resourcenode.mapspecific.wood.currency" GUID="KrS4WwZR3kaYVncmpdTQvg=="/>
    <POI MapID="1195" xpos="544.627" ypos="237.879" zpos="-475.438" type="resourcenode.mapspecific.wood.currency" GUID="/JNlk2k+fECSL5dnH/QeSA=="/>
    <POI MapID="1195" xpos="-238.455" ypos="444.342" zpos="-340.222" type="resourcenode.mapspecific.wood.currency" GUID="r3kmXCl4y0uplkrTQDhC1A=="/>
    <POI MapID="1195" xpos="-198.383" ypos="9.39604" zpos="-653.185" type="resourcenode.mapspecific.wood.currency" GUID="TgIrJuzzYUiKj9UWaRKvuA=="/>
    <POI MapID="1195" xpos="509.414" ypos="235.138" zpos="-504.839" type="resourcenode.mapspecific.wood.currency" GUID="pMzb2LJRrECuk2m6YHGdIQ=="/>
    <POI MapID="1195" xpos="381.499" ypos="234.871" zpos="-491.674" type="resourcenode.mapspecific.wood.currency" GUID="A6NNygw4AUOXcKlnSVdmcQ=="/>
    <POI MapID="1195" xpos="381.857" ypos="421.651" zpos="-143.667" type="resourcenode.mapspecific.wood.currency" GUID="wqFa/MVjZke4coY0moXzuQ=="/>
    <POI MapID="1195" xpos="-141.919" ypos="290.862" zpos="156.229" type="resourcenode.mapspecific.wood.currency" GUID="qt3sAQI13US5IXp9UMbTBA=="/>
    <POI MapID="1195" xpos="-166.745" ypos="248.243" zpos="91.2608" type="resourcenode.mapspecific.wood.currency" GUID="OMfI6i8v8kS9DB49LP5+6A=="/>
    <POI MapID="1195" xpos="-237.96" ypos="453.22" zpos="-112.479" type="resourcenode.mapspecific.wood.currency" GUID="10TAdXIN20aEYSjlBb2MKQ=="/>
    <POI MapID="1195" xpos="-427.363" ypos="455.156" zpos="-346.249" type="resourcenode.mapspecific.wood.currency" GUID="uaKt6We1Z0G55RkAUSzmIQ=="/>
    <POI MapID="1195" xpos="-199.687" ypos="435.132" zpos="-199.741" type="resourcenode.mapspecific.wood.currency" GUID="b4SnCe7wpk2hvNcsUfmdNw=="/>
    <POI MapID="1195" xpos="-182.848" ypos="390.622" zpos="-365.9" type="resourcenode.mapspecific.wood.currency" GUID="ZFO4GSPo8kyxbR7x8U7nHw=="/>
    <POI MapID="1195" xpos="-348.711" ypos="421.856" zpos="-674.968" type="resourcenode.mapspecific.wood.currency" GUID="H6gaFELjJk25D5djs5sB+Q=="/>
    <POI MapID="1195" xpos="-187.947" ypos="392.375" zpos="-669.012" type="resourcenode.mapspecific.wood.currency" GUID="CC8IN2iZIU+UsGAeSQgxNg=="/>
    <POI MapID="1195" xpos="-162.016" ypos="394.162" zpos="-596.754" type="resourcenode.mapspecific.wood.currency" GUID="Vi6VdOqVd02QEEOtBGKf0w=="/>
    <POI MapID="1195" xpos="-331.609" ypos="432.698" zpos="-521.884" type="resourcenode.mapspecific.wood.currency" GUID="C1WJPBVpAEGAOhjzpmXFFg=="/>
    <POI MapID="1195" xpos="-222.424" ypos="301.887" zpos="107.493" type="resourcenode.mapspecific.wood.currency" GUID="cfEOGgo3zUasAnvSvvQQuw=="/>
    <POI MapID="1195" xpos="-226.156" ypos="295.931" zpos="-687.961" type="resourcenode.mapspecific.wood.currency" GUID="XMzZigAki068sqHcHYYz6w=="/>
    <POI MapID="1195" xpos="-191.323" ypos="282.078" zpos="-737.086" type="resourcenode.mapspecific.wood.currency" GUID="SZxg7YLYtk2xhq9zYWiqXw=="/>
    <POI MapID="1195" xpos="-254.721" ypos="62.8434" zpos="-627.607" type="resourcenode.mapspecific.wood.currency" GUID="iAF3hJunIkO2TI3qIHW0yA=="/>
    <POI MapID="1195" xpos="45.7772" ypos="183.225" zpos="-736.105" type="resourcenode.mapspecific.wood.currency" GUID="Zz/OQ/cwIU2i7+yRn3ERbg=="/>
    <POI MapID="1195" xpos="-277.513" ypos="493.173" zpos="-142.124" type="resourcenode.mapspecific.wood.currency" GUID="5Gu+etwNOkC2uPfzyACRbw=="/>
    <POI MapID="1195" xpos="380.855" ypos="449.615" zpos="-79.8884" type="resourcenode.mapspecific.wood.currency" GUID="XLqXzKQs/0ymN4q/jJLA5g=="/>
    <POI MapID="1195" xpos="-180.898" ypos="150.977" zpos="-678.234" type="resourcenode.mapspecific.wood.currency" GUID="dN5TmGi1E0OI4k/3rlCUtw=="/>
    <POI MapID="1195" xpos="24.7334" ypos="167.005" zpos="-555.233" type="resourcenode.mapspecific.wood.currency" GUID="EdkXsWheREa1lPWOQN+3+w=="/>
    <POI MapID="1195" xpos="281.399" ypos="421.842" zpos="102.274" type="resourcenode.mapspecific.wood.currency" GUID="lDfHIEzy0ESO/A7iBE3Anw=="/>
    <POI MapID="1195" xpos="125.009" ypos="256.076" zpos="20.029" type="resourcenode.mapspecific.wood.currency" GUID="bGQN06s6+0qf1nrWSQNUWA=="/>
    <POI MapID="1195" xpos="-307.837" ypos="437.498" zpos="-361.81" type="resourcenode.mapspecific.wood.currency" GUID="2DkWsUX7qkGda4f5POUwTw=="/>
    <POI MapID="1195" xpos="-52.9053" ypos="169.57" zpos="-785.331" type="resourcenode.mapspecific.wood.currency" GUID="7bnFInTEyk2RlW54xirDig=="/>
    <POI MapID="1195" xpos="320.198" ypos="443.848" zpos="-18.8097" type="resourcenode.mapspecific.wood.currency" GUID="+COIEpILnkO3lsgwgJ6SZg=="/>
    <POI MapID="1195" xpos="-193.405" ypos="281.323" zpos="93.8279" type="resourcenode.mapspecific.wood.currency" GUID="FBiu4GOOakKX8FyyO586Sw=="/>
    <POI MapID="1195" xpos="235.729" ypos="376.907" zpos="-458.233" type="resourcenode.mapspecific.wood.currency" GUID="kTKU9ksi4EGXYLny/YQ3Yg=="/>
    <POI MapID="1195" xpos="33.246" ypos="291.833" zpos="-819.219" type="resourcenode.mapspecific.wood.currency" GUID="OzqQu9+44kqwEzaua6jqtA=="/>
    <POI MapID="1195" xpos="335.165" ypos="201.268" zpos="-361.634" type="resourcenode.mapspecific.wood.currency" GUID="U36ylReGHUOcOu1P9zjZxg=="/>
    <POI MapID="1195" xpos="227.937" ypos="167.756" zpos="-415.395" type="resourcenode.mapspecific.wood.currency" GUID="3Oq+IgBuC0q83agFgcdopw=="/>
    <POI MapID="1195" xpos="108.833" ypos="166.813" zpos="-577.685" type="resourcenode.mapspecific.wood.currency" GUID="07o9jruJWUepitWArtqwsQ=="/>
    <POI MapID="1195" xpos="-368.573" ypos="455.254" zpos="-368.352" type="resourcenode.mapspecific.wood.currency" GUID="B6+zFhgXHEmVRvRBHeQErg=="/>
    <POI MapID="1195" xpos="-110.011" ypos="279.441" zpos="238.556" type="resourcenode.mapspecific.wood.currency" GUID="CgK2vZ+qZ0OrKZcfIB1s4Q=="/>
    <POI MapID="1195" xpos="207.343" ypos="250.122" zpos="-673.639" type="resourcenode.mapspecific.wood.currency" GUID="y5ts+gfoM0ixpo7YKd3qCg=="/>
    <POI MapID="1195" xpos="-472.121" ypos="473.934" zpos="-389.695" type="resourcenode.mapspecific.wood.currency" GUID="IXkywYn3kUCw3OPOeaCeUg=="/>
    <POI MapID="1195" xpos="-32.5581" ypos="182.5" zpos="-536.29" type="resourcenode.mapspecific.wood.currency" GUID="boLDsmV2f06vjCMMnVJ6zg=="/>
    <POI MapID="1195" xpos="-152.209" ypos="168.143" zpos="-614.669" type="resourcenode.mapspecific.wood.currency" GUID="yqGMPvRWrE6Fw9nbgUXD5A=="/>
    <POI MapID="1195" xpos="-163.734" ypos="182.142" zpos="-411.956" type="resourcenode.mapspecific.wood.currency" GUID="/5EGntO7SUSCaE/jJy8FBg=="/>
    <POI MapID="1195" xpos="-252.362" ypos="123.048" zpos="-461.342" type="resourcenode.mapspecific.wood.currency" GUID="4MR7zXh4o0CctEtDL7EDFQ=="/>
    <POI MapID="1195" xpos="410.571" ypos="435.454" zpos="-149.539" type="resourcenode.mapspecific.wood.currency" GUID="n06CnpQvcEaOvpiPV7uVfw=="/>
    <POI MapID="1195" xpos="519.993" ypos="119.069" zpos="-514.493" type="resourcenode.mapspecific.wood.currency" GUID="91KPs8ApZEqLoGMO3ThFwA=="/>
    <POI MapID="1195" xpos="455.687" ypos="303.145" zpos="-468.996" type="resourcenode.mapspecific.wood.currency" GUID="48XJ0v4c4kStfF/Ztd9q1Q=="/>
    <POI MapID="1195" xpos="-253.401" ypos="280.788" zpos="129.761" type="resourcenode.mapspecific.wood.currency" GUID="NUL25q3kAECcABlab93HvA=="/>
    <POI MapID="1195" xpos="-348.768" ypos="140.581" zpos="-596.871" type="resourcenode.mapspecific.wood.currency" GUID="bn73rlmKU0aNkbLEcu0Acg=="/>
    <POI MapID="1195" xpos="-64.281" ypos="417.735" zpos="-226.732" type="resourcenode.mapspecific.wood.currency" GUID="1MLxAFRESkqe4P0Zg65kdw=="/>
    <POI MapID="1195" xpos="-90.7799" ypos="315.804" zpos="-919.23" type="resourcenode.mapspecific.wood.currency" GUID="oZpe6zCRtEGBfGRMREFnwQ=="/>
    <POI MapID="1195" xpos="146.192" ypos="404.084" zpos="70.7195" type="resourcenode.mapspecific.wood.currency" GUID="YeKnTSlA3kCLq6s9tPDVlQ=="/>
    <POI MapID="1195" xpos="57.2699" ypos="381.838" zpos="160.365" type="resourcenode.mapspecific.wood.currency" GUID="XzkFy6Xz1kCyFUBFgHMfcw=="/>
    <POI MapID="1195" xpos="-225.964" ypos="277.646" zpos="-12.227" type="resourcenode.mapspecific.wood.currency" GUID="3tfkKxx0s0Ci2XbFFI2xKg=="/>
    <POI MapID="1195" xpos="66.7405" ypos="232.706" zpos="158.231" type="resourcenode.mapspecific.wood.currency" GUID="Ka8bTb0ykUSEC6CnW90i6w=="/>
    <POI MapID="1195" xpos="-182.429" ypos="112.695" zpos="-696.133" type="resourcenode.mapspecific.wood.currency" GUID="PxzjnoakGUm3WsTuZ33r6w=="/>
    <POI MapID="1195" xpos="-448.796" ypos="461.119" zpos="-357.321" type="resourcenode.mapspecific.wood.currency" GUID="mLRK06/lyU2g/XJfTFpnlw=="/>
    <POI MapID="1195" xpos="-391.978" ypos="438.976" zpos="-249.95" type="resourcenode.mapspecific.wood.currency" GUID="FN3PD1NhxEmD+dSky313HA=="/>
    <POI MapID="1195" xpos="319.776" ypos="460.889" zpos="41.2446" type="resourcenode.mapspecific.wood.currency" GUID="8BdC6rR/jEySI/PCGH6e2w=="/>
    <POI MapID="1195" xpos="-129.037" ypos="168.931" zpos="-537.856" type="resourcenode.mapspecific.wood.currency" GUID="rqqGsdQiHUWPp5GdPVewQg=="/>
    <POI MapID="1195" xpos="-276.264" ypos="443.557" zpos="-305.035" type="resourcenode.mapspecific.wood.currency" GUID="TKpRuOtWdkeTkw614gEfBw=="/>
    <POI MapID="1195" xpos="-253.893" ypos="424.416" zpos="-347.953" type="resourcenode.mapspecific.wood.currency" GUID="vybiAST1TkqrXwGmYhUzQQ=="/>
    <POI MapID="1195" xpos="-463.187" ypos="451.939" zpos="-325.267" type="resourcenode.mapspecific.wood.currency" GUID="qT3a3i6W20qtKV6D8caxTQ=="/>
    <POI MapID="1195" xpos="-369.677" ypos="32.4779" zpos="-600.501" type="resourcenode.mapspecific.wood.currency" GUID="neN7kuHqCUOO43n4/v3CLQ=="/>
    <POI MapID="1195" xpos="-355.539" ypos="436.747" zpos="-428.156" type="resourcenode.mapspecific.wood.currency" GUID="5gnhM2H6yECI9BPzPX5klw=="/>
    <POI MapID="1195" xpos="-9.31478" ypos="251.738" zpos="-55.55" type="resourcenode.mapspecific.wood.currency" GUID="d1Cz7SicpkOBxcAVOrVQvA=="/>
    <POI MapID="1195" xpos="464.727" ypos="249.64" zpos="-308.365" type="resourcenode.mapspecific.wood.currency" GUID="4WTyjIjDwES8LOPt+59Wxg=="/>
    <POI MapID="1195" xpos="-102.543" ypos="357.603" zpos="-116.573" type="resourcenode.mapspecific.wood.currency" GUID="yoHbN0611kSWVG/JgjficQ=="/>
    <POI MapID="1195" xpos="-91.412" ypos="412.641" zpos="-97.3478" type="resourcenode.mapspecific.wood.currency" GUID="f4uiJR7vDUSMwdz9od9oVw=="/>
  </POIs>
</OverlayData>