<OverlayData fadeFar="16800" fadeNear="8400">
  <MarkerCategory name="ResourceNode" data-class="fade-1" behavior="1" DisplayName="Resource Nodes" iconFile="Data/ResourceNode.png" data-iconFile="Data/ResourceNode.png" fadeFar="16800" fadeNear="8400">
    <MarkerCategory name="Wood" iconFile="Data/ResourceNode/Wood.png" data-iconFile="Data/Wood.png">
      <MarkerCategory name="Ancient" data-class="fade-max" behavior="0" iconFile="Data/ResourceNode/Wood.Ancient.png" data-iconFile="Data/ResourceNode/Wood.Ancient.png" fadeFar="25200" fadeNear="16800"/>
    </MarkerCategory>
    <MarkerCategory name="Ore" iconFile="Data/ResourceNode/Ore.png" data-iconFile="Data/Ore.png">
      <MarkerCategory name="Normal">
        <MarkerCategory name="Orichalcum" data-class="fade-max" behavior="0" iconFile="Data/ResourceNode/Ore.Normal.Orichalcum.png" data-iconFile="Data/ResourceNode/Ore.Normal.Orichalcum.png" fadeFar="25200" fadeNear="16800"/>
      </MarkerCategory>
    </MarkerCategory>
    <MarkerCategory name="Plant" data-class="iconsize-0.35 poi-plant" iconFile="Data/ResourceNode/Plant.png" data-iconFile="Data/Plant.png" heightOffset="1.6">
      <MarkerCategory name="Orichalcum" data-sort="true">
        <MarkerCategory name="Lentils" iconFile="Data/ResourceNode/Plant/Orichalcum/Lentils.png" data-iconFile="Data/ResourceNode/Plant/Orichalcum/Lentils.png" iconSize="0.35"/>
      </MarkerCategory>
    </MarkerCategory>
    <MarkerCategory name="MapSpecific" data-class="fade-3" fadeFar="25200" fadeNear="8400">
      <MarkerCategory name="Wood" iconFile="Data/Wood.png" data-allowsub="true">
        <MarkerCategory name="Currency" iconFile="Data/ResourceNode/MapSpecific.Wood.Currency.png" data-iconFile="Data/ResourceNode/MapSpecific.Wood.Currency.png"/>
        <MarkerCategory name="Lumber Synthesizer" data-class="fade-synthesizer" fadeFar="5600" fadeNear="4800" DisplayName="Lumber Synthesizer"/>
      </MarkerCategory>
      <MarkerCategory name="Ore" iconFile="Data/Ore.png" data-allowsub="true">
        <MarkerCategory name="Currency" iconFile="Data/ResourceNode/MapSpecific.Ore.Currency.png" data-iconFile="Data/ResourceNode/MapSpecific.Ore.Currency.png"/>
        <MarkerCategory name="Ore Synthesizer" data-class="fade-synthesizer" fadeFar="5600" fadeNear="4800" DisplayName="Ore Synthesizer"/>
        <MarkerCategory name="Lump of Aurillium" iconFile="Data/ResourceNode/MapSpecific/Ore/Lump_of_Aurillium.png" data-iconFile="Data/ResourceNode/MapSpecific/Ore/Lump_of_Aurillium.png" DisplayName="Lump of Aurillium"/>
      </MarkerCategory>
      <MarkerCategory name="Plant" iconFile="Data/Plant.png" data-allowsub="true" data-class="poi-plant" heightOffset="1.6">
        <MarkerCategory name="Currency" iconFile="Data/ResourceNode/MapSpecific.Plant.Currency.png" data-iconFile="Data/ResourceNode/MapSpecific.Plant.Currency.png"/>
        <MarkerCategory name="Berry Synthesizer" data-class="fade-synthesizer" fadeFar="5600" fadeNear="4800" DisplayName="Berry Synthesizer"/>
        <MarkerCategory name="Herb Synthesizer" data-class="fade-synthesizer" fadeFar="5600" fadeNear="4800" DisplayName="Herb Synthesizer"/>
        <MarkerCategory name="Vegetable Synthesizer" data-class="fade-synthesizer" fadeFar="5600" fadeNear="4800" DisplayName="Vegetable Synthesizer"/>
        <MarkerCategory name="Toxic Seedling" data-class="size-0.35" iconFile="Data/ResourceNode/MapSpecific/Plant/Toxic Seedling.png" data-iconFile="Data/ResourceNode/MapSpecific/Plant/Toxic Seedling.png" iconSize="0.35" DisplayName="Toxic Seedling"/>
      </MarkerCategory>
      <MarkerCategory name="Synthesizer" data-class="fade-synthesizer size-0.5" iconSize="0.5" fadeFar="5600" fadeNear="4800"/>
    </MarkerCategory>
    <MarkerCategory name="Other" data-allowsub="true" data-sort="true">
      <MarkerCategory name="QuartzCrystal" data-class="fade-max" behavior="0" iconFile="Data/ResourceNode/Other/QuartzCrystal.png" data-iconFile="Data/ResourceNode/Other/QuartzCrystal.png" fadeFar="25200" fadeNear="16800">
        <MarkerCategory name="Rich" data-class="size-1 fade-max2" iconSize="1" fadeFar="42000" fadeNear="25200"/>
      </MarkerCategory>
      <MarkerCategory name="Leather" data-class="fade-synthesizer size-0.5" iconFile="Data/ResourceNode/Other/Leather.png" data-iconFile="Data/ResourceNode/Other/Leather.png" iconSize="0.5" fadeFar="5600" fadeNear="4800"/>
      <MarkerCategory name="Cloth" data-class="fade-synthesizer size-0.5" iconFile="Data/ResourceNode/Other/Cloth.png" data-iconFile="Data/ResourceNode/Other/Cloth.png" iconSize="0.5" fadeFar="5600" fadeNear="4800"/>
      <MarkerCategory name="Candy Corn" data-class="fade-min" iconFile="Data/ResourceNode/Other/Candy_Corn.png" data-iconFile="Data/ResourceNode/Other/Candy_Corn.png" fadeFar="2400" fadeNear="1200" DisplayName="Candy Corn"/>
      <MarkerCategory name="Watchwork Sprocket" iconFile="Data/ResourceNode/Other/Watchwork_Sprocket.png" data-iconFile="Data/ResourceNode/Other/Watchwork_Sprocket.png" DisplayName="Watchwork Sprocket"/>
    </MarkerCategory>
  </MarkerCategory>
  <MarkerCategory name="Chest" data-class="fade-1 poi-chest" iconFile="Data/Chest.png" data-iconFile="Data/Chest.png" heightOffset="1.6" fadeFar="16800" fadeNear="8400">
    <MarkerCategory name="MapSpecific" data-allowsub="true" data-class="fade-7" DisplayName="Map Specific" iconFile="Data/Chest-MapSpecific.png" data-iconFile="Data/Chest-MapSpecific.png" fadeFar="10500" fadeNear="4200">
      <MarkerCategory name="KeyRequired" iconFile="Data/Chest/MapSpecific.KeyRequired.png" data-iconFile="Data/Chest/MapSpecific.KeyRequired.png"/>
      <MarkerCategory name="Strongbox"/>
      <MarkerCategory name="Treasure" data-class="fade-max size-0.5" iconFile="Data/Chest/MapSpecific/Treasure.png" data-iconFile="Data/Chest/MapSpecific/Treasure.png" iconSize="0.5" fadeFar="25200" fadeNear="16800"/>
    </MarkerCategory>
    <MarkerCategory name="Meta" fadeFar="8400" fadeNear="2100" behavior="4" resetLength="30" heightOffset="3.5" iconFile="Data/Chest-Meta.png" data-iconFile="Data/Chest-Meta.png"/>
    <MarkerCategory name="Skritt" heightOffset="3" iconFile="Data/Chest/Skritt.png" data-iconFile="Data/Chest/Skritt.png"/>
    <MarkerCategory name="Achievement" iconFile="Data/Chest/Achievement.png" data-iconFile="Data/Chest/Achievement.png"/>
  </MarkerCategory>
  <MarkerCategory name="Tactical" data-sort="true" DisplayName="Tactical" fadeFar="16800" fadeNear="8400">
    <MarkerCategory name="GuildMission" data-sort="true" DisplayName="Guild Missions">
      <MarkerCategory name="Trek" heightOffset="4" iconFile="Data/Tactical/GuildMission/Trek.png" data-iconFile="Data/Tactical/GuildMission/Trek.png"/>
      <MarkerCategory name="Puzzle">
        <MarkerCategory name="Portal"/>
      </MarkerCategory>
      <MarkerCategory name="Race" data-allowsub="true">
        <MarkerCategory name="Trap"/>
      </MarkerCategory>
      <MarkerCategory name="Challenge" iconFile="Data/Tactical/GuildMission/Challenge.png" data-iconFile="Data/Tactical/GuildMission/Challenge.png">
        <MarkerCategory name="Portal"/>
        <MarkerCategory name="CheckPoint" iconFile="Data/CheckPoint.png"/>
      </MarkerCategory>
    </MarkerCategory>
    <MarkerCategory name="Juvenile Pets" heightOffset="3" iconFile="Data/Tactical/Juvenile Pets.png" data-iconFile="Data/Tactical/Juvenile Pets.png" DisplayName="Juvenile Pets">
      <MarkerCategory name="Core" data-sort="true" data-allowsub="true">
      </MarkerCategory>
      <MarkerCategory name="Heart of Thorns" data-sort="true" data-allowsub="true" DisplayName="Heart of Thorns">
      </MarkerCategory>
      <MarkerCategory name="Path of Fire" data-sort="true" data-allowsub="true" DisplayName="Path of Fire">
        <MarkerCategory name="Sand Lion" DisplayName="Sand Lion"/>
        <MarkerCategory name="Cheetah"/>
        <MarkerCategory name="Fanged Iboga" DisplayName="Fanged Iboga"/>
        <MarkerCategory name="Jacaranda"/>
      </MarkerCategory>
    </MarkerCategory>
  </MarkerCategory>
  <MarkerCategory name="guildrace" data-class="fade-8" data-allowsub="true" DisplayName="Guild Races" fadeFar="5600" fadeNear="1200"/>
  <MarkerCategory name="DivingGoggles" DisplayName="Diving Goggles" iconFile="Data/DivingGoggles.png" data-iconFile="Data/DivingGoggles.png" fadeFar="16800" fadeNear="8400">
    <MarkerCategory name="Start"/>
    <MarkerCategory name="Guilde">
      <MarkerCategory name="End" iconFile="Data/DivingGoggles/Guilde.End.png" data-iconFile="Data/DivingGoggles/Guilde.End.png"/>
    </MarkerCategory>
  </MarkerCategory>
  <MarkerCategory name="jumpingpuzzle" DisplayName="Jumping Puzzles" iconFile="Data/Jumping Puzzles.png" iconSize="0.75" triggerRange="5" data-iconFile="Data/jpguide.png" fadeFar="16800" fadeNear="8400">
    <MarkerCategory name="Start" iconFile="Data/jumpingpuzzle/Start.png" iconSize="1.5" data-iconFile="Data/jpstart.png"/>
    <MarkerCategory name="CheckPoint" DisplayName="Check Point" iconFile="Data/jumpingpuzzle/CheckPoint.png" data-iconFile="Data/jumpingpuzzle/CheckPoint.png"/>
    <MarkerCategory name="Portal"/>
    <MarkerCategory name="Point" iconFile="Data/jumpingpuzzle/Point.png" data-iconFile="Data/jumpingpuzzle/Point.png"/>
  </MarkerCategory>
  <MarkerCategory name="Achievement" data-allowsub="true" iconFile="Data/Achievement.png" data-iconFile="Data/Achievement.png" fadeFar="16800" fadeNear="8400"/>
  <MarkerCategory name="LS" DisplayName="Living World" data-allowsub="true" iconFile="Data/LS.png" data-iconFile="Data/LS.png" fadeFar="16800" fadeNear="8400">
    <MarkerCategory name="LS3" DisplayName="Season 3" data-allowsub="true"/>
    <MarkerCategory name="Path of Fire" data-allowsub="true" DisplayName="Path of Fire">
      <MarkerCategory name="Act 1" data-allowsub="true" DisplayName="Act 1"/>
      <MarkerCategory name="Act 2" data-allowsub="true" DisplayName="Act 2"/>
      <MarkerCategory name="Act 3" data-allowsub="true" DisplayName="Act 3"/>
    </MarkerCategory>
  </MarkerCategory>
  <MarkerCategory name="Other" data-allowsub="true" fadeFar="16800" fadeNear="8400">
    <MarkerCategory name="Vendor" data-allowsub="true" data-class="fade-8 size-0.5" data-sort="true" heightOffset="4" iconFile="Data/Other/Vendor.png" data-iconFile="Data/Other/Vendor.png" iconSize="0.5" fadeFar="5600" fadeNear="1200">
      <MarkerCategory name="Merchant"/>
      <MarkerCategory name="Ectoplasm" iconFile="Data/Other/Vendor/Ectoplasm.png" data-iconFile="Data/Other/Vendor/Ectoplasm.png"/>
      <MarkerCategory name="Karma" iconFile="Data/Other/Vendor/Karma.png" data-iconFile="Data/Other/Vendor/Karma.png"/>
      <MarkerCategory name="Event"/>
      <MarkerCategory name="Achievement"/>
    </MarkerCategory>
    <MarkerCategory name="Portal" iconFile="Data/Other/Portal.png" data-iconFile="Data/Other/Portal.png">
      <MarkerCategory name="In" iconFile="Data/Other/Portal/In.png" data-iconFile="Data/Other/Portal/In.png"/>
      <MarkerCategory name="Out" iconFile="Data/Other/Portal/Out.png" data-iconFile="Data/Other/Portal/Out.png"/>
      <MarkerCategory name="Gate" iconFile="Data/Other/Portal/Gate.png" data-iconFile="Data/Other/Portal/Gate.png"/>
      <MarkerCategory name="Cave" iconFile="Data/Other/Portal/Cave.png" data-iconFile="Data/Other/Portal/Cave.png"/>
      <MarkerCategory name="Instance"/>
    </MarkerCategory>
  </MarkerCategory>
  <MarkerCategory name="undefined" fadeFar="8400" fadeNear="2100"/>
</OverlayData>