<OverlayData>
  <MarkerCategory name="temp" fadeFar="16800" fadeNear="8400" maxSize="256" data-allowsub="true">
    <MarkerCategory name="Knight of the Thorn" DisplayName="Knight of the Thorn">
      <MarkerCategory name="Shards of a Thorn" DisplayName="Shards of a Thorn">
        <MarkerCategory name="Warden Leide" DisplayName="Warden Leide"/>
        <MarkerCategory name="Ridhais"/>
        <MarkerCategory name="Shard of Caladbolg" DisplayName="Shard of Caladbolg"/>
        <MarkerCategory name="Agent Zrii" DisplayName="Agent Zrii"/>
      </MarkerCategory>
      <MarkerCategory name="Dreams of a Thorn" DisplayName="Dreams of a Thorn">
        <MarkerCategory name="Mote"/>
      </MarkerCategory>
      <MarkerCategory name="Knight of the Thorn" DisplayName="Knight of the Thorn">
      </MarkerCategory>
      <MarkerCategory name="Sword Taxonomy" DisplayName="Sword Taxonomy">
      </MarkerCategory>
      <MarkerCategory name="The Sword Regrown" DisplayName="The Sword Regrown">
      </MarkerCategory>
      <MarkerCategory name="The First Vision" DisplayName="The First Vision">
      </MarkerCategory>
    </MarkerCategory>
    <MarkerCategory name="Zeghai of the Lost" DisplayName="Zeghai of the Lost">
    </MarkerCategory>
    <MarkerCategory name="LS4">
      <MarkerCategory name="Daybreak">
        <MarkerCategory name="Lost to Time" DisplayName="Lost to Time"/>
        <MarkerCategory name="Corsair Keepsakes" DisplayName="Corsair Keepsakes"/>
        <MarkerCategory name="Library Detective" DisplayName="Library Detective"/>
        <MarkerCategory name="That Belongs in a Museum" DisplayName="That Belongs in a Museum"/>
      </MarkerCategory>
    </MarkerCategory>
    <MarkerCategory name="Letters from E" DisplayName="Letters from E"/>
    <MarkerCategory name="Flashpoint">
      <MarkerCategory name="Burnin’ Down the House" DisplayName="Burnin’ Down the House"/>
      <MarkerCategory name="Rock Collector" DisplayName="Rock Collector"/>
      <MarkerCategory name="Druid Stone" DisplayName="Druid Stone">
        <MarkerCategory name="The Druid Stone" DisplayName="The Druid Stone"/>
        <MarkerCategory name="Awakening the Druid Stone" DisplayName="Awakening the Druid Stone"/>
        <MarkerCategory name="Sprouting the Druid Stone" DisplayName="Sprouting the Druid Stone"/>
        <MarkerCategory name="A Henge Away from Home" DisplayName="A Henge Away from Home"/>
      </MarkerCategory>
    </MarkerCategory>
    <MarkerCategory name="MapSpecific">
      <MarkerCategory name="Treasure Mushroom" DisplayName="Treasure Mushroom"/>
      <MarkerCategory name="Champion"/>
    </MarkerCategory>
    <MarkerCategory name="Chinese 中文" DisplayName="Chinese 中文"/>
    <MarkerCategory name="Side Stories" DisplayName="Side Stories">
      <MarkerCategory name="Bloodstone Sightings" DisplayName="Bloodstone Sightings"/>
    </MarkerCategory>
    <MarkerCategory name="Raid">
      <MarkerCategory name="Sloth">
        <MarkerCategory name="1"/>
        <MarkerCategory name="2"/>
        <MarkerCategory name="3"/>
        <MarkerCategory name="4"/>
      </MarkerCategory>
    </MarkerCategory>
    <MarkerCategory name="Aurora">
      <MarkerCategory name="Aurora II: Empowering" DisplayName="Aurora II: Empowering"/>
    </MarkerCategory>
    <MarkerCategory name="Path of Fire" DisplayName="Path of Fire">
      <MarkerCategory name="1" data-allowsub="true">
      </MarkerCategory>
      <MarkerCategory name="2">
        <MarkerCategory name="Crystalline Memories" DisplayName="Crystalline Memories" data-allowsub="true">
          <MarkerCategory name="All the Essences" DisplayName="All the Essences"/>
        </MarkerCategory>
        <MarkerCategory name="Hallowed Ground" DisplayName="Hallowed Ground" data-allowsub="true">
        </MarkerCategory>
        <MarkerCategory name="Facing the Truth" DisplayName="Facing the Truth" data-allowsub="true">
          <MarkerCategory name="Wedge Symbol" DisplayName="Wedge Symbol"/>
          <MarkerCategory name="Seeker of Truth and Knowledge" DisplayName="Seeker of Truth and Knowledge"/>
          <MarkerCategory name="Goddess of Secrets" DisplayName="Goddess of Secrets"/>
        </MarkerCategory>
        <MarkerCategory name="The Way Forward" DisplayName="The Way Forward" data-allowsub="true">
          <MarkerCategory name="Walk a Fine Line" DisplayName="Walk a Fine Line">
            <MarkerCategory name="Point"/>
          </MarkerCategory>
        </MarkerCategory>
      </MarkerCategory>
      <MarkerCategory name="3" data-allowsub="true">
        <MarkerCategory name="The Departing" DisplayName="The Departing">
          <MarkerCategory name="The Judge" DisplayName="The Judge"/>
          <MarkerCategory name="Joko"/>
          <MarkerCategory name="Boss"/>
          <MarkerCategory name="Name"/>
          <MarkerCategory name="Search for Weapons" DisplayName="Search for Weapons"/>
          <MarkerCategory name="The Whole Story" DisplayName="The Whole Story"/>
        </MarkerCategory>
        <MarkerCategory name="Beast of War" DisplayName="Beast of War">
          <MarkerCategory name="Destroy Additional Pylons" DisplayName="Destroy Additional Pylons"/>
        </MarkerCategory>
        <MarkerCategory name="Enemy of My Enemy" DisplayName="Enemy of My Enemy">
          <MarkerCategory name="1">
          </MarkerCategory>
          <MarkerCategory name="2 The Troopmarshal" DisplayName="2 The Troopmarshal">
            <MarkerCategory name="Explosives Expert" DisplayName="Explosives Expert"/>
            <MarkerCategory name="Mummy Legion" DisplayName="Mummy Legion"/>
            <MarkerCategory name="Master of Mummies" DisplayName="Master of Mummies"/>
          </MarkerCategory>
          <MarkerCategory name="3 The Beastmarshal" DisplayName="3 The Beastmarshal">
          </MarkerCategory>
          <MarkerCategory name="4">
          </MarkerCategory>
        </MarkerCategory>
      </MarkerCategory>
      <MarkerCategory name="Crystal Oasis" DisplayName="Crystal Oasis">
        <MarkerCategory name="Lost Lore of Crystal Oasis" DisplayName="Lost Lore of Crystal Oasis"/>
        <MarkerCategory name="Priory Historian Elisa" DisplayName="Priory Historian Elisa">
          <MarkerCategory name="Roads Less Traveled" DisplayName="Roads Less Traveled"/>
          <MarkerCategory name="Recitation of the Litany of Deeds" DisplayName="Recitation of the Litany of Deeds"/>
        </MarkerCategory>
        <MarkerCategory name="Bleached Bones" DisplayName="Bleached Bones"/>
        <MarkerCategory name="Casino Blits" DisplayName="Casino Blits">
          <MarkerCategory name="1"/>
          <MarkerCategory name="2"/>
          <MarkerCategory name="3"/>
          <MarkerCategory name="Boss"/>
        </MarkerCategory>
      </MarkerCategory>
      <MarkerCategory name="Desert Highlands" DisplayName="Desert Highlands">
        <MarkerCategory name="Lost Lore of Desert Highlands" DisplayName="Lost Lore of Desert Highlands"/>
        <MarkerCategory name="Dwarven Remnants" DisplayName="Dwarven Remnants"/>
        <MarkerCategory name="Carrot Collector" DisplayName="Carrot Collector"/>
        <MarkerCategory name="Hidden Carrot Hunt" DisplayName="Hidden Carrot Hunt"/>
        <MarkerCategory name="The Curious Bowl" DisplayName="The Curious Bowl"/>
        <MarkerCategory name="Breaking the Bank" DisplayName="Breaking the Bank"/>
        <MarkerCategory name="Rune-Locked Doors" DisplayName="Rune-Locked Doors">
          <MarkerCategory name="Portal"/>
          <MarkerCategory name="Runestone"/>
          <MarkerCategory name="Runestone Put" DisplayName="Runestone Put"/>
        </MarkerCategory>
        <MarkerCategory name="Dwarven Forge" DisplayName="Dwarven Forge"/>
        <MarkerCategory name="Stonespite Cleaver" DisplayName="Stonespite Cleaver"/>
        <MarkerCategory name="Staff of the Lost" DisplayName="Staff of the Lost"/>
        <MarkerCategory name="Gate of Good-Byes" DisplayName="Gate of Good-Byes"/>
        <MarkerCategory name="Final Sting" DisplayName="Final Sting"/>
        <MarkerCategory name="Might of the Vindictive" DisplayName="Might of the Vindictive"/>
        <MarkerCategory name="Riddle Me This" DisplayName="Riddle Me This"/>
      </MarkerCategory>
      <MarkerCategory name="Elon Riverlands" DisplayName="Elon Riverlands">
        <MarkerCategory name="Lost Lore of Elon Riverlands" DisplayName="Lost Lore of Elon Riverlands"/>
        <MarkerCategory name="Equipment Tracker" DisplayName="Equipment Tracker"/>
        <MarkerCategory name="Flameseeker Prophecies" DisplayName="Flameseeker Prophecies">
          <MarkerCategory name="Forgotten Light" DisplayName="Forgotten Light"/>
        </MarkerCategory>
        <MarkerCategory name="Ghostly Trio" DisplayName="Ghostly Trio">
          <MarkerCategory name="path"/>
        </MarkerCategory>
        <MarkerCategory name="Forgotten Debris" DisplayName="Forgotten Debris"/>
      </MarkerCategory>
      <MarkerCategory name="The Desolation" DisplayName="The Desolation">
        <MarkerCategory name="Lost Lore of the Desolation" DisplayName="Lost Lore of the Desolation"/>
        <MarkerCategory name="Acrid Springs Recovery" DisplayName="Acrid Springs Recovery"/>
        <MarkerCategory name="Shadows Provisions" DisplayName="Shadows Provisions"/>
        <MarkerCategory name="Shadow Sprinter" DisplayName="Shadow Sprinter">
          <MarkerCategory name="point"/>
          <MarkerCategory name="Wacther"/>
        </MarkerCategory>
        <MarkerCategory name="Joko's Hidden Chamber" DisplayName="Joko's Hidden Chamber"/>
        <MarkerCategory name="A Family’s Sacrifice" DisplayName="A Family’s Sacrifice"/>
        <MarkerCategory name="A Soaring Stench" DisplayName="A Soaring Stench"/>
        <MarkerCategory name="The Throne of Bones" DisplayName="The Throne of Bones"/>
        <MarkerCategory name="Cleansing Tormented Remnants" DisplayName="Cleansing Tormented Remnants"/>
        <MarkerCategory name="Jackal Reconnaissance" DisplayName="Jackal Reconnaissance"/>
        <MarkerCategory name="Path of the Gods" DisplayName="Path of the Gods">
          <MarkerCategory name="Statue of Dwayna" DisplayName="Statue of Dwayna"/>
          <MarkerCategory name="Statue of Melandru" DisplayName="Statue of Melandru"/>
          <MarkerCategory name="Statue of Lyssa" DisplayName="Statue of Lyssa"/>
          <MarkerCategory name="Statue of Grenth" DisplayName="Statue of Grenth"/>
          <MarkerCategory name="Statue of Balthazar" DisplayName="Statue of Balthazar"/>
          <MarkerCategory name="Statue of Kormir" DisplayName="Statue of Kormir"/>
          <MarkerCategory name="Statue of Abaddon" DisplayName="Statue of Abaddon"/>
        </MarkerCategory>
        <MarkerCategory name="Dance Till You Drop" DisplayName="Dance Till You Drop"/>
      </MarkerCategory>
      <MarkerCategory name="Domain of Vabbi" DisplayName="Domain of Vabbi">
        <MarkerCategory name="Scourge Buster" DisplayName="Scourge Buster"/>
        <MarkerCategory name="Lost Lore of the Domain of Vabbi" DisplayName="Lost Lore of the Domain of Vabbi"/>
        <MarkerCategory name="Praise Joko!" DisplayName="Praise Joko!"/>
      </MarkerCategory>
      <MarkerCategory name="Griffon" DisplayName="Open Skies: Domain of Vabbi"/>
      <MarkerCategory name="Open Skies: Sunspear Sanctuary" DisplayName="Open Skies: Sunspear Sanctuary">
        <MarkerCategory name="Open Skies: Crystal Oasis" DisplayName="Open Skies: Crystal Oasis"/>
        <MarkerCategory name="Open Skies: Elon Riverlands" DisplayName="Open Skies: Elon Riverlands"/>
        <MarkerCategory name="Open Skies: Desert Highlands" DisplayName="Open Skies: Desert Highlands"/>
        <MarkerCategory name="Open Skies: The Desolation" DisplayName="Open Skies: The Desolation"/>
        <MarkerCategory name="Open Skies: Sunspear VVrsdom" DisplayName="Open Skies: Sunspear VVrsdom"/>
        <MarkerCategory name="Open Skies: On Wings and a Prayer" DisplayName="Open Skies: On Wings and a Prayer"/>
      </MarkerCategory>
      <MarkerCategory name="Specialization Collections" DisplayName="Specialization Collections">
        <MarkerCategory name="Expurgation"/>
        <MarkerCategory name="The Cutting Edge" DisplayName="The Cutting Edge"/>
        <MarkerCategory name="Wishing Well" DisplayName="Wishing Well"/>
      </MarkerCategory>
      <MarkerCategory name="Glorify the Golden Heart" DisplayName="Glorify the Golden Heart"/>
      <MarkerCategory name="Treasure"/>
      <MarkerCategory name="Race">
        <MarkerCategory name="Start"/>
        <MarkerCategory name="CheckPoint"/>
        <MarkerCategory name="End"/>
      </MarkerCategory>
      <MarkerCategory name="Bounty">
        <MarkerCategory name="Legendary">
        </MarkerCategory>
        <MarkerCategory name="Champion">
        </MarkerCategory>
      </MarkerCategory>
      <MarkerCategory name="Back item" DisplayName="Raise the Banners: Amnoon Arbitrator">
        <MarkerCategory name="Raise the Banners: Amnoon Independence" DisplayName="Raise the Banners: Amnoon Independence"/>
        <MarkerCategory name="Raise the Banners: Sunspear Support" DisplayName="Raise the Banners: Sunspear Support"/>
        <MarkerCategory name="Raise the Banners: Salute to Palawa Joko" DisplayName="Raise the Banners: Salute to Palawa Joko"/>
      </MarkerCategory>
      <MarkerCategory name="Always Time for Taimi" DisplayName="Always Time for Taimi"/>
      <MarkerCategory name="Serpents' Ire" DisplayName="Serpents' Ire">
        <MarkerCategory name="Defeat the Branded Forgotten zealot" DisplayName="Defeat the Branded Forgotten zealot"/>
        <MarkerCategory name="Defeat the Branded Forgotten zealots before the Branded crystal detonates" DisplayName="Defeat the Branded Forgotten zealots before the Branded crystal detonates"/>
        <MarkerCategory name="Defeat Ysshi Hessani and Pek Rakt Grag" DisplayName="Defeat Ysshi Hessani and Pek Rakt Grag"/>
      </MarkerCategory>
      <MarkerCategory name="The Collection of Tribute" DisplayName="The Collection of Tribute">
        <MarkerCategory name="Ancient Surveyor's Tools" DisplayName="Ancient Surveyor's Tools"/>
        <MarkerCategory name="Bunch of Rare Grapes" DisplayName="Bunch of Rare Grapes"/>
        <MarkerCategory name="Late-Blooming Elon Lily" DisplayName="Late-Blooming Elon Lily"/>
        <MarkerCategory name="Tamarisk Reed" DisplayName="Tamarisk Reed"/>
        <MarkerCategory name="Chunk of Granite" DisplayName="Chunk of Granite"/>
      </MarkerCategory>
    </MarkerCategory>
    <MarkerCategory name="Pact Supply Network Agent" DisplayName="Pact Supply Network Agent"/>
    <MarkerCategory name="Lore"/>
    <MarkerCategory name="Bastion of the Penitent" DisplayName="Bastion of the Penitent">
      <MarkerCategory name="Voice of the Deceased" DisplayName="Voice of the Deceased">
        <MarkerCategory name="1"/>
        <MarkerCategory name="2"/>
        <MarkerCategory name="3"/>
        <MarkerCategory name="4"/>
        <MarkerCategory name="5"/>
        <MarkerCategory name="6"/>
        <MarkerCategory name="7"/>
        <MarkerCategory name="8"/>
        <MarkerCategory name="9"/>
        <MarkerCategory name="10"/>
        <MarkerCategory name="11"/>
        <MarkerCategory name="12"/>
      </MarkerCategory>
    </MarkerCategory>
    <MarkerCategory name="The Silverwastes" DisplayName="The Silverwastes">
      <MarkerCategory name="Go for the Gold" DisplayName="Go for the Gold"/>
    </MarkerCategory>
    <MarkerCategory name="Halloween">
      <MarkerCategory name="Shadow of the Mad King" DisplayName="Shadow of the Mad King">
        <MarkerCategory name="Pumpkin Carving" DisplayName="Pumpkin Carving"/>
        <MarkerCategory name="Shut the Doors" DisplayName="Shut the Doors"/>
        <MarkerCategory name="Mad Memories" DisplayName="Mad Memories"/>
        <MarkerCategory name="Courtly Service" DisplayName="Courtly Service"/>
        <MarkerCategory name="Ancient Grudge" DisplayName="Ancient Grudge"/>
        <MarkerCategory name="Mad Mysteries" DisplayName="Mad Mysteries">
          <MarkerCategory name="1"/>
          <MarkerCategory name="2"/>
          <MarkerCategory name="3"/>
          <MarkerCategory name="4"/>
          <MarkerCategory name="5"/>
          <MarkerCategory name="6"/>
        </MarkerCategory>
        <MarkerCategory name="Mad Mementos" DisplayName="Mad Mementos">
          <MarkerCategory name="1"/>
          <MarkerCategory name="2"/>
          <MarkerCategory name="3"/>
          <MarkerCategory name="4"/>
          <MarkerCategory name="5"/>
          <MarkerCategory name="6"/>
        </MarkerCategory>
        <MarkerCategory name="Mad Memorial" DisplayName="Mad Memorial">
          <MarkerCategory name="1"/>
          <MarkerCategory name="2"/>
          <MarkerCategory name="3"/>
          <MarkerCategory name="4"/>
          <MarkerCategory name="5"/>
          <MarkerCategory name="6"/>
        </MarkerCategory>
      </MarkerCategory>
      <MarkerCategory name="Lunatic Wardrobe" DisplayName="Lunatic Wardrobe">
        <MarkerCategory name="Lunatic Racer" DisplayName="Lunatic Racer"/>
      </MarkerCategory>
      <MarkerCategory name="Lunatic Inquisition" DisplayName="Lunatic Inquisition">
        <MarkerCategory name="Black Goo" DisplayName="Black Goo"/>
        <MarkerCategory name="Torches"/>
        <MarkerCategory name="Web"/>
        <MarkerCategory name="Bones"/>
      </MarkerCategory>
      <MarkerCategory name="Mad King says" DisplayName="Mad King says">
        <MarkerCategory name="Chest"/>
      </MarkerCategory>
      <MarkerCategory name="Halloween Rituals" DisplayName="Halloween Rituals">
        <MarkerCategory name="New Afterlife for Quaggan" DisplayName="New Afterlife for Quaggan"/>
      </MarkerCategory>
      <MarkerCategory name="New Afterlife for Quaggan" DisplayName="New Afterlife for Quaggan"/>
      <MarkerCategory name="Your Mad King says" DisplayName="Your Mad King says"/>
    </MarkerCategory>
    <MarkerCategory name="Tactical">
      <MarkerCategory name="Juvenile Pets" DisplayName="Juvenile Pets">
        <MarkerCategory name="Core">
          <MarkerCategory name="Warthog"/>
        </MarkerCategory>
        <MarkerCategory name="Heart of Thorns" DisplayName="Heart of Thorns">
          <MarkerCategory name="Bristleback"/>
        </MarkerCategory>
        <MarkerCategory name="Path of Fire" DisplayName="Path of Fire">
        </MarkerCategory>
      </MarkerCategory>
    </MarkerCategory>
  </MarkerCategory>
  <MarkerCategory name="Tactical" DisplayName="Tactical" fadeFar="16800" fadeNear="8400" maxSize="256" data-sort="true">
    <MarkerCategory name="Juvenile Pets" DisplayName="Juvenile Pets" iconFile="Data/Tactical/Juvenile Pets.png" heightOffset="3" data-iconFile="Data/Tactical/Juvenile Pets.png">
      <MarkerCategory name="Core" data-allowsub="true" data-sort="true">
        <MarkerCategory name="Lynx"/>
        <MarkerCategory name="Warthog"/>
      </MarkerCategory>
    </MarkerCategory>
  </MarkerCategory>
</OverlayData>