<OverlayData>
  <MarkerCategory name="temp" fadeFar="16800" fadeNear="8400" data-allowsub="true">
    <MarkerCategory name="Letters from E" DisplayName="Letters from E"/>
    <MarkerCategory name="Flashpoint">
      <MarkerCategory name="Burnin’ Down the House" DisplayName="Burnin’ Down the House"/>
      <MarkerCategory name="Rock Collector" DisplayName="Rock Collector"/>
      <MarkerCategory name="Druid Stone" DisplayName="Druid Stone">
        <MarkerCategory name="The Druid Stone" DisplayName="The Druid Stone"/>
        <MarkerCategory name="Awakening the Druid Stone" DisplayName="Awakening the Druid Stone"/>
        <MarkerCategory name="Sprouting the Druid Stone" DisplayName="Sprouting the Druid Stone"/>
        <MarkerCategory name="A Henge Away from Home" DisplayName="A Henge Away from Home"/>
      </MarkerCategory>
    </MarkerCategory>
    <MarkerCategory name="MapSpecific">
      <MarkerCategory name="Treasure Mushroom" DisplayName="Treasure Mushroom"/>
      <MarkerCategory name="Champion"/>
    </MarkerCategory>
    <MarkerCategory name="Chinese 中文" DisplayName="Chinese 中文"/>
    <MarkerCategory name="Side Stories" DisplayName="Side Stories">
      <MarkerCategory name="Bloodstone Sightings" DisplayName="Bloodstone Sightings"/>
    </MarkerCategory>
    <MarkerCategory name="Raid">
      <MarkerCategory name="Sloth">
        <MarkerCategory name="1"/>
        <MarkerCategory name="2"/>
        <MarkerCategory name="3"/>
        <MarkerCategory name="4"/>
      </MarkerCategory>
    </MarkerCategory>
    <MarkerCategory name="Aurora">
      <MarkerCategory name="Aurora II: Empowering" DisplayName="Aurora II: Empowering"/>
    </MarkerCategory>
    <MarkerCategory name="Path of Fire" DisplayName="Path of Fire">
      <MarkerCategory name="1" data-allowsub="true">
      </MarkerCategory>
      <MarkerCategory name="2">
        <MarkerCategory name="Crystalline Memories" data-allowsub="true" DisplayName="Crystalline Memories">
          <MarkerCategory name="All the Essences" DisplayName="All the Essences"/>
        </MarkerCategory>
        <MarkerCategory name="Hallowed Ground" data-allowsub="true" DisplayName="Hallowed Ground">
        </MarkerCategory>
        <MarkerCategory name="Facing the Truth" data-allowsub="true" DisplayName="Facing the Truth">
          <MarkerCategory name="Wedge Symbol" DisplayName="Wedge Symbol"/>
          <MarkerCategory name="Seeker of Truth and Knowledge" DisplayName="Seeker of Truth and Knowledge"/>
          <MarkerCategory name="Goddess of Secrets" DisplayName="Goddess of Secrets"/>
        </MarkerCategory>
        <MarkerCategory name="The Way Forward" data-allowsub="true" DisplayName="The Way Forward">
          <MarkerCategory name="Walk a Fine Line" DisplayName="Walk a Fine Line">
            <MarkerCategory name="Point"/>
          </MarkerCategory>
        </MarkerCategory>
      </MarkerCategory>
      <MarkerCategory name="3" data-allowsub="true">
        <MarkerCategory name="The Departing" DisplayName="The Departing">
          <MarkerCategory name="The Judge" DisplayName="The Judge"/>
          <MarkerCategory name="Joko"/>
          <MarkerCategory name="Boss"/>
          <MarkerCategory name="Name"/>
          <MarkerCategory name="Search for Weapons" DisplayName="Search for Weapons"/>
          <MarkerCategory name="The Whole Story" DisplayName="The Whole Story"/>
        </MarkerCategory>
        <MarkerCategory name="Beast of War" DisplayName="Beast of War">
          <MarkerCategory name="Destroy Additional Pylons" DisplayName="Destroy Additional Pylons"/>
        </MarkerCategory>
        <MarkerCategory name="Enemy of My Enemy" DisplayName="Enemy of My Enemy">
          <MarkerCategory name="1">
          </MarkerCategory>
          <MarkerCategory name="2 The Troopmarshal" DisplayName="2 The Troopmarshal">
            <MarkerCategory name="Explosives Expert" DisplayName="Explosives Expert"/>
            <MarkerCategory name="Mummy Legion" DisplayName="Mummy Legion"/>
            <MarkerCategory name="Master of Mummies" DisplayName="Master of Mummies"/>
          </MarkerCategory>
          <MarkerCategory name="3 The Beastmarshal" DisplayName="3 The Beastmarshal">
          </MarkerCategory>
          <MarkerCategory name="4">
          </MarkerCategory>
        </MarkerCategory>
      </MarkerCategory>
      <MarkerCategory name="Crystal Oasis" DisplayName="Crystal Oasis">
        <MarkerCategory name="Lost Lore of Crystal Oasis" DisplayName="Lost Lore of Crystal Oasis"/>
        <MarkerCategory name="Priory Historian Elisa" DisplayName="Priory Historian Elisa">
          <MarkerCategory name="Roads Less Traveled" DisplayName="Roads Less Traveled"/>
          <MarkerCategory name="Recitation of the Litany of Deeds" DisplayName="Recitation of the Litany of Deeds"/>
        </MarkerCategory>
        <MarkerCategory name="Bleached Bones" DisplayName="Bleached Bones"/>
        <MarkerCategory name="Casino Blits" DisplayName="Casino Blits">
          <MarkerCategory name="1"/>
          <MarkerCategory name="2"/>
          <MarkerCategory name="3"/>
          <MarkerCategory name="Boss"/>
        </MarkerCategory>
      </MarkerCategory>
      <MarkerCategory name="Desert Highlands" DisplayName="Desert Highlands">
        <MarkerCategory name="Lost Lore of Desert Highlands" DisplayName="Lost Lore of Desert Highlands"/>
        <MarkerCategory name="Dwarven Remnants" DisplayName="Dwarven Remnants"/>
        <MarkerCategory name="Carrot Collector" DisplayName="Carrot Collector"/>
        <MarkerCategory name="Hidden Carrot Hunt" DisplayName="Hidden Carrot Hunt"/>
      </MarkerCategory>
      <MarkerCategory name="Elon Riverlands" DisplayName="Elon Riverlands">
        <MarkerCategory name="Lost Lore of Elon Riverlands" DisplayName="Lost Lore of Elon Riverlands"/>
        <MarkerCategory name="Equipment Tracker" DisplayName="Equipment Tracker"/>
        <MarkerCategory name="Flameseeker Prophecies" DisplayName="Flameseeker Prophecies">
          <MarkerCategory name="Forgotten Light" DisplayName="Forgotten Light"/>
        </MarkerCategory>
        <MarkerCategory name="Ghostly Trio" DisplayName="Ghostly Trio">
          <MarkerCategory name="path"/>
        </MarkerCategory>
        <MarkerCategory name="Forgotten Debris" DisplayName="Forgotten Debris"/>
      </MarkerCategory>
      <MarkerCategory name="The Desolation" DisplayName="The Desolation">
        <MarkerCategory name="Lost Lore of the Desolation" DisplayName="Lost Lore of the Desolation"/>
        <MarkerCategory name="Acrid Springs Recovery" DisplayName="Acrid Springs Recovery"/>
        <MarkerCategory name="Shadows Provisions" DisplayName="Shadows Provisions"/>
      </MarkerCategory>
      <MarkerCategory name="Domain of Vabbi" DisplayName="Domain of Vabbi">
        <MarkerCategory name="Scourge Buster" DisplayName="Scourge Buster"/>
        <MarkerCategory name="Lost Lore of the Domain of Vabbi" DisplayName="Lost Lore of the Domain of Vabbi"/>
        <MarkerCategory name="Praise Joko!" DisplayName="Praise Joko!"/>
      </MarkerCategory>
      <MarkerCategory name="Griffon" DisplayName="Open Skies: Domain of Vabbi"/>
      <MarkerCategory name="Open Skies: Sunspear Sanctuary" DisplayName="Open Skies: Sunspear Sanctuary">
        <MarkerCategory name="Open Skies: Crystal Oasis" DisplayName="Open Skies: Crystal Oasis"/>
        <MarkerCategory name="Open Skies: Elon Riverlands" DisplayName="Open Skies: Elon Riverlands"/>
        <MarkerCategory name="Open Skies: Desert Highlands" DisplayName="Open Skies: Desert Highlands"/>
        <MarkerCategory name="Open Skies: The Desolation" DisplayName="Open Skies: The Desolation"/>
        <MarkerCategory name="Open Skies: Sunspear VVrsdom" DisplayName="Open Skies: Sunspear VVrsdom"/>
        <MarkerCategory name="Open Skies: On Wings and a Prayer" DisplayName="Open Skies: On Wings and a Prayer"/>
      </MarkerCategory>
      <MarkerCategory name="Specialization Collections" DisplayName="Specialization Collections">
        <MarkerCategory name="Expurgation"/>
        <MarkerCategory name="The Cutting Edge" DisplayName="The Cutting Edge"/>
      </MarkerCategory>
      <MarkerCategory name="Glorify the Golden Heart" DisplayName="Glorify the Golden Heart"/>
      <MarkerCategory name="Treasure"/>
      <MarkerCategory name="Race">
        <MarkerCategory name="Start"/>
        <MarkerCategory name="CheckPoint"/>
        <MarkerCategory name="End"/>
      </MarkerCategory>
      <MarkerCategory name="Back item" DisplayName="Raise the Banners: Amnoon Arbitrator">
        <MarkerCategory name="Raise the Banners: Amnoon Independence" DisplayName="Raise the Banners: Amnoon Independence"/>
        <MarkerCategory name="Raise the Banners: Sunspear Support" DisplayName="Raise the Banners: Sunspear Support"/>
        <MarkerCategory name="Raise the Banners: Salute to Palawa Joko" DisplayName="Raise the Banners: Salute to Palawa Joko"/>
      </MarkerCategory>
    </MarkerCategory>
  </MarkerCategory>
</OverlayData>