<OverlayData>
  <MarkerCategory name="jumpingpuzzle" DisplayName="Jumping Puzzles" fadeFar="25200" fadeNear="16800" iconFile="Data/Jumping Puzzles.png" iconSize="0.75" maxSize="256" data-class="fade-max" data-iconFile="Data/jpguide.png" triggerRange="5">
    <MarkerCategory name="CheckPoint" DisplayName="Check Point" iconFile="Data/jumpingpuzzle/CheckPoint.png" data-iconFile="Data/jumpingpuzzle/CheckPoint.png"/>
    <MarkerCategory name="Start" iconFile="Data/jumpingpuzzle/Start.png" iconSize="1.5" data-iconFile="Data/jpstart.png"/>
    <MarkerCategory name="Point" iconFile="Data/jumpingpuzzle/Point.png" heightOffset="1" data-iconFile="Data/jumpingpuzzle/Point.png"/>
    <MarkerCategory name="End" iconFile="Data/jumpingpuzzle/End.png" data-iconFile="Data/jumpingpuzzle/End.png"/>
  </MarkerCategory>
  <POIs>
    <POI MapID="1175" xpos="-537.332" ypos="153.017" zpos="-142.553" type="jumpingpuzzle.checkpoint" GUID="7bLyp1OS/UCyFTWlEvaz4g=="/>
    <POI MapID="1175" xpos="-543.018" ypos="207.395" zpos="-36.1302" type="jumpingpuzzle.checkpoint" GUID="KP6dJrlyr0+tq7sKmAGtrw=="/>
    <POI MapID="1175" xpos="-496.092" ypos="214.985" zpos="-199.35" type="jumpingpuzzle.checkpoint" GUID="VWSVO1PoPU+wZm+BMqfqRQ=="/>
    <POI MapID="1175" xpos="-442.938" ypos="240.549" zpos="-72.4385" type="jumpingpuzzle.checkpoint" GUID="Av1unokR0EafFfoqOplEhQ=="/>
    <POI MapID="1185" xpos="-179.548" ypos="86.2054" zpos="654.015" type="jumpingpuzzle.start" GUID="PmtV7lZNOUG6bNjIqPDYlw=="/>
    <POI MapID="1185" xpos="260.693" ypos="40.4573" zpos="-452.104" type="jumpingpuzzle.start" GUID="PGuTTFdEEkG/AuGcvyJKjw=="/>
    <POI MapID="65" xpos="731.51" ypos="-2.59384" zpos="-378.026" type="jumpingpuzzle.start" GUID="nRCJ67PivEihVmIFT+0hxA=="/>
    <POI MapID="65" xpos="732.364" ypos="25.973" zpos="-512.729" type="jumpingpuzzle.start" GUID="4rx+wNP9xEOs48P83Kv86Q=="/>
    <POI MapID="1099" xpos="-808.175" ypos="46.232" zpos="488.868" type="jumpingpuzzle.start" GUID="44guQvwgNU+dQzUrr25K6g=="/>
    <POI MapID="95" xpos="-647.878" ypos="30.784" zpos="490.103" type="jumpingpuzzle.point" GUID="T1zd5vzFJ0mcNGAJLors9w=="/>
    <POI MapID="95" xpos="-707.566" ypos="32.0717" zpos="429.047" type="jumpingpuzzle.point" GUID="VZ0BxseEsEyAtQzeNiyebQ=="/>
    <POI MapID="95" xpos="-702.081" ypos="12.9671" zpos="430.997" type="jumpingpuzzle.point" GUID="QmA7OaReCEmYur/XU5tl/A=="/>
    <POI MapID="1099" xpos="-803.237" ypos="47.5824" zpos="478.943" type="jumpingpuzzle.point" GUID="yhJlnssbc0SE8DBfZG/JMQ=="/>
    <POI MapID="1099" xpos="-800.607" ypos="39.3831" zpos="481.526" type="jumpingpuzzle.point" GUID="NHSYZgo9JUWWOegqiS2t9Q=="/>
    <POI MapID="1203" xpos="588.788" ypos="5.41592" zpos="232.41" type="jumpingpuzzle.start" GUID="Nh3/RTxwUECLfYElBhHudg=="/>
    <POI MapID="1203" xpos="533.712" ypos="49.3075" zpos="178.572" type="jumpingpuzzle.point" GUID="T8hSsnj2ZEeWZbaewcpYpg=="/>
    <POI MapID="1203" xpos="558.079" ypos="82.4315" zpos="209.258" type="jumpingpuzzle.point" GUID="PtojBFfH6EOH55CsLhSHDg=="/>
    <POI MapID="1203" xpos="576.979" ypos="79.1341" zpos="196.049" type="jumpingpuzzle.point" GUID="Xn7YPCmRTEW7x5GSvFDUbA=="/>
    <POI MapID="1203" xpos="624.433" ypos="80.7255" zpos="158.473" type="jumpingpuzzle.point" GUID="tdTnSk/gq06uizmTyO+E5A=="/>
    <POI MapID="1203" xpos="600.939" ypos="94.5916" zpos="97.3553" type="jumpingpuzzle.point" GUID="36gMi7ldYUGCJmHyXglTmw=="/>
    <POI MapID="1203" xpos="586.01" ypos="93.5193" zpos="106.971" type="jumpingpuzzle.point" GUID="BtaeIqwawkGH+F4Ssi0R/A=="/>
    <POI MapID="1203" xpos="549.108" ypos="104.694" zpos="98.0738" type="jumpingpuzzle.point" GUID="LexbASYpfkq22+EcQ6WW2Q=="/>
    <POI MapID="1203" xpos="584.445" ypos="113.8" zpos="106.482" type="jumpingpuzzle.point" GUID="aZMs7gpYdEus7EZDX8i8mw=="/>
    <POI MapID="1203" xpos="539.64" ypos="136.182" zpos="107.73" type="jumpingpuzzle.point" GUID="WSY9T5uvuUq090qO6/aaIQ=="/>
    <POI MapID="1203" xpos="550.168" ypos="158.767" zpos="116.855" type="jumpingpuzzle.point" GUID="v4++3b1CzkGdBmHFXp7XVA=="/>
    <POI MapID="1203" xpos="571.288" ypos="157.548" zpos="120.056" type="jumpingpuzzle.point" GUID="NXEVxl6t/UW8xNmhcNCeFg=="/>
    <POI MapID="1203" xpos="516.256" ypos="178.804" zpos="156.542" type="jumpingpuzzle.point" GUID="aSutyOYRZkavHCLvAHbAlg=="/>
    <POI MapID="1203" xpos="523.776" ypos="185.15" zpos="170.568" type="jumpingpuzzle.point" GUID="01PE8HO320KiBkTnyKx/tQ=="/>
    <POI MapID="1203" xpos="518.22" ypos="186.705" zpos="175.292" type="jumpingpuzzle.point" GUID="/yUPe6caxEGceGEtVcXYSg=="/>
    <POI MapID="1203" xpos="566.231" ypos="174.321" zpos="191.243" type="jumpingpuzzle.point" GUID="3WxFTyIhIk2bcRUU7OgTKg=="/>
    <POI MapID="1203" xpos="584.149" ypos="181.182" zpos="201.195" type="jumpingpuzzle.point" GUID="XdfHGFbGSUKOgPsOdga9MA=="/>
    <POI MapID="1203" xpos="569.648" ypos="193.022" zpos="189.506" type="jumpingpuzzle.point" GUID="pq5xBpGmH0eZhdZ+ANRFhA=="/>
    <POI MapID="1203" xpos="579.049" ypos="192.547" zpos="182.985" type="jumpingpuzzle.point" GUID="Mcq6VCT/gku5E0/x7fOfgw=="/>
    <POI MapID="1203" xpos="602.249" ypos="192.995" zpos="177.294" type="jumpingpuzzle.point" GUID="GsQj4YHT5EeVtWmSp4/6ZQ=="/>
    <POI MapID="1203" xpos="615" ypos="200.51" zpos="174.703" type="jumpingpuzzle.point" GUID="VSHvxOoqzUSYBiA4mVoe+A=="/>
    <POI MapID="1203" xpos="580.68" ypos="247.005" zpos="209.635" type="jumpingpuzzle.point" GUID="6jvIBP0ZB0CAuG/IyJX04Q=="/>
    <POI MapID="1203" xpos="634.483" ypos="208.19" zpos="118.034" type="jumpingpuzzle.point" GUID="M4xYCEMAckKsE+gJhKr9Eg=="/>
    <POI MapID="1203" xpos="620.248" ypos="207.826" zpos="100.881" type="jumpingpuzzle.point" GUID="Vf1cSCDrtESUfsTAvGfL3g=="/>
    <POI MapID="1203" xpos="614.697" ypos="222.234" zpos="117.189" type="jumpingpuzzle.point" GUID="wsD0ZmV32kuFv44rkCMfKw=="/>
    <POI MapID="1203" xpos="562.752" ypos="256.612" zpos="126.412" type="jumpingpuzzle.point" GUID="4l5oSNKdk0Gvu/t2uGqCtQ=="/>
    <POI MapID="1203" xpos="616.671" ypos="242.763" zpos="117.495" type="jumpingpuzzle.point" GUID="3XcaYd7ltUC4JCEJ1Ougfg=="/>
    <POI MapID="1203" xpos="618.346" ypos="260.092" zpos="147.483" type="jumpingpuzzle.point" GUID="OaNqRuZMtEKBe7LPzfCu7Q=="/>
    <POI MapID="1203" xpos="594.508" ypos="260.234" zpos="148.925" type="jumpingpuzzle.point" GUID="VVS7KeQdh0qLOjcfzApayg=="/>
    <POI MapID="1203" xpos="582.282" ypos="277.733" zpos="146.931" type="jumpingpuzzle.point" GUID="BM2haiVOvUens2vETczb/g=="/>
    <POI MapID="1203" xpos="605.747" ypos="279.981" zpos="133.348" type="jumpingpuzzle.point" GUID="dAf8loffk0ONH2za9s7vIQ=="/>
    <POI MapID="1203" xpos="558.329" ypos="290.129" zpos="114.77" type="jumpingpuzzle.point" GUID="v0iGXiQSskeKN88PWgkR4A=="/>
    <POI MapID="1203" xpos="550.085" ypos="290.248" zpos="128.1" type="jumpingpuzzle.point" GUID="/UJpHJit40qbhdPShLCc8A=="/>
    <POI MapID="1203" xpos="536.046" ypos="303.667" zpos="128.737" type="jumpingpuzzle.point" GUID="6nEl/MEzeUaS62E0U83tWg=="/>
    <POI MapID="1203" xpos="540.047" ypos="295.632" zpos="120.02" type="jumpingpuzzle.point" GUID="9RdroxKFP0aATxQkZaqQ0g=="/>
    <POI MapID="1203" xpos="565.318" ypos="296.444" zpos="115.452" type="jumpingpuzzle.point" GUID="Bw984Ud990WXYrOovoTJ0Q=="/>
    <POI MapID="1203" xpos="582.532" ypos="292.27" zpos="122.414" type="jumpingpuzzle.point" GUID="jEuu1+h7r0WF22WYG+ZeEQ=="/>
    <POI MapID="1203" xpos="551.27" ypos="316.958" zpos="118.712" type="jumpingpuzzle.point" GUID="W8qkSZ+3bEST9DhezLn3/Q=="/>
    <POI MapID="1203" xpos="532.402" ypos="311.938" zpos="122.304" type="jumpingpuzzle.point" GUID="lcwbGR1Qg0266LPx2Q5+3A=="/>
    <POI MapID="1203" xpos="511.223" ypos="302.55" zpos="121.092" type="jumpingpuzzle.point" GUID="p8mp5aU86Ue234AjKp+pXA=="/>
    <POI MapID="1203" xpos="509.9" ypos="306.265" zpos="125.562" type="jumpingpuzzle.point" GUID="ng41Na2gfUOkhpH7HTjL2w=="/>
    <POI MapID="1203" xpos="483.799" ypos="305.104" zpos="124.88" type="jumpingpuzzle.point" GUID="6LiIpj5I9U2fW+GI0vGaWQ=="/>
    <POI MapID="1203" xpos="495.394" ypos="301.262" zpos="142.323" type="jumpingpuzzle.point" GUID="bOGUOlZojUSAELKs+TQGkg=="/>
    <POI MapID="1203" xpos="486.555" ypos="302.811" zpos="172.879" type="jumpingpuzzle.point" GUID="oX5r+fryD02WqXYBMkDdEg=="/>
    <POI MapID="1203" xpos="514.078" ypos="298.356" zpos="173.037" type="jumpingpuzzle.point" GUID="L0cfKrHofUiArHMYOmTvxQ=="/>
    <POI MapID="1203" xpos="522.859" ypos="307.786" zpos="172.445" type="jumpingpuzzle.point" GUID="vsozJbH64ESE5fm6GJptJg=="/>
    <POI MapID="1203" xpos="516.852" ypos="309.758" zpos="170.855" type="jumpingpuzzle.point" GUID="U3bZ+cV5Y0Wu7nZX0GJE7A=="/>
    <POI MapID="1203" xpos="534.919" ypos="314.915" zpos="166.74" type="jumpingpuzzle.point" GUID="8gkk7tDgpEycI5LJw/Nw2g=="/>
    <POI MapID="1203" xpos="537.706" ypos="324.458" zpos="162.083" type="jumpingpuzzle.point" GUID="eRJ0+TebfkyERUOML+ptKw=="/>
    <POI MapID="1203" xpos="519.932" ypos="322.184" zpos="168.394" type="jumpingpuzzle.point" GUID="Yg6AEdWYLECp8nyIb9+/TA=="/>
    <POI MapID="1203" xpos="514.851" ypos="323.694" zpos="171.246" type="jumpingpuzzle.point" GUID="NQBztPJac0mMz2lEkHlEMw=="/>
    <POI MapID="1203" xpos="494.877" ypos="331.787" zpos="151.247" type="jumpingpuzzle.point" GUID="ePaHFrRytEOlx8LyRThSpA=="/>
    <POI MapID="1203" xpos="501.963" ypos="336.249" zpos="140.401" type="jumpingpuzzle.point" GUID="BijjlTbkFEaxqW4ZkAVpqw=="/>
    <POI MapID="1203" xpos="525.872" ypos="355.235" zpos="155.984" type="jumpingpuzzle.point" GUID="CXVPZIPNIky41X2g/GQEMg=="/>
    <POI MapID="1203" xpos="508.236" ypos="352.747" zpos="149.909" type="jumpingpuzzle.point" GUID="kjb9FLuB30uRMqdQO4F7nQ=="/>
    <POI MapID="1203" xpos="509.81" ypos="356.356" zpos="158.689" type="jumpingpuzzle.point" GUID="5jUQYI2v3EGRPG3UnAdcKA=="/>
    <POI MapID="1203" xpos="568.892" ypos="356.471" zpos="159.922" type="jumpingpuzzle.point" GUID="L3BpaUvQp0aIN9tYHaDiog=="/>
    <POI MapID="1203" xpos="589.553" ypos="364.181" zpos="175.486" type="jumpingpuzzle.point" GUID="xRWukc4lVESLlR5n0eOY2Q=="/>
    <POI MapID="1203" xpos="580.996" ypos="363.021" zpos="159.531" type="jumpingpuzzle.point" GUID="2Ou6Vw4OgkCU6uVw29y7NA=="/>
    <POI MapID="1203" xpos="590.235" ypos="372.691" zpos="156.753" type="jumpingpuzzle.point" GUID="nybWWwWSrk+IHyKHQ9tjcQ=="/>
    <POI MapID="1203" xpos="619.914" ypos="364.96" zpos="142.764" type="jumpingpuzzle.point" GUID="qH7PyiDUXkakIF0Ny6H1+Q=="/>
    <POI MapID="1203" xpos="615.743" ypos="364.847" zpos="130.695" type="jumpingpuzzle.point" GUID="49Rgjxi7b0SpmYH5ZWGFBQ=="/>
    <POI MapID="1203" xpos="610.47" ypos="368.999" zpos="130.269" type="jumpingpuzzle.point" GUID="Lp0dtiA0UUOJ+QcsPwm3Ag=="/>
    <POI MapID="1203" xpos="604.468" ypos="368.903" zpos="124.948" type="jumpingpuzzle.point" GUID="YXwxVdgvvkSQXIudhvjJyQ=="/>
    <POI MapID="1203" xpos="599.457" ypos="373.037" zpos="134.336" type="jumpingpuzzle.point" GUID="X+U39gAY5UOlrqho2wde6w=="/>
    <POI MapID="1203" xpos="606.558" ypos="375.663" zpos="127.77" type="jumpingpuzzle.point" GUID="oAnes8pMIU+yGEwViU5aMA=="/>
    <POI MapID="1203" xpos="615.815" ypos="376.443" zpos="131.679" type="jumpingpuzzle.point" GUID="4vgJnFO32kSocobiT7NUKA=="/>
    <POI MapID="1203" xpos="609.834" ypos="386.832" zpos="142.188" type="jumpingpuzzle.point" GUID="3Ck/ZWYoUkCnRexJsDHD+Q=="/>
    <POI MapID="1203" xpos="611.161" ypos="392.404" zpos="145.861" type="jumpingpuzzle.point" GUID="zH8RDm5q902iZy2BVwvk8Q=="/>
    <POI MapID="1203" xpos="611.333" ypos="395.991" zpos="137.935" type="jumpingpuzzle.point" GUID="BPocM7hSMkSq4MIpNdeM0A=="/>
    <POI MapID="1203" xpos="600.781" ypos="396.205" zpos="128.524" type="jumpingpuzzle.point" GUID="v6gPQMW/O0OOeqRWuxIbgQ=="/>
    <POI MapID="1203" xpos="580.846" ypos="404.329" zpos="137.334" type="jumpingpuzzle.point" GUID="9LnxcYZI9kugNWQQ331P6g=="/>
    <POI MapID="1203" xpos="563.323" ypos="410.269" zpos="143.02" type="jumpingpuzzle.point" GUID="9cTusjZBAkKI2wqLZHrJ3g=="/>
    <POI MapID="1203" xpos="523.52" ypos="402.145" zpos="123.556" type="jumpingpuzzle.point" GUID="msD5Zlv4m024A/+JD64OlQ=="/>
    <POI MapID="1203" xpos="515.088" ypos="401.695" zpos="124.377" type="jumpingpuzzle.point" GUID="iSokMwtP+UWAQDqLZhZQag=="/>
    <POI MapID="1203" xpos="508.329" ypos="396.676" zpos="143.364" type="jumpingpuzzle.point" GUID="JnR76dMGeUKjVyKGZDZh/A=="/>
    <POI MapID="1203" xpos="505.441" ypos="404.288" zpos="145.845" type="jumpingpuzzle.point" GUID="n44Jas148UWZbgcPOzWb6A=="/>
    <POI MapID="1203" xpos="508.804" ypos="406.431" zpos="139.302" type="jumpingpuzzle.point" GUID="HumdNTjGuESaYoXLfZgLBg=="/>
    <POI MapID="1203" xpos="512.832" ypos="407.328" zpos="126.812" type="jumpingpuzzle.point" GUID="Wnq97AYs5EWF7WCL1uusbQ=="/>
    <POI MapID="1203" xpos="530.973" ypos="411.162" zpos="128.641" type="jumpingpuzzle.point" GUID="EX057ls7g0K2aIe9c0o0ug=="/>
    <POI MapID="1203" xpos="549.413" ypos="418.513" zpos="128.669" type="jumpingpuzzle.point" GUID="VO808jG7Ckms5qf9xHH8mw=="/>
    <POI MapID="1203" xpos="561.119" ypos="419.471" zpos="127.541" type="jumpingpuzzle.point" GUID="lDraK9tKbUm0ZxTHy/fXVw=="/>
    <POI MapID="1203" xpos="555.852" ypos="424.505" zpos="131.601" type="jumpingpuzzle.point" GUID="AGSP7yBX1EKcqZYGgFkWoQ=="/>
    <POI MapID="1203" xpos="546.094" ypos="422.657" zpos="125.058" type="jumpingpuzzle.point" GUID="kX618feUS0mIdp5LYn96bQ=="/>
    <POI MapID="1203" xpos="520.101" ypos="417.874" zpos="116.923" type="jumpingpuzzle.point" GUID="usdUV36A102TsmjeUYZHbQ=="/>
    <POI MapID="1203" xpos="512.964" ypos="418.397" zpos="125.778" type="jumpingpuzzle.point" GUID="Zxi6LoDvN0qQK1uvmGynwQ=="/>
    <POI MapID="1203" xpos="520.896" ypos="436.386" zpos="149.395" type="jumpingpuzzle.point" GUID="/StJcPuz2Ei+Lt+chjLvgQ=="/>
    <POI MapID="1203" xpos="535.46" ypos="446.587" zpos="142.016" type="jumpingpuzzle.point" GUID="ICjYU8Vnr0WKz/PCuGe9oA=="/>
    <POI MapID="1203" xpos="527.013" ypos="450.322" zpos="131.438" type="jumpingpuzzle.point" GUID="uJpezZcSHUORrVm4ApuE9g=="/>
    <POI MapID="1203" xpos="523.544" ypos="451.12" zpos="135.26" type="jumpingpuzzle.point" GUID="KRfxAKCt8EiR1gVRqKk61A=="/>
    <POI MapID="1203" xpos="522.774" ypos="456.359" zpos="142.594" type="jumpingpuzzle.point" GUID="fQr707coMEeARAcOnjOOxg=="/>
    <POI MapID="1203" xpos="529.006" ypos="465.265" zpos="135.965" type="jumpingpuzzle.point" GUID="8sbLVka2r0+QX8kjAmAz2g=="/>
    <POI MapID="1203" xpos="537.826" ypos="466.273" zpos="133.562" type="jumpingpuzzle.point" GUID="r8XWr00nU0mTPTOeQF29Kg=="/>
    <POI MapID="1203" xpos="533.737" ypos="470.731" zpos="148.89" type="jumpingpuzzle.point" GUID="aKdYGurFkki5cnNeClj8JA=="/>
    <POI MapID="1203" xpos="535.037" ypos="479.565" zpos="135.2" type="jumpingpuzzle.point" GUID="Wap3uLlK00u4zSXxAuztGg=="/>
    <POI MapID="1203" xpos="537.504" ypos="482.248" zpos="144.987" type="jumpingpuzzle.point" GUID="acH8k/suC0KtcYzskcwObg=="/>
    <POI MapID="1203" xpos="533.77" ypos="489.295" zpos="149.38" type="jumpingpuzzle.point" GUID="IFOSFGOCsUmglQ7nO3rCzA=="/>
    <POI MapID="1203" xpos="540.161" ypos="488.701" zpos="164" type="jumpingpuzzle.point" GUID="b9/AXA2rZEWuPlZAmFU5xA=="/>
    <POI MapID="1203" xpos="542.643" ypos="511.341" zpos="202.412" type="jumpingpuzzle.point" GUID="tS6VKaDcgkKBSW26oTPNTg=="/>
    <POI MapID="1203" xpos="581.974" ypos="510.509" zpos="98.3267" type="jumpingpuzzle.point" GUID="lljHLx3xi0GhApcrg0zEnA=="/>
    <POI MapID="50" xpos="-484.528" ypos="77.5902" zpos="277.511" type="jumpingpuzzle.end" GUID="RHksfowLQEyhaI/yf4t0EA=="/>
    <POI MapID="50" xpos="-477.877" ypos="84.2113" zpos="364.172" type="jumpingpuzzle.checkpoint" GUID="BulYki3d7ESJx0nFLL9XSw=="/>
    <POI MapID="50" xpos="-394.851" ypos="40.061" zpos="124.644" type="jumpingpuzzle.checkpoint" GUID="1C33jhEtEk6ZqLdcOVWUGg=="/>
    <POI MapID="50" xpos="-328.832" ypos="31.8695" zpos="72.9432" type="jumpingpuzzle.checkpoint" GUID="kibSjtUE2UmoVBsZ681F7g=="/>
    <POI MapID="50" xpos="-169.68" ypos="37.5655" zpos="32.4075" type="jumpingpuzzle.checkpoint" GUID="kYP8GZ7AjkuxFAgayvyGfw=="/>
  </POIs>
</OverlayData>