<OverlayData>
  <MarkerCategory name="Chest" iconFile="Data/Chest.png" data-class="fade-1 poi-chest" data-iconFile="Data/Chest.png" heightOffset="1.6" fadeFar="16800" fadeNear="8400">
    <MarkerCategory name="Permanent"/>
    <MarkerCategory name="Meta" fadeFar="8400" fadeNear="2100" behavior="4" resetLength="30" heightOffset="3.5" iconFile="Data/Chest-Meta.png" data-iconFile="Data/Chest-Meta.png"/>
    <MarkerCategory name="MapSpecific" DisplayName="Map Specific" data-allowsub="true" data-class="fade-7" iconFile="Data/Chest-MapSpecific.png" data-iconFile="Data/Chest-MapSpecific.png" fadeFar="10500" fadeNear="4200">
      <MarkerCategory name="KeyRequired" iconFile="Data/Chest/MapSpecific.KeyRequired.png" data-iconFile="Data/Chest/MapSpecific.KeyRequired.png"/>
      <MarkerCategory name="TangledDepths" DisplayName="Tangled Depths" iconFile="data/leylinecrystal.png"/>
      <MarkerCategory name="VerdantBrink" DisplayName="Verdant Brink" iconFile="data/airshippart.png"/>
      <MarkerCategory name="Treasure" data-class="fade-max size-0.5" iconFile="Data/Chest/MapSpecific/Treasure.png" data-iconFile="Data/Chest/MapSpecific/Treasure.png" iconSize="0.5" fadeFar="25200" fadeNear="16800"/>
    </MarkerCategory>
    <MarkerCategory name="Skritt" heightOffset="3" iconFile="Data/Chest/Skritt.png" data-iconFile="Data/Chest/Skritt.png"/>
  </MarkerCategory>
  <POIs>
    <POI MapID="19" xpos="1212.46" ypos="45.9487" zpos="602.448" type="chest.permanent" GUID="9SEnzyn5/0Gb3M0ZZvDZGQ=="/>
    <POI MapID="19" xpos="304.555" ypos="0.311448" zpos="-508.276" type="chest.permanent" GUID="pNwnx7ItEEehHDDyQ0MedQ=="/>
    <POI MapID="19" xpos="-723.587" ypos="0.377526" zpos="496.669" type="chest.permanent" GUID="dRetnB/oMkKFllwPtRCtpA=="/>
    <POI MapID="19" xpos="-1086.13" ypos="39.5101" zpos="-325.138" type="chest.permanent" GUID="Z3cIy0dpnEqx2sp3+QR4wQ=="/>
    <POI MapID="19" xpos="-556.665" ypos="0.302407" zpos="60.0461" type="chest.meta" GUID="Eh0zLfeqdEWFGMoOUdb0dA=="/>
    <POI MapID="20" xpos="28.8794" ypos="37.0037" zpos="-861.371" type="chest.meta" GUID="Gr7M6dh5FkS57GoXGD2ZOw=="/>
    <POI MapID="20" xpos="-281.854" ypos="3.27676" zpos="922.492" type="chest.meta" GUID="9Z6fie2HAUasW97cSnCgIQ=="/>
    <POI MapID="21" xpos="322.37" ypos="57.3302" zpos="-200.531" type="chest.meta" GUID="QEUrXBmC7EKtwbYYA7r9EQ=="/>
    <POI MapID="22" xpos="-956.459" ypos="74.05" zpos="-646.603" type="chest.permanent" GUID="bxgq1S56GEeENJNvxbCOhA=="/>
    <POI MapID="22" xpos="-427.664" ypos="59.0202" zpos="-750.587" type="chest.permanent" GUID="ufvJ/sH4uUOTsmHT1dAN5w=="/>
    <POI MapID="22" xpos="-272.533" ypos="5.2361" zpos="-797.27" type="chest.meta" GUID="6J8+4wedD0muXE/uiSmhlg=="/>
    <POI MapID="22" xpos="980.318" ypos="71.7655" zpos="-38.6588" type="chest.permanent" GUID="r/9Ro3USKUqwXc1UlZch0Q=="/>
    <POI MapID="1210" xpos="5.57802" ypos="3.7393" zpos="-163.255" type="chest.mapspecific.keyrequired" GUID="rbyIH+i0IEadgWG8lcgWjA=="/>
    <POI MapID="1210" xpos="114.214" ypos="30.8046" zpos="-171.425" type="chest.mapspecific.keyrequired" GUID="qO1TJ8YHh0OjF47JxXyfsA=="/>
    <POI MapID="1210" xpos="449.707" ypos="130.238" zpos="527.035" type="chest.mapspecific.keyrequired" GUID="Pf40QAhsd0iYCZ2LS2YGtw=="/>
    <POI MapID="1210" xpos="352.719" ypos="140.64" zpos="464.173" type="chest.mapspecific.keyrequired" GUID="rzOSBtZ+pUCEGwmse+hNPQ=="/>
    <POI MapID="1210" xpos="428.35" ypos="22.8212" zpos="-537.555" type="chest.permanent" GUID="E9328XuOLk6YsJSe3AwfUg=="/>
    <POI MapID="1210" xpos="663.37" ypos="7.02104" zpos="-540.187" type="chest.mapspecific.keyrequired" GUID="Ehd8ZRqhakGuS1RQGgbaFA=="/>
    <POI MapID="1210" xpos="-240.964" ypos="50.3486" zpos="684.297" type="chest.mapspecific.keyrequired" GUID="zMNAOKtVW02S8i+zNH8coQ=="/>
    <POI MapID="1210" xpos="-987.219" ypos="51.8513" zpos="147.338" type="chest.mapspecific.keyrequired" GUID="msNg53vV4k2A8mnc8uaRMQ=="/>
    <POI MapID="1210" xpos="-837.662" ypos="168.606" zpos="486.806" type="chest.permanent" GUID="1oV/+RrhU0uDawGyxK7xMw=="/>
    <POI MapID="1210" xpos="-867.886" ypos="253.097" zpos="593.039" type="chest.permanent" GUID="HRL6rFyJs0+z6ue5S9SywQ=="/>
    <POI MapID="1210" xpos="1376.14" ypos="97.6958" zpos="-266.923" type="chest.permanent" GUID="3NXwZLjlsEigGJDAAbF2YQ=="/>
    <POI MapID="1210" xpos="51.7909" ypos="15.17" zpos="20.9062" type="chest.permanent" GUID="TK9AzyY94EmXLHBIjQIjEw=="/>
    <POI MapID="1210" xpos="-380.052" ypos="47.368" zpos="525.059" type="chest.permanent" GUID="iDwiGbXatEKhEhvc7IFqwg=="/>
    <POI MapID="1210" xpos="-379.927" ypos="56.4666" zpos="556.371" type="chest.permanent" GUID="r0T+XZh5N0awXStNceeLAA=="/>
    <POI MapID="1210" xpos="-232.933" ypos="58.7696" zpos="667.156" type="chest.permanent" GUID="hLTpJ7L560SSzIfaBWV+PA=="/>
    <POI MapID="1210" xpos="-65.5498" ypos="53.923" zpos="585.362" type="chest.mapspecific.keyrequired" GUID="Xyw+LcOHG0a9ELHO4OCLmw=="/>
    <POI MapID="1210" xpos="433.972" ypos="45.5285" zpos="300.349" type="chest.mapspecific.keyrequired" GUID="rBazYj3ecU+1OMFHUQiP6A=="/>
    <POI MapID="1210" xpos="696.23" ypos="103.274" zpos="552.517" type="chest.permanent" GUID="13YL1WfQeEWJ7yelmgi8nQ=="/>
    <POI MapID="1210" xpos="-951.212" ypos="178.779" zpos="513.975" type="chest.permanent" GUID="OOQ5kXIYpkGCtgBpWBASnQ=="/>
    <POI MapID="1210" xpos="-1010.63" ypos="71.429" zpos="577.365" type="chest.mapspecific.keyrequired" GUID="HPPBd8KiO02yuvRGS7L44g=="/>
    <POI MapID="1210" xpos="-937.651" ypos="46.6519" zpos="363.011" type="chest.permanent" GUID="Gm8OVlMmDUeermpAssImcA=="/>
    <POI MapID="1210" xpos="-707.382" ypos="14.3172" zpos="670.254" type="chest.mapspecific.keyrequired" GUID="89GCYVgbYE+Vpb6YJ+L+BA=="/>
    <POI MapID="1210" xpos="-834.404" ypos="38.6523" zpos="657.001" type="chest.permanent" GUID="UYFfyxctokirIl+7PzhYlA=="/>
    <POI MapID="1210" xpos="343.031" ypos="61.0819" zpos="185.594" type="chest.permanent" GUID="JxsdzwMXYkOqg5n5lREI1Q=="/>
    <POI MapID="1210" xpos="172.447" ypos="85.1794" zpos="242.251" type="chest.permanent" GUID="/aPYC3F230OMjkZJMfWUzA=="/>
    <POI MapID="1210" xpos="246.541" ypos="65.8753" zpos="709.808" type="chest.mapspecific.keyrequired" GUID="Ag4XkB+ei0WzpAjidMdFig=="/>
    <POI MapID="1210" xpos="104.499" ypos="142.299" zpos="634.331" type="chest.permanent" GUID="c3j4xvginkWXod+Iz0wtcA=="/>
    <POI MapID="1210" xpos="29.0337" ypos="105.591" zpos="644.504" type="chest.permanent" GUID="T87qaSgle0CzSMg2W9hcUw=="/>
    <POI MapID="1210" xpos="23.0319" ypos="105.689" zpos="628.167" type="chest.permanent" GUID="GNFedrmX5kiaKzA2vlnAwg=="/>
    <POI MapID="1210" xpos="720.88" ypos="119.37" zpos="667.706" type="chest.permanent" GUID="Fze9HLOt5kmxHw65MAiRXg=="/>
    <POI MapID="1210" xpos="742.643" ypos="122.676" zpos="574.532" type="chest.mapspecific.keyrequired" GUID="Uq3adZACG0ua1je0hW6ejA=="/>
    <POI MapID="1210" xpos="1240.66" ypos="278.332" zpos="455.514" type="chest.permanent" GUID="2Nl6XXAJ6UajoPNPl0TxIA=="/>
    <POI MapID="1210" xpos="1185.96" ypos="375.108" zpos="393.842" type="chest.permanent" GUID="MfIyJjsa5keZCdWebI62dA=="/>
    <POI MapID="1210" xpos="1207.94" ypos="385.501" zpos="475.424" type="chest.permanent" GUID="G5YMvcOU4EOtk1355gPxkQ=="/>
    <POI MapID="1210" xpos="1232.47" ypos="189.221" zpos="443.456" type="chest.meta" GUID="DxEuwXVvFkie4uOMg6/gRQ=="/>
    <POI MapID="1210" xpos="552.898" ypos="278.756" zpos="331.879" type="chest.permanent" GUID="kYDnL7VTHEaCS22heD5MwQ=="/>
    <POI MapID="1210" xpos="742.743" ypos="124.636" zpos="-419.189" type="chest.permanent" GUID="0tfLrs4HsUiVdoMmH8NAeA=="/>
    <POI MapID="1210" xpos="-1046.41" ypos="15.9923" zpos="-268.921" type="chest.mapspecific.keyrequired" GUID="ewh+QCvgPUi34Seex7RzWw=="/>
    <POI MapID="1210" xpos="502.334" ypos="24.19" zpos="-318.95" type="chest.mapspecific.keyrequired" GUID="xjqN1Xin8UK2m2JUznMyYw=="/>
    <POI MapID="1210" xpos="499.548" ypos="24.0246" zpos="-337.783" type="chest.permanent" GUID="GryUeEeotEmAR4aX5tITbg=="/>
    <POI MapID="1210" xpos="482.572" ypos="70.0272" zpos="15.3938" type="chest.permanent" GUID="AM5hn9iUQUiNL6mLw2saKg=="/>
    <POI MapID="1210" xpos="682.58" ypos="29.2528" zpos="140.621" type="chest.meta" GUID="Sd80FrxUUEGtUCb3KAuc+A=="/>
    <POI MapID="1210" xpos="1451.89" ypos="158.975" zpos="113.739" type="chest.permanent" GUID="Y3EjYu++b0SJbhbqhD6Zkw=="/>
    <POI MapID="1210" xpos="1437.49" ypos="159.523" zpos="142.594" type="chest.mapspecific.keyrequired" GUID="4qEPm561qkuqQybbgKp+XA=="/>
    <POI MapID="1210" xpos="-485.066" ypos="1.32512" zpos="228.993" type="chest.mapspecific.keyrequired" GUID="5wLcb9uHaEiYHAA+5Xizcg=="/>
    <POI MapID="1210" xpos="957.804" ypos="191.209" zpos="414.531" type="chest.permanent" GUID="DZgw1qtGLE2TnJ2aoSmGjw=="/>
    <POI MapID="1210" xpos="1354.39" ypos="79.4772" zpos="-144.236" type="chest.mapspecific.keyrequired" GUID="IJb4cWaGW0C5Oj5usdIOOA=="/>
    <POI MapID="1210" xpos="-933.146" ypos="9.08701" zpos="78.5403" type="chest.mapspecific.keyrequired" GUID="5LxugdAD90efASPSajOsqw=="/>
    <POI MapID="1210" xpos="291.399" ypos="59.0259" zpos="513.229" type="chest.permanent" GUID="PZdUfw7BhUCoN8VVI5r3Vg=="/>
    <POI MapID="1210" xpos="572.246" ypos="146.842" zpos="195.732" type="chest.permanent" GUID="RAG1ucDjWkq9xwDE5dN19w=="/>
    <POI MapID="1210" xpos="-502.326" ypos="25.3936" zpos="463.43" type="chest.mapspecific.keyrequired" GUID="GYCufMdIWkWMFpg1K1hmYA=="/>
    <POI MapID="1210" xpos="-500.423" ypos="33.8977" zpos="420.804" type="chest.permanent" GUID="Xi/9sy+ee06nirt2YvCdYw=="/>
    <POI MapID="1210" xpos="70.82" ypos="53.7976" zpos="446.506" type="chest.mapspecific.keyrequired" GUID="0J9MBT1OHUaU3WUNW9dP5Q=="/>
    <POI MapID="1210" xpos="566.661" ypos="97.4501" zpos="213.157" type="chest.mapspecific.keyrequired" GUID="u491+U3NRk+8QlNPaEShiA=="/>
    <POI MapID="1210" xpos="672.935" ypos="43.7168" zpos="-684.016" type="chest.mapspecific.keyrequired" GUID="mvE5JcAmfEKF0ddIvYKPGQ=="/>
    <POI MapID="1210" xpos="766.336" ypos="86.9269" zpos="-623.629" type="chest.permanent" GUID="DuNPGJEkbkiwCuUVdRZkzQ=="/>
    <POI MapID="1210" xpos="852.18" ypos="80.9967" zpos="-490.581" type="chest.mapspecific.keyrequired" GUID="PHd7kaT9s0CkAxGXqG7rdw=="/>
    <POI MapID="1210" xpos="644.98" ypos="111.22" zpos="-380.328" type="chest.mapspecific.keyrequired" GUID="0vp2CQKLRUSF8c++cp80KA=="/>
    <POI MapID="1210" xpos="807.114" ypos="204.9" zpos="704.4" type="chest.permanent" GUID="VM33NuYhV0msVAEkD4HdGA=="/>
    <POI MapID="1210" xpos="1144.56" ypos="141.629" zpos="25.1675" type="chest.mapspecific.keyrequired" GUID="SoR2EsujWE6Xjx7nqePwrA=="/>
    <POI MapID="1210" xpos="1474.15" ypos="104.989" zpos="-90.9257" type="chest.mapspecific.keyrequired" GUID="udJ0CjiE0EG6boihXy15fw=="/>
    <POI MapID="1210" xpos="287.37" ypos="4.15532" zpos="-351.67" type="chest.permanent" GUID="o4/CKcEXm0yMHIeLNwtKFw=="/>
    <POI MapID="1210" xpos="45.4396" ypos="6.70693" zpos="-35.7272" type="chest.mapspecific.keyrequired" GUID="LzBG7LMZSUC8shhEMZLU4A=="/>
    <POI MapID="1210" xpos="-1231.13" ypos="14.6286" zpos="-598.503" type="chest.permanent" GUID="UFHglnpdjUWJ9v+8b6n8Lw=="/>
    <POI MapID="1210" xpos="-1256.06" ypos="-5.44112" zpos="-572.598" type="chest.mapspecific.keyrequired" GUID="aQDcVfYeeEe0phfOKNSJzA=="/>
    <POI MapID="1210" xpos="-1345.35" ypos="-47.4269" zpos="-211.539" type="chest.mapspecific.keyrequired" GUID="pfSn1bfbr0Ko/whk0AsYSw=="/>
    <POI MapID="1210" xpos="-1436.32" ypos="0.757413" zpos="114.105" type="chest.mapspecific.keyrequired" GUID="e1M100EBXk2hwgnvgUgbEQ=="/>
    <POI MapID="1210" xpos="-1388.72" ypos="-0.21091" zpos="95.6569" type="chest.permanent" GUID="Z8RvwcX3SUuFkL1YwuAbLQ=="/>
    <POI MapID="1210" xpos="-1229.33" ypos="20.2503" zpos="545.943" type="chest.mapspecific.keyrequired" GUID="2j+mLFCdXEmrXIm33yhxJg=="/>
    <POI MapID="1210" xpos="-1092.36" ypos="166.851" zpos="499.57" type="chest.permanent" GUID="tekMCC/Ag0yPhjzNFyNgow=="/>
    <POI MapID="1210" xpos="-721.232" ypos="42.5437" zpos="609.994" type="chest.permanent" GUID="DJHwz4xOHkKflWrg79U+Vg=="/>
    <POI MapID="1210" xpos="-741.486" ypos="43.2859" zpos="616.993" type="chest.mapspecific.keyrequired" GUID="NFIiskWYp0u1+DQNumXt6A=="/>
    <POI MapID="1210" xpos="727.704" ypos="134.526" zpos="472.869" type="chest.permanent" GUID="DPNS8ELSO0OHa7/6DsDBQQ=="/>
    <POI MapID="1210" xpos="762.739" ypos="150.847" zpos="157.823" type="chest.permanent" GUID="adqtQAB4tkaoNfJyjeYvaw=="/>
    <POI MapID="1210" xpos="-805.678" ypos="57.2945" zpos="-262.988" type="chest.mapspecific.keyrequired" GUID="Ty/t2VIqK06ih8yajOUC1w=="/>
    <POI MapID="1210" xpos="-897.151" ypos="43.606" zpos="-183.406" type="chest.mapspecific.keyrequired" GUID="0zs2JdCMDEGhXZIOk2Ac8g=="/>
    <POI MapID="1210" xpos="-864.513" ypos="94.2229" zpos="-90.1814" type="chest.mapspecific.keyrequired" GUID="dlrauLTngke1XyV8Z2ixlg=="/>
    <POI MapID="1210" xpos="-898.99" ypos="66.9683" zpos="21.2319" type="chest.permanent" GUID="sWtzHtP5hEKD1WnsZ/2bMA=="/>
    <POI MapID="1210" xpos="-910.882" ypos="67.6863" zpos="21.4782" type="chest.mapspecific.keyrequired" GUID="Jp9Z0HuyGku9pLP3Rm0qpQ=="/>
    <POI MapID="1210" xpos="-895.927" ypos="38.4019" zpos="638.927" type="chest.mapspecific.keyrequired" GUID="nrEnGmMR6UyTU1eDE1nkXQ=="/>
    <POI MapID="1210" xpos="180.565" ypos="1.6404" zpos="295.829" type="chest.mapspecific.keyrequired" GUID="Ovox0XIV5Ui/NBm+voIxsw=="/>
    <POI MapID="1210" xpos="-1340.55" ypos="3.34428" zpos="252.606" type="chest.meta" GUID="gVnAzKdAmkihn+ug9Jzz4w=="/>
    <POI MapID="1210" xpos="1277.6" ypos="190.735" zpos="458.103" type="chest.mapspecific.keyrequired" GUID="A//XZuff30ikGryIAuH46g=="/>
    <POI MapID="1210" xpos="-1279.13" ypos="0.287653" zpos="166.155" type="chest.permanent" GUID="txWnimJ+oUK2uKUYn1ERCQ=="/>
    <POI MapID="1210" xpos="-1260.43" ypos="12.4466" zpos="163.39" type="chest.mapspecific.keyrequired" GUID="VregNvrNUkidnCwMqV7fyg=="/>
    <POI MapID="1210" xpos="-922.752" ypos="46.6646" zpos="178.445" type="chest.mapspecific.keyrequired" GUID="oGeRbleMRk22tm8/VQTT+w=="/>
    <POI MapID="1210" xpos="392.075" ypos="34.7851" zpos="-129.547" type="chest.permanent" GUID="P/EU2CWDMEONPT3cWegREQ=="/>
    <POI MapID="1210" xpos="666.478" ypos="57.0875" zpos="-136.792" type="chest.mapspecific.keyrequired" GUID="cVrQI2FhxE2TcCOFr3VmIw=="/>
    <POI MapID="1210" xpos="922.444" ypos="205.536" zpos="555.337" type="chest.permanent" GUID="bFxOnX7IL0evzKvqjWWx9Q=="/>
    <POI MapID="1210" xpos="977.952" ypos="205.663" zpos="604.749" type="chest.mapspecific.keyrequired" GUID="b/cT9iHL30SVrH9glSFEug=="/>
    <POI MapID="1210" xpos="1254.23" ypos="189.225" zpos="430.001" type="chest.permanent" GUID="3tp2Ris/r0mApSww+EGyIg=="/>
    <POI MapID="1210" xpos="-335.659" ypos="0.697655" zpos="-524.26" type="chest.permanent" GUID="gbI7Zz9cy0u7oM++KXIG0Q=="/>
    <POI MapID="1210" xpos="-337.366" ypos="1.64029" zpos="-531.223" type="chest.mapspecific.keyrequired" GUID="5QIhzCJmAkOfdryRpLNqLA=="/>
    <POI MapID="1210" xpos="-944.904" ypos="52.1932" zpos="228.332" type="chest.mapspecific.keyrequired" GUID="yIwwE5uBHkSXxgA5L8m1dw=="/>
    <POI MapID="1210" xpos="733.006" ypos="136.377" zpos="349.611" type="chest.mapspecific.keyrequired" GUID="9PLRqjQO5ESXrsZXDGkPoA=="/>
    <POI MapID="1210" xpos="218.003" ypos="92.1703" zpos="-69.8523" type="chest.permanent" GUID="ybINjAYGcUScDbbnyk7Z9w=="/>
    <POI MapID="1210" xpos="1160.99" ypos="103.546" zpos="50.6098" type="chest.permanent" GUID="ZoxPGg/s20arDyvzZYaIjw=="/>
    <POI MapID="1210" xpos="1308.28" ypos="172.216" zpos="-314.889" type="chest.permanent" GUID="+F7R6XGui0CrFQJePgt1Tw=="/>
    <POI MapID="1210" xpos="1463.41" ypos="163.148" zpos="-462.162" type="chest.permanent" GUID="5YdemDVwNEC/sDgb+V/+8A=="/>
    <POI MapID="1210" xpos="1365.27" ypos="161.002" zpos="-492.713" type="chest.permanent" GUID="D1WTgAZIjU2YKt3ksfffqA=="/>
    <POI MapID="1210" xpos="1170.33" ypos="106.561" zpos="160.047" type="chest.permanent" GUID="mS8aBC91C02KIWxk1VBcLw=="/>
    <POI MapID="1210" xpos="1255.63" ypos="81.3765" zpos="-11.9112" type="chest.mapspecific.keyrequired" GUID="I/XJC3khFUGZ8v+jQkjTwQ=="/>
    <POI MapID="1211" xpos="432.347" ypos="135.637" zpos="-365.378" type="chest.permanent" GUID="v2jWr1/7v0KzlTZhtz/YUw=="/>
    <POI MapID="1211" xpos="-192.022" ypos="245.125" zpos="367.688" type="chest.mapspecific.keyrequired" GUID="dEkOZ2UYsE+rsTBYcRdx/Q=="/>
    <POI MapID="1211" xpos="-207.231" ypos="283.598" zpos="586.816" type="chest.mapspecific.keyrequired" GUID="lk1ZqZDTS0CJxy+caIxSJg=="/>
    <POI MapID="1211" xpos="-83.1551" ypos="254.161" zpos="413.382" type="chest.mapspecific.keyrequired" GUID="p+cd0JQU0EKPs/RW8fWdCw=="/>
    <POI MapID="1211" xpos="-223.45" ypos="261.945" zpos="528.212" type="chest.mapspecific.keyrequired" GUID="HXVbXFoW+UiVvcuTgRgj3g=="/>
    <POI MapID="1211" xpos="-113.122" ypos="248.407" zpos="353.425" type="chest.mapspecific.keyrequired" GUID="23FPkYIwfk+/uhwXXvhVfw=="/>
    <POI MapID="1211" xpos="547.573" ypos="295.074" zpos="621.761" type="chest.permanent" GUID="+aQKjP8eukKrAAgq8dutWw=="/>
    <POI MapID="1211" xpos="604.835" ypos="190.687" zpos="608.006" type="chest.permanent" GUID="7Bgf9M3U7066MX2ofmwrHg=="/>
    <POI MapID="1211" xpos="926.173" ypos="206.198" zpos="354.592" type="chest.permanent" GUID="xtINRL2zP0m7XObIi1rUZA=="/>
    <POI MapID="1211" xpos="1080.16" ypos="187.709" zpos="213.124" type="chest.mapspecific.keyrequired" GUID="QvONzqetL0+LMKsZxn91LA=="/>
    <POI MapID="1211" xpos="1308.42" ypos="181.838" zpos="428.064" type="chest.mapspecific.keyrequired" GUID="TpRE5CNTq0GIK6hD3wzk+A=="/>
    <POI MapID="1211" xpos="1017.06" ypos="212.478" zpos="-15.5544" type="chest.mapspecific.keyrequired" GUID="+Tclb7W95E67mbtens9n8A=="/>
    <POI MapID="1211" xpos="1039.07" ypos="198.485" zpos="-94.0405" type="chest.mapspecific.keyrequired" GUID="3sEL9XcteEC+6ooe6TpEgg=="/>
    <POI MapID="1211" xpos="1311.09" ypos="213.143" zpos="29.2095" type="chest.mapspecific.keyrequired" GUID="LqhqnuHY40GaqDNyoseE1g=="/>
    <POI MapID="1211" xpos="699.503" ypos="231.288" zpos="228.008" type="chest.mapspecific.keyrequired" GUID="VJFp7oOaUEiMDIJFe+zyfw=="/>
    <POI MapID="1211" xpos="633.372" ypos="209.645" zpos="133.973" type="chest.mapspecific.keyrequired" GUID="FUpms1LsWEuQDNuoOOCZVQ=="/>
    <POI MapID="1211" xpos="739.35" ypos="203.315" zpos="-13.9444" type="chest.permanent" GUID="LS3QXo0IPEOQnSpe4FEokw=="/>
    <POI MapID="1211" xpos="890.612" ypos="187.321" zpos="-513.169" type="chest.mapspecific.keyrequired" GUID="DJw/IuSttkegWcCmCArp5Q=="/>
    <POI MapID="1211" xpos="1196.19" ypos="74.412" zpos="-415.436" type="chest.permanent" GUID="Tw5LoL5Pa0it2sE+vsAOKw=="/>
    <POI MapID="1211" xpos="1023.28" ypos="200.373" zpos="150.409" type="chest.mapspecific.keyrequired" GUID="DE5XvqKZ2EOWIFk108k/Zw=="/>
    <POI MapID="1211" xpos="1436.81" ypos="161.682" zpos="523.577" type="chest.mapspecific.keyrequired" GUID="G8AF1Vi1ZEGhRTVB23BNpw=="/>
    <POI MapID="1211" xpos="1429.65" ypos="160.568" zpos="512.143" type="chest.permanent" GUID="TYcgy6wkS0Cv7fPKAEwP4A=="/>
    <POI MapID="1211" xpos="1431.41" ypos="163.464" zpos="568.124" type="chest.permanent" GUID="SWhw5x2vT0KioBMKlfAQmA=="/>
    <POI MapID="1211" xpos="1287.22" ypos="182.204" zpos="440.431" type="chest.permanent" GUID="DksO8F3N70+C5WeY8jHb7g=="/>
    <POI MapID="1211" xpos="1246.23" ypos="183.375" zpos="478.083" type="chest.permanent" GUID="qrDuepoazUWAltf75aLDNQ=="/>
    <POI MapID="1211" xpos="1319.37" ypos="184.811" zpos="370.838" type="chest.permanent" GUID="aLVlWV0wHEeIPVf37M0yLQ=="/>
    <POI MapID="1211" xpos="2.32821" ypos="204.85" zpos="8.35509" type="chest.permanent" GUID="vVuXgQdAyU641SYmLgi5IQ=="/>
    <POI MapID="1211" xpos="-200.279" ypos="266.478" zpos="422.007" type="chest.permanent" GUID="Jo5glUfqPEWEvzDOIfI/vA=="/>
    <POI MapID="1211" xpos="-637.788" ypos="377.232" zpos="555.457" type="chest.permanent" GUID="CSQY6Njr/E6WY3rBdLGRxQ=="/>
    <POI MapID="1211" xpos="-807.278" ypos="478.371" zpos="317.78" type="chest.permanent" GUID="tKhVEvkZU0Cnx59TJ3GsGA=="/>
    <POI MapID="1211" xpos="-879.042" ypos="319.715" zpos="637.386" type="chest.permanent" GUID="ila/dwVaWUqINGAegsavSg=="/>
    <POI MapID="1211" xpos="-907.745" ypos="324.685" zpos="682.864" type="chest.permanent" GUID="03VtLhbZfUKL5B8YopPNEw=="/>
    <POI MapID="1211" xpos="-939.974" ypos="319.689" zpos="625.807" type="chest.permanent" GUID="quw3TqKoFUqTUPim7JaJtQ=="/>
    <POI MapID="1211" xpos="-1338.39" ypos="339.579" zpos="463.798" type="chest.permanent" GUID="J7gPKI+O8kmVx562HxH3MQ=="/>
    <POI MapID="1211" xpos="-1298.37" ypos="366.502" zpos="88.5804" type="chest.permanent" GUID="jjoLNYZfKk6z16fg5jxxlQ=="/>
    <POI MapID="1211" xpos="-1247.06" ypos="407.295" zpos="189.796" type="chest.mapspecific.keyrequired" GUID="7Q6rApe6uECTwcCxTsE1iw=="/>
    <POI MapID="1211" xpos="-96.7221" ypos="264.575" zpos="393.112" type="chest.permanent" GUID="FagKaCbXE0adUDffcRVazQ=="/>
    <POI MapID="1211" xpos="693.614" ypos="163.831" zpos="325.603" type="chest.mapspecific.keyrequired" GUID="Wd3x8q3BqEGa1VL3U2sahw=="/>
    <POI MapID="1211" xpos="453.48" ypos="139.275" zpos="113.99" type="chest.mapspecific.keyrequired" GUID="MMfpdTAAKk6IaqK1khp1/A=="/>
    <POI MapID="1211" xpos="1403.19" ypos="246.459" zpos="-11.6269" type="chest.permanent" GUID="TgVhzUBqAU6TOVqEyuEscQ=="/>
    <POI MapID="1211" xpos="168.817" ypos="197.023" zpos="-378.094" type="chest.meta" GUID="9i+0hSo0kUuRt3HeAUBd7g=="/>
    <POI MapID="1211" xpos="-218.417" ypos="14.2589" zpos="-507.576" type="chest.mapspecific.keyrequired" GUID="rtTwvljcTUeuTOqTb/8Sew=="/>
    <POI MapID="1211" xpos="-604.899" ypos="2.27236" zpos="-474.798" type="chest.mapspecific.keyrequired" GUID="6FykSQjMYE+q8MO4KyZHgw=="/>
    <POI MapID="1211" xpos="-1252.08" ypos="46.8206" zpos="-552.673" type="chest.mapspecific.keyrequired" GUID="l5LrxOIAdk+AeNv96x56lQ=="/>
    <POI MapID="1211" xpos="-1215.47" ypos="325.719" zpos="-233.034" type="chest.permanent" GUID="smAauhtsTUyOWFnR7uvQDA=="/>
    <POI MapID="1211" xpos="-1226.72" ypos="330.819" zpos="-163.071" type="chest.permanent" GUID="xLpQ4sz8SEC4fil45aQ1yw=="/>
    <POI MapID="1211" xpos="-1242.31" ypos="299.691" zpos="-249.106" type="chest.mapspecific.keyrequired" GUID="bVjnOD5xNEi0Q4dq9Hajfw=="/>
    <POI MapID="1211" xpos="-1106.85" ypos="273.293" zpos="-235.982" type="chest.mapspecific.keyrequired" GUID="gl+I2d7Xu0SzQTOmV94bNw=="/>
    <POI MapID="1211" xpos="-1111.74" ypos="2.3691" zpos="-589.889" type="chest.mapspecific.keyrequired" GUID="tMgGGXnNNUGWO8Z3n+6aVQ=="/>
    <POI MapID="1211" xpos="-1013.54" ypos="1.10134" zpos="-510.927" type="chest.mapspecific.keyrequired" GUID="WbrwyKfs/kmFGGOjbOj7oA=="/>
    <POI MapID="1211" xpos="-451.469" ypos="63.6169" zpos="-684.007" type="chest.permanent" GUID="dTzADWyKWU+8V6YYX5BiYg=="/>
    <POI MapID="1211" xpos="203.269" ypos="135.695" zpos="-421.738" type="chest.permanent" GUID="OMejX8Sm10m59Mg+ZPLyeA=="/>
    <POI MapID="1211" xpos="32.3701" ypos="312.599" zpos="190.343" type="chest.permanent" GUID="B7Omua3PtUWfe2hY1ZYJHg=="/>
    <POI MapID="1211" xpos="-562.353" ypos="1.15377" zpos="-633.508" type="chest.mapspecific.keyrequired" GUID="l7OXu+wzKEGvUhHOBaIf8Q=="/>
    <POI MapID="1211" xpos="-1307.99" ypos="185.122" zpos="247.103" type="chest.permanent" GUID="b1AYUecLCUO3Uup4hlcEfQ=="/>
    <POI MapID="1211" xpos="1265.09" ypos="231.385" zpos="478.679" type="chest.permanent" GUID="4Foa11A/9UKCZ6ypM24XKA=="/>
    <POI MapID="1211" xpos="-107.654" ypos="188.333" zpos="-104.299" type="chest.permanent" GUID="04WkyY8Fp0Sd/R/lIQt7/g=="/>
    <POI MapID="1211" xpos="-1255.42" ypos="6.16881" zpos="-527.569" type="chest.permanent" GUID="3et35ui/2EmH15nnMjELUQ=="/>
    <POI MapID="1211" xpos="-1373.77" ypos="2.33664" zpos="-485.933" type="chest.permanent" GUID="3WqcPSu1UkuCoq0J7vgWsA=="/>
    <POI MapID="1211" xpos="-1362.48" ypos="9.16483" zpos="-454.304" type="chest.permanent" GUID="Bv4GRe72sU+xe5lKfH/sRw=="/>
    <POI MapID="1211" xpos="-1206.12" ypos="339.702" zpos="272.856" type="chest.mapspecific.keyrequired" GUID="Jyl8GrEuj0eEfmLdgG530w=="/>
    <POI MapID="1211" xpos="-997.391" ypos="541.334" zpos="39.6313" type="chest.mapspecific.keyrequired" GUID="637cHDm8EUSdVR7bPrXFfw=="/>
    <POI MapID="1211" xpos="-193.088" ypos="273.579" zpos="-275.106" type="chest.permanent" GUID="u9LhzTfj5k+3w3G5C45SRQ=="/>
    <POI MapID="1211" xpos="-59.4692" ypos="321.279" zpos="418.91" type="chest.permanent" GUID="66wakkzzx0+c5r7DI1EAgA=="/>
    <POI MapID="1211" xpos="-89.2592" ypos="322.083" zpos="396.734" type="chest.mapspecific.keyrequired" GUID="2Lv8H72u4kSoMSEr2mz5+g=="/>
    <POI MapID="1211" xpos="-1332.21" ypos="462.957" zpos="524.054" type="chest.permanent" GUID="/RBPWfOhxEKEWu+a3CiZYw=="/>
    <POI MapID="1211" xpos="-1302.07" ypos="435.057" zpos="311.864" type="chest.permanent" GUID="TmatR0kfEEqV3PI50BJO1w=="/>
    <POI MapID="1211" xpos="-744.856" ypos="410.555" zpos="63.3054" type="chest.permanent" GUID="mkWLA1/wdkWSwbDOIHJS5A=="/>
    <POI MapID="1211" xpos="-1027.81" ypos="336.404" zpos="-266.275" type="chest.mapspecific.keyrequired" GUID="fjAu47drK0mCZ61DSIkEkg=="/>
    <POI MapID="1211" xpos="-1000.43" ypos="339.907" zpos="-221.195" type="chest.permanent" GUID="0FoPCf2d8EW7eInuT/gkrw=="/>
    <POI MapID="1211" xpos="-1163.71" ypos="408.676" zpos="-97.385" type="chest.permanent" GUID="3kg/lnDko0+Cx110tkaAWA=="/>
    <POI MapID="1211" xpos="-1126.7" ypos="408.576" zpos="-130.998" type="chest.mapspecific.keyrequired" GUID="+DOpqE4kPUWzZ7IKpGP05Q=="/>
    <POI MapID="1211" xpos="227.689" ypos="154.026" zpos="-402.875" type="chest.mapspecific.keyrequired" GUID="wyfoC8cw2E2meGn63/EwpA=="/>
    <POI MapID="1211" xpos="-40.6274" ypos="465.034" zpos="-198.277" type="chest.permanent" GUID="3o6cU6ef4EW8hYNcHXej8g=="/>
    <POI MapID="1211" xpos="-33.9356" ypos="463.689" zpos="-189.678" type="chest.permanent" GUID="7GJpSB1yG067QOtQFAshpA=="/>
    <POI MapID="1211" xpos="1213.09" ypos="73.4544" zpos="-440.717" type="chest.meta" GUID="p1Dsux78WUeYz+Z/SuYMSQ=="/>
    <POI MapID="1211" xpos="-1216.37" ypos="299.128" zpos="-182.133" type="chest.meta" GUID="hHM4vFmvRUuzLvPAF9EXHA=="/>
    <POI MapID="1211" xpos="-651.479" ypos="343.983" zpos="331.519" type="chest.permanent" GUID="YHhLj9rPC0Wrj00j/8ud/g=="/>
    <POI MapID="1211" xpos="-456.075" ypos="71.8705" zpos="-208.837" type="chest.mapspecific.keyrequired" GUID="ehOO3SJm+kW64oYsrSFLEA=="/>
    <POI MapID="1211" xpos="-531.533" ypos="66.0953" zpos="-319.819" type="chest.mapspecific.keyrequired" GUID="QTXuDAhTGkm4P0o5XEYnWA=="/>
    <POI MapID="1211" xpos="-1200.71" ypos="216.334" zpos="-350.591" type="chest.permanent" GUID="fR0SG1czrEGQh6XRk/S+Ow=="/>
    <POI MapID="1211" xpos="-792.121" ypos="5.08464" zpos="-534.908" type="chest.permanent" GUID="N/ilTgZq/Ei7eDFftYlGrA=="/>
    <POI MapID="1211" xpos="-200.266" ypos="266.403" zpos="421.791" type="chest.mapspecific.keyrequired" GUID="tEFOdWekIUSFqC1bEs12pQ=="/>
    <POI MapID="1211" xpos="-71.2404" ypos="280.619" zpos="502.731" type="chest.mapspecific.keyrequired" GUID="BGN9h/np1UKd0gdkLv3hhA=="/>
    <POI MapID="1211" xpos="-161.196" ypos="357.087" zpos="609.706" type="chest.permanent" GUID="SXSPMvxTu0afkld/23hzKQ=="/>
    <POI MapID="1211" xpos="-379.773" ypos="118.779" zpos="-160.29" type="chest.permanent" GUID="918dsmlfuUStbbZ7NziCJw=="/>
    <POI MapID="1211" xpos="-542.467" ypos="0.450972" zpos="-634.149" type="chest.permanent" GUID="mJ0zgxFNVkqM/H1wckfvGQ=="/>
    <POI MapID="1211" xpos="-548.14" ypos="161.667" zpos="-159.247" type="chest.permanent" GUID="KmB7DfFooU+8ArwaJl3bRQ=="/>
    <POI MapID="1211" xpos="-512.903" ypos="160.54" zpos="-173.748" type="chest.permanent" GUID="GeQqeO/vvEGMa2td23/cZg=="/>
    <POI MapID="1211" xpos="-1245.03" ypos="411.484" zpos="60.1872" type="chest.mapspecific.keyrequired" GUID="SmhyFvbu40K6UNlj7d0p8A=="/>
    <POI MapID="1211" xpos="-1006.79" ypos="581.143" zpos="81.4338" type="chest.permanent" GUID="XcMW1xCqR0OnoH3jlGDsNw=="/>
    <POI MapID="1211" xpos="-909.602" ypos="461.363" zpos="-152.106" type="chest.mapspecific.keyrequired" GUID="akaXJqXsVUa1KuiKurCcSQ=="/>
    <POI MapID="1211" xpos="697.53" ypos="198.898" zpos="-21.3903" type="chest.mapspecific.keyrequired" GUID="lFwUaAgcmEu26VUapu7GMQ=="/>
    <POI MapID="1211" xpos="467.461" ypos="179.998" zpos="148.817" type="chest.mapspecific.keyrequired" GUID="ueE+SEa5QEqVA/iB7oZ3lw=="/>
    <POI MapID="1226" xpos="199.515" ypos="271.359" zpos="283.662" type="chest.mapspecific.keyrequired" GUID="Id4wVLaO/UWHvsOaulyUzA=="/>
    <POI MapID="1226" xpos="-272.201" ypos="364.587" zpos="-1003.94" type="chest.permanent" GUID="JaLz0+7bQEyZ3hvaTKZEfg=="/>
    <POI MapID="1226" xpos="924.293" ypos="234.026" zpos="-1250.46" type="chest.mapspecific.keyrequired" GUID="53zC6l1waEO/Mn6cBrLVIA=="/>
    <POI MapID="1226" xpos="904.83" ypos="245.976" zpos="-1321" type="chest.permanent" GUID="i756YmodVU2mYFvTccBJcg=="/>
    <POI MapID="1226" xpos="638.643" ypos="248.236" zpos="-1293.12" type="chest.mapspecific.keyrequired" GUID="6NDfrFkC6E6049HpYUTZNw=="/>
    <POI MapID="1226" xpos="1078.77" ypos="274.23" zpos="-570.555" type="chest.mapspecific.keyrequired" GUID="DoUUNPfErEWx/cbLfL5YOw=="/>
    <POI MapID="1226" xpos="1013.96" ypos="263.437" zpos="-393.636" type="chest.mapspecific.keyrequired" GUID="pSx13fQnf0WNrKowG9Rimw=="/>
    <POI MapID="1226" xpos="681.707" ypos="264.277" zpos="279.505" type="chest.mapspecific.keyrequired" GUID="DIPUkRJhIk2nk/tfSIzvIg=="/>
    <POI MapID="1226" xpos="983.248" ypos="252.399" zpos="801.664" type="chest.mapspecific.keyrequired" GUID="Q5qHMYYWC0Cw8jhHcHQZmg=="/>
    <POI MapID="1226" xpos="180.585" ypos="295.227" zpos="-1316.08" type="chest.mapspecific.keyrequired" GUID="jLdu517PF0ycpK9y3T11Dw=="/>
    <POI MapID="1226" xpos="351.399" ypos="270.632" zpos="-1367.53" type="chest.mapspecific.keyrequired" GUID="rzgNVJEL+0aQMykIrLdHYg=="/>
    <POI MapID="1226" xpos="311.757" ypos="277.294" zpos="-1353.88" type="chest.permanent" GUID="aMD1vtyWXU2w4WeniKlqMQ=="/>
    <POI MapID="1226" xpos="190.461" ypos="391.565" zpos="-186.847" type="chest.permanent" GUID="EkVbH81QkE2eX6kN584Qkg=="/>
    <POI MapID="1226" xpos="1.04879" ypos="347.687" zpos="455.821" type="chest.permanent" GUID="d18tLQybsUeRZ+P2vIU3rw=="/>
    <POI MapID="1226" xpos="-543.8" ypos="328.432" zpos="173.176" type="chest.permanent" GUID="304+56Wvm0Sd61YzpdfzZA=="/>
    <POI MapID="1226" xpos="-404.28" ypos="66.1721" zpos="947.376" type="chest.meta" GUID="d94Z80rpHUm8x4ieKGI8Cg=="/>
    <POI MapID="1226" xpos="-339.022" ypos="225.637" zpos="-1304.05" type="chest.mapspecific.keyrequired" GUID="b3oD1cyX+UKamAWgRnnh3Q=="/>
    <POI MapID="1226" xpos="-808.365" ypos="227.318" zpos="-1177.77" type="chest.meta" GUID="RlVA5efp1EuG1EE8S90rsQ=="/>
    <POI MapID="1226" xpos="-555.036" ypos="233.259" zpos="-590.028" type="chest.meta" GUID="qqVWQrIaekGlwmyw4SF8QQ=="/>
    <POI MapID="1226" xpos="1030.07" ypos="262.546" zpos="-961.312" type="chest.mapspecific.keyrequired" GUID="Ujv3eQf1dke+Q06ZpQ32GA=="/>
    <POI MapID="1226" xpos="-591.218" ypos="277.87" zpos="247.092" type="chest.mapspecific.keyrequired" GUID="xwZ3Rt2XlU+tqo+wp9biFA=="/>
    <POI MapID="1226" xpos="-587.136" ypos="287.94" zpos="166.426" type="chest.mapspecific.keyrequired" GUID="pEk3E+QeQ0Gat1cz5KqmSw=="/>
    <POI MapID="1226" xpos="9.8942" ypos="307.33" zpos="-1140.52" type="chest.permanent" GUID="mWGb8leuB0yRgwNVG3eHmw=="/>
    <POI MapID="1226" xpos="5.57874" ypos="308.164" zpos="-1133.97" type="chest.mapspecific.keyrequired" GUID="FbMYszlbME6iUtFRynYo0g=="/>
    <POI MapID="1226" xpos="770.197" ypos="273.009" zpos="573.398" type="chest.permanent" GUID="ETKuVUmJd0y3N7ldt4vF5A=="/>
    <POI MapID="1226" xpos="945.64" ypos="199.848" zpos="1106.19" type="chest.permanent" GUID="NkT4uDu9MEOSDuoQp0DawQ=="/>
    <POI MapID="1226" xpos="698.419" ypos="138.582" zpos="1006.36" type="chest.permanent" GUID="C7AizCxo2EipdnZVX820bQ=="/>
    <POI MapID="1226" xpos="658.299" ypos="141.134" zpos="1007.88" type="chest.mapspecific.keyrequired" GUID="uVLobR7J4UmkMB2kLocItQ=="/>
    <POI MapID="1226" xpos="443.057" ypos="158.49" zpos="873.569" type="chest.permanent" GUID="G1iDyTXlskahV339ylupXw=="/>
    <POI MapID="1226" xpos="-901.576" ypos="57.5924" zpos="996.399" type="chest.mapspecific.keyrequired" GUID="gX552SiR7kutDjuxTDLpVw=="/>
    <POI MapID="1226" xpos="-965.178" ypos="70.1072" zpos="932.533" type="chest.permanent" GUID="0sNjgfNcpkmssqFLvjJfbA=="/>
    <POI MapID="1226" xpos="-807.996" ypos="11.088" zpos="1200.27" type="chest.mapspecific.keyrequired" GUID="biy6KTGR2kKGIGd0OawChg=="/>
    <POI MapID="1226" xpos="-443.748" ypos="-15.2947" zpos="1495.68" type="chest.permanent" GUID="1r+77JUZpUqBLqrvZBjZcQ=="/>
    <POI MapID="1226" xpos="188.447" ypos="0.421701" zpos="1237.92" type="chest.permanent" GUID="0h/xmgquL0aoYig/fAqwZA=="/>
    <POI MapID="1226" xpos="311.553" ypos="277.291" zpos="-1353.9" type="chest.meta" GUID="F/S1kanpYkamhvNJFN/p1w=="/>
    <POI MapID="1226" xpos="341" ypos="248.706" zpos="-943.818" type="chest.mapspecific.keyrequired" GUID="EPmSHgje40qMd8ykL+FhZA=="/>
    <POI MapID="1226" xpos="-610.995" ypos="341.77" zpos="-516.043" type="chest.permanent" GUID="ScPp3KayoUer6HA3CX8sNQ=="/>
    <POI MapID="1226" xpos="551.909" ypos="243.33" zpos="-3.32515" type="chest.mapspecific.keyrequired" GUID="mqKJoxWPPk60l8vGa0RAXg=="/>
    <POI MapID="1226" xpos="578.042" ypos="243.778" zpos="-198.009" type="chest.permanent" GUID="Y3M1jp802kmTFH5Vt21QAw=="/>
    <POI MapID="1226" xpos="880.956" ypos="260.382" zpos="315.829" type="chest.mapspecific.keyrequired" GUID="O56AAwLkYEKvFwQNrERVrA=="/>
    <POI MapID="1226" xpos="-157.875" ypos="154.592" zpos="928.691" type="chest.permanent" GUID="6HmV4wdh006sl20Y59EG7w=="/>
    <POI MapID="1226" xpos="559.671" ypos="290.168" zpos="437.771" type="chest.mapspecific.keyrequired" GUID="AL96ofMsvkaQ7EV2bOwEXw=="/>
    <POI MapID="1226" xpos="253.169" ypos="324.575" zpos="-819.711" type="chest.permanent" GUID="mvnsOZDyn0+uhlv+KTAa4Q=="/>
    <POI MapID="1226" xpos="-828.424" ypos="251.636" zpos="-248.105" type="chest.permanent" GUID="3E/sIvjRqk2sqMwyets9VQ=="/>
    <POI MapID="1226" xpos="-579.185" ypos="211.965" zpos="-1184.12" type="chest.permanent" GUID="7fcfAlnlKEqSexA0qWxdOg=="/>
    <POI MapID="1226" xpos="-395.274" ypos="261.034" zpos="-115.881" type="chest.meta" GUID="/IUCB1MI+0CIbx1oJaycnQ=="/>
    <POI MapID="1226" xpos="332.294" ypos="20.9339" zpos="1145.1" type="chest.mapspecific.keyrequired" GUID="lnrVvIk5qEaC3HXHGaNcdA=="/>
    <POI MapID="1226" xpos="180.98" ypos="248.933" zpos="920.204" type="chest.permanent" GUID="gE3aPdckRE+LYq0n9FT6xg=="/>
    <POI MapID="1226" xpos="-1014.02" ypos="41.0919" zpos="873.13" type="chest.permanent" GUID="bJpouHuVFUK5ipJ3nBU6+A=="/>
    <POI MapID="1226" xpos="471.701" ypos="328.192" zpos="-17.6679" type="chest.permanent" GUID="UDTW2K6ankmsLOVuE7MaAg=="/>
    <POI MapID="1226" xpos="403.822" ypos="-9.55865" zpos="1388.68" type="chest.permanent" GUID="hxeNcALon0eUaish6EjK+g=="/>
    <POI MapID="1226" xpos="620.04" ypos="290.888" zpos="-632.848" type="chest.mapspecific.keyrequired" GUID="JB3RmWjni0yO92TkM7/dBA=="/>
    <POI MapID="1226" xpos="602.064" ypos="288.355" zpos="-623.989" type="chest.meta" GUID="RV5122fI40S88sp+xOu2Dw=="/>
    <POI MapID="1226" xpos="406.176" ypos="279.364" zpos="-519.972" type="chest.mapspecific.keyrequired" GUID="qnJMrZSp1UmJg/FkrlvEKw=="/>
    <POI MapID="1226" xpos="398.566" ypos="278.706" zpos="-505.242" type="chest.meta" GUID="K3y31fc3kECaHlSGPFoWEw=="/>
    <POI MapID="1226" xpos="-595.189" ypos="222.957" zpos="-330.409" type="chest.meta" GUID="Moqkpf63jkCHg/UIuzEgAQ=="/>
    <POI MapID="1226" xpos="-672.029" ypos="226.287" zpos="-349.316" type="chest.meta" GUID="U7d0Ba3aw0m6fmAvoyhNYA=="/>
    <POI MapID="1226" xpos="-225.448" ypos="301.759" zpos="140.207" type="chest.permanent" GUID="5diF4aMFVk27Z+xT25uDwQ=="/>
    <POI MapID="1226" xpos="-154.511" ypos="326.213" zpos="150.147" type="chest.permanent" GUID="cQoFDFoNUkKTFRUcAtnGKQ=="/>
    <POI MapID="1226" xpos="793.688" ypos="255.097" zpos="-42.4177" type="chest.mapspecific.keyrequired" GUID="+oCAWkcVCkGyhn3KdZpIhQ=="/>
    <POI MapID="1228" xpos="-1080.13" ypos="5.84156" zpos="311.576" type="chest.permanent" GUID="pkZsJpH0pUuEcNEpF/XjCQ=="/>
    <POI MapID="1228" xpos="1075.36" ypos="0.485945" zpos="122.03" type="chest.permanent" GUID="9w6qnHHP5UWjQkh2vu1OMA=="/>
    <POI MapID="1228" xpos="495.692" ypos="64.2138" zpos="768.73" type="chest.permanent" GUID="sqY/g9CWH0C8QlmuNMOGSA=="/>
    <POI MapID="1228" xpos="464.784" ypos="64.1368" zpos="809.031" type="chest.permanent" GUID="QTWSRJU9uEm3+0PlV09ANg=="/>
    <POI MapID="1228" xpos="607.647" ypos="89.5092" zpos="748.633" type="chest.mapspecific.keyrequired" GUID="5m7Z9E8NX02E3SCxY06LWQ=="/>
    <POI MapID="1228" xpos="-494.274" ypos="69.8019" zpos="337.351" type="chest.mapspecific.keyrequired" GUID="r0zrqSQreEeg2aZo9+uCfg=="/>
    <POI MapID="1228" xpos="-528.907" ypos="60.2597" zpos="403.664" type="chest.mapspecific.keyrequired" GUID="sTmXKqRobE+yKJ9DomHPWQ=="/>
    <POI MapID="1228" xpos="-758.376" ypos="25.6342" zpos="-264.599" type="chest.mapspecific.keyrequired" GUID="llUklP2/Q0iFFwqzcSUjiA=="/>
    <POI MapID="1228" xpos="-66.6969" ypos="21.8852" zpos="-187.913" type="chest.permanent" GUID="w08q2JW1E06kfIzgVxYJPw=="/>
    <POI MapID="1228" xpos="27.0265" ypos="15.806" zpos="-252.751" type="chest.permanent" GUID="u+pyOG3EhUW8/gMe9V5gzA=="/>
    <POI MapID="1228" xpos="-830.937" ypos="61.6283" zpos="512.354" type="chest.mapspecific.keyrequired" GUID="62rl7Fgvskuw6HlHJx/Mqg=="/>
    <POI MapID="1228" xpos="-631.65" ypos="-6.58867" zpos="-172.549" type="chest.permanent" GUID="lsQOTMZc9kO4tL6ZkmCRSg=="/>
    <POI MapID="1228" xpos="266.07" ypos="15.4151" zpos="-0.749726" type="chest.mapspecific.keyrequired" GUID="d4Es08hJa0ayP+cRqrZrKw=="/>
    <POI MapID="1228" xpos="837.469" ypos="9.63264" zpos="106.529" type="chest.permanent" GUID="cr5W105HxEudP8KRu4S2wg=="/>
    <POI MapID="1228" xpos="-206.993" ypos="91.7209" zpos="-107.004" type="chest.mapspecific.keyrequired" GUID="ZIJ2oYSnFka6+P8CizX3Wg=="/>
    <POI MapID="1228" xpos="-188.587" ypos="78.488" zpos="-6.14337" type="chest.permanent" GUID="Pe1HB24BfUSRoliOriVpDQ=="/>
    <POI MapID="1228" xpos="244.468" ypos="102.714" zpos="652.055" type="chest.permanent" GUID="Jt1FovoS0E6SL5T4q2qQOw=="/>
    <POI MapID="1228" xpos="712.444" ypos="97.8319" zpos="772.506" type="chest.mapspecific.keyrequired" GUID="Z5jeaWsRjUqzYluv7bGwUQ=="/>
    <POI MapID="1228" xpos="696.204" ypos="141.475" zpos="806.912" type="chest.permanent" GUID="OLmxICr1EUa7P0CDUCqybg=="/>
    <POI MapID="1228" xpos="-892.465" ypos="67.6022" zpos="1003.59" type="chest.permanent" GUID="smzyUPHJN02qO98qZVWuPA=="/>
    <POI MapID="1228" xpos="-941.94" ypos="87.6067" zpos="989.608" type="chest.mapspecific.keyrequired" GUID="1U36luSiUkqoLMcGbYuiQg=="/>
    <POI MapID="1228" xpos="-807.587" ypos="22.3671" zpos="350.878" type="chest.permanent" GUID="NOggZrWAgUuqZZvSPG/Veg=="/>
    <POI MapID="1228" xpos="-1046.03" ypos="5.61841" zpos="-430.387" type="chest.permanent" GUID="4aay0YH8RkyfnfkiA/zb3Q=="/>
    <POI MapID="1228" xpos="-975.909" ypos="52.3746" zpos="238.518" type="chest.mapspecific.keyrequired" GUID="8LWY4+GVC0ebz/i0v3cI5g=="/>
    <POI MapID="1228" xpos="339.625" ypos="11.6642" zpos="-113.502" type="chest.permanent" GUID="b93uD8DvPkOqJo3cPe2P0Q=="/>
    <POI MapID="1228" xpos="335.191" ypos="5.63139" zpos="-912.946" type="chest.permanent" GUID="RSJpzfpY6k6fNvBI8j8gyA=="/>
    <POI MapID="1228" xpos="-10.829" ypos="63.4756" zpos="-290.116" type="chest.mapspecific.keyrequired" GUID="1ydrNWQTMkK4jD9KVG8dcA=="/>
    <POI MapID="1228" xpos="-32.9381" ypos="74.9146" zpos="64.9109" type="chest.permanent" GUID="mzd9O0SKqECV/Nmg4bfzpg=="/>
    <POI MapID="1228" xpos="-413.368" ypos="4.49318" zpos="165.596" type="chest.permanent" GUID="j8OIo5dcRE2ONB3gjZgtKw=="/>
    <POI MapID="1228" xpos="865.685" ypos="5.1902" zpos="-109.305" type="chest.meta" GUID="bSyh7Uocx0K9HJCVvKcDfg=="/>
    <POI MapID="1228" xpos="45.1836" ypos="66.2899" zpos="256.467" type="chest.mapspecific.keyrequired" GUID="FVqF978RTE6incEKgtZtcg=="/>
    <POI MapID="1228" xpos="-959.257" ypos="63.8671" zpos="201.353" type="chest.permanent" GUID="6sGiBCYkxkiVU+ot5Y383A=="/>
    <POI MapID="1228" xpos="-1033.89" ypos="6.28683" zpos="-161.227" type="chest.mapspecific.keyrequired" GUID="fWFoJ7rGcUCIkbxb4FAs1A=="/>
    <POI MapID="1228" xpos="-918.015" ypos="-0.0820941" zpos="-221.409" type="chest.permanent" GUID="gwv+6WCMPkG9wDtowLojFw=="/>
    <POI MapID="1228" xpos="-619.917" ypos="79.1218" zpos="579.223" type="chest.mapspecific.keyrequired" GUID="+Jl6hY/Zx0eESQ9Mm96YEA=="/>
    <POI MapID="1228" xpos="-1045.94" ypos="91.5314" zpos="740.612" type="chest.permanent" GUID="hGLixmM0cESmMk+IXzhHdQ=="/>
    <POI MapID="1228" xpos="430.974" ypos="83.0454" zpos="733.758" type="chest.permanent" GUID="rwnN1ElS0EmGG29o0KEPzg=="/>
    <POI MapID="1228" xpos="-73.8061" ypos="112.336" zpos="656.245" type="chest.permanent" GUID="a6v1w8amH02ydhSrlj0tPg=="/>
    <POI MapID="1228" xpos="78.187" ypos="130.283" zpos="600.116" type="chest.mapspecific.keyrequired" GUID="pmuLObU7WUW3mavfJx4Jhw=="/>
    <POI MapID="1228" xpos="237.553" ypos="101.163" zpos="577.443" type="chest.mapspecific.keyrequired" GUID="ff79EgNJ6kGPXDzLKrkdIA=="/>
    <POI MapID="1228" xpos="-124.583" ypos="33.4897" zpos="973.705" type="chest.permanent" GUID="QPJeRWHX00epy3ib0WWbbw=="/>
    <POI MapID="1228" xpos="397.113" ypos="160.646" zpos="873.165" type="chest.permanent" GUID="3AijppFYfUWUVZ3+pZNatg=="/>
    <POI MapID="1228" xpos="425.98" ypos="151.434" zpos="810.675" type="chest.permanent" GUID="4UJTk5g/YE6QJw6iLkhThQ=="/>
    <POI MapID="1228" xpos="332.782" ypos="80.7685" zpos="468.266" type="chest.mapspecific.keyrequired" GUID="VT7MBOYXG0ujLV31yCgwAg=="/>
    <POI MapID="1228" xpos="1009.68" ypos="83.9472" zpos="959.873" type="chest.permanent" GUID="wpvdqXYJ6EeccSqP8Sdihg=="/>
    <POI MapID="1228" xpos="-222.093" ypos="9.7413" zpos="-835.711" type="chest.mapspecific.keyrequired" GUID="35ebUgoeMUi2W2aqtQDmJA=="/>
    <POI MapID="1228" xpos="-907.185" ypos="112.499" zpos="819.9" type="chest.mapspecific.keyrequired" GUID="lAVU7FILrUSnAq3uXp2I3A=="/>
    <POI MapID="1228" xpos="632.584" ypos="29.6407" zpos="-538.361" type="chest.mapspecific.keyrequired" GUID="XKe52VooaEOzSohSN5ipmA=="/>
    <POI MapID="1228" xpos="-537.188" ypos="67.7855" zpos="-83.906" type="chest.permanent" GUID="GsmWxz/9okC4PZ945pOGPA=="/>
    <POI MapID="1228" xpos="-1000.37" ypos="36.9972" zpos="-916.772" type="chest.permanent" GUID="xzBPtoh4NkCbrdFt1KurYQ=="/>
    <POI MapID="1228" xpos="-242" ypos="-0.365256" zpos="-836.195" type="chest.permanent" GUID="KRub2M7bZE+aD7Nrgmr64w=="/>
    <POI MapID="1228" xpos="373.822" ypos="16.3303" zpos="-723.044" type="chest.mapspecific.keyrequired" GUID="KCG7yPpGKkSbe8r2jCzA3A=="/>
    <POI MapID="1228" xpos="365.233" ypos="1.77465" zpos="-556.653" type="chest.mapspecific.keyrequired" GUID="zI3noMwfmke4PmDLvBeLLQ=="/>
    <POI MapID="1228" xpos="538.178" ypos="1.65938" zpos="-839.572" type="chest.permanent" GUID="zd1RPs7Ua02yf+fJDM5H7Q=="/>
    <POI MapID="1228" xpos="526.949" ypos="0.890892" zpos="-915.458" type="chest.mapspecific.keyrequired" GUID="q2J0vUabskScfIWso1/YNA=="/>
    <POI MapID="1228" xpos="546.423" ypos="16.4571" zpos="-996.981" type="chest.permanent" GUID="v9BcQjcfIEyd4WWHtXWcZg=="/>
    <POI MapID="1228" xpos="545.441" ypos="14.86" zpos="-944.827" type="chest.permanent" GUID="dHjwJHCeCU+gV/0eBkG5Rw=="/>
    <POI MapID="1228" xpos="-959.967" ypos="85.7574" zpos="950.75" type="chest.meta" GUID="emnmn5Zdrk6eAlWScFCmuA=="/>
    <POI MapID="1228" xpos="430.594" ypos="83.0461" zpos="733.714" type="chest.meta" GUID="HY4foFyckkKsBo1+OgnR9w=="/>
    <POI MapID="1228" xpos="364.342" ypos="183.201" zpos="775.02" type="chest.permanent" GUID="uMjo4NymzUmN9heNvW85Og=="/>
    <POI MapID="1228" xpos="776.855" ypos="60.729" zpos="183.491" type="chest.permanent" GUID="8EHMjBJLM0iDBVs22zx+Fw=="/>
    <POI MapID="1228" xpos="776.123" ypos="35.8103" zpos="-37.4508" type="chest.permanent" GUID="Z5iFYLpcAUmGIxkWbucXFA=="/>
    <POI MapID="1228" xpos="-410.469" ypos="94.9825" zpos="980.398" type="chest.permanent" GUID="0dzgEAMhS0ac0OZKfesYyA=="/>
    <POI MapID="1228" xpos="944.452" ypos="41.4718" zpos="-158.845" type="chest.permanent" GUID="44rhMy13oUqp48nZRCfg2g=="/>
    <POI MapID="1228" xpos="233.181" ypos="-73.9238" zpos="34.4307" type="chest.permanent" GUID="5CBNVyEtCkCfmGf0aqwlyA=="/>
    <POI MapID="1228" xpos="484.495" ypos="249.393" zpos="763.557" type="chest.permanent" GUID="VueSS1QOw0apHoo5FBbixw=="/>
    <POI MapID="1228" xpos="689.301" ypos="48.2256" zpos="271.165" type="chest.permanent" GUID="JZnwK9as9Um/GHM4A2Bipw=="/>
    <POI MapID="1228" xpos="801.104" ypos="64.2599" zpos="398.18" type="chest.permanent" GUID="cD82WHav10mfLqTMHJe1yA=="/>
    <POI MapID="1248" xpos="-1015.02" ypos="110.76" zpos="119.339" type="chest.mapspecific.keyrequired" GUID="ACxeTmqQXkGOe2EaZbjY2w=="/>
    <POI MapID="1248" xpos="-30.9395" ypos="91.3643" zpos="-403.25" type="chest.mapspecific.keyrequired" GUID="VGXzfo4O2kWyMeGJQ4ck1Q=="/>
    <POI MapID="1248" xpos="-10.0738" ypos="113.146" zpos="-294.825" type="chest.mapspecific.keyrequired" GUID="t8olzXV68kKCggtLS97bpQ=="/>
    <POI MapID="1248" xpos="-876.613" ypos="160.952" zpos="-753.81" type="chest.permanent" GUID="CWKHIVljvUGrVp9t8gkcdQ=="/>
    <POI MapID="1248" xpos="115.183" ypos="29.2254" zpos="-303.723" type="chest.mapspecific.keyrequired" GUID="0qLGosel7kWF5J4vVT1CNQ=="/>
    <POI MapID="1248" xpos="83.9298" ypos="22.6695" zpos="-341.801" type="chest.permanent" GUID="xktXUKr0TUqBzNdu5dj12w=="/>
    <POI MapID="1248" xpos="1050.17" ypos="0.748325" zpos="-896.612" type="chest.permanent" GUID="yVbvKyz+lEiI4nTUNHritg=="/>
    <POI MapID="1248" xpos="1324.08" ypos="58.6276" zpos="-627.801" type="chest.permanent" GUID="eIQ07RUVW0SoXp5f3jphWg=="/>
    <POI MapID="1248" xpos="1270.63" ypos="129.734" zpos="-538.102" type="chest.mapspecific.keyrequired" GUID="YtLg4rB1RUGbgiMWZgO3/w=="/>
    <POI MapID="1248" xpos="1422.53" ypos="149.92" zpos="-485.563" type="chest.permanent" GUID="lOh8SGu1mkCPzVSBtE41mA=="/>
    <POI MapID="1248" xpos="1016.32" ypos="196.723" zpos="-558.933" type="chest.permanent" GUID="4DKIGzKBTU+v9ZHMC5vK7Q=="/>
    <POI MapID="1248" xpos="-1063.91" ypos="139.624" zpos="365.498" type="chest.mapspecific.keyrequired" GUID="8B2ZU0lsC0SuUYSsP/9PhQ=="/>
    <POI MapID="1248" xpos="-1265.24" ypos="17.3191" zpos="169.867" type="chest.mapspecific.keyrequired" GUID="3oax9OM1sE6H4HcrIKvoig=="/>
    <POI MapID="1248" xpos="597.286" ypos="270.102" zpos="-16.2473" type="chest.mapspecific.keyrequired" GUID="yCxXHeZ/OEaAu2Ya8hUQjw=="/>
    <POI MapID="1248" xpos="447.905" ypos="290.786" zpos="-12.2482" type="chest.permanent" GUID="IzzNgIaL4Eal5shfNhzLvA=="/>
    <POI MapID="1248" xpos="751.037" ypos="77.8517" zpos="256.998" type="chest.mapspecific.keyrequired" GUID="vYFaFjTEvE6PXSOCBSPSxw=="/>
    <POI MapID="1248" xpos="737.823" ypos="79.9118" zpos="300.32" type="chest.permanent" GUID="bOnN4Xfp/kWxTFHdFSGy6g=="/>
    <POI MapID="1248" xpos="659.973" ypos="117.448" zpos="320.712" type="chest.mapspecific.keyrequired" GUID="b9crfzn6Sk67i7kBSjTKnw=="/>
    <POI MapID="1248" xpos="185.532" ypos="22.6369" zpos="-285.188" type="chest.permanent" GUID="QsLEXouDgEyQNVB0pNov2A=="/>
    <POI MapID="1248" xpos="148.181" ypos="75.0913" zpos="-208.127" type="chest.mapspecific.keyrequired" GUID="SJBmiRg3HUOuFku+Gep/gA=="/>
    <POI MapID="1248" xpos="442.172" ypos="32.7953" zpos="-613.89" type="chest.mapspecific.keyrequired" GUID="PakY5S5cHUqgeB8gcPH1rw=="/>
    <POI MapID="1248" xpos="137.181" ypos="162.151" zpos="-16.5692" type="chest.mapspecific.keyrequired" GUID="ded99zDwBUKxGORaWciwBg=="/>
    <POI MapID="1248" xpos="652.09" ypos="177.711" zpos="918.823" type="chest.permanent" GUID="8yg1ulfN80S2vj5pJvU7dQ=="/>
    <POI MapID="1248" xpos="1282.78" ypos="118.227" zpos="472.014" type="chest.permanent" GUID="nvDLMJIAgUee1MiglM0QNw=="/>
    <POI MapID="1248" xpos="-92.1771" ypos="147.404" zpos="10.2534" type="chest.permanent" GUID="xRG0Lr+zbEuKmK8QiPCvdw=="/>
    <POI MapID="1248" xpos="149.206" ypos="81.0321" zpos="849.331" type="chest.meta" GUID="1M/fl6JxI0eSCYrUR3cqpQ=="/>
    <POI MapID="1248" xpos="-1421.16" ypos="123.442" zpos="845.349" type="chest.permanent" GUID="hBEokbTD80SwmbH3ePOz2w=="/>
    <POI MapID="1248" xpos="-1426.04" ypos="121.857" zpos="809.783" type="chest.mapspecific.keyrequired" GUID="AYJ0eiNKVUuhuytuNJqLqw=="/>
    <POI MapID="1248" xpos="-1379.02" ypos="109.114" zpos="818.808" type="chest.permanent" GUID="0T+VAAYhnEKj5wPx1GVcEw=="/>
    <POI MapID="1248" xpos="-1172.1" ypos="145.014" zpos="845.151" type="chest.mapspecific.keyrequired" GUID="yz1KPQ1kUEiHveoekGfapQ=="/>
    <POI MapID="1248" xpos="-1340.31" ypos="145.095" zpos="605.899" type="chest.mapspecific.keyrequired" GUID="fUTymPYAGU2vlDLq2FpxJw=="/>
    <POI MapID="1248" xpos="-1226.16" ypos="135.4" zpos="-260.25" type="chest.permanent" GUID="vW/FEvu2yEiJbtNuZcXx9Q=="/>
    <POI MapID="1248" xpos="-1284.04" ypos="138.556" zpos="-247.056" type="chest.mapspecific.keyrequired" GUID="9PBvRvLGVEaZVp8VSkEY2Q=="/>
    <POI MapID="1248" xpos="-764.464" ypos="183.404" zpos="-675.418" type="chest.mapspecific.keyrequired" GUID="hEpNPbjjIEq80o1gtSOr1w=="/>
    <POI MapID="1248" xpos="-728.553" ypos="181.723" zpos="-658.179" type="chest.mapspecific.keyrequired" GUID="Ro6raULLVUCAX4lRxBtsEg=="/>
    <POI MapID="1248" xpos="-158.606" ypos="84.6599" zpos="-897.443" type="chest.mapspecific.keyrequired" GUID="b+Ysy0RYPEiLVhJMiLt45A=="/>
    <POI MapID="1248" xpos="82.375" ypos="120.13" zpos="-915.086" type="chest.permanent" GUID="mSVmeN10M0GCyCO1ye9rig=="/>
    <POI MapID="1248" xpos="98.8972" ypos="133.454" zpos="-843.237" type="chest.permanent" GUID="81oexHVNZ0ycLIPhU6RbKw=="/>
    <POI MapID="1248" xpos="-241.326" ypos="81.8492" zpos="-835.307" type="chest.permanent" GUID="kXnEFZZx5Eq9zclkPtByjg=="/>
    <POI MapID="1248" xpos="186.511" ypos="55.3732" zpos="-291.75" type="chest.mapspecific.keyrequired" GUID="ELkCepTgt0m4wQ47IZnr4Q=="/>
    <POI MapID="1248" xpos="-4.39878" ypos="121.276" zpos="-61.7263" type="chest.mapspecific.keyrequired" GUID="1FIRW7BzYkm3ZwjFmadR0w=="/>
    <POI MapID="1248" xpos="85.8683" ypos="132.291" zpos="10.1493" type="chest.mapspecific.keyrequired" GUID="PKr+JE3O5US/V+tKF75TQA=="/>
    <POI MapID="1248" xpos="-486.744" ypos="101.726" zpos="-408.978" type="chest.permanent" GUID="dD3RqspS8kmgzxp1oQm83Q=="/>
    <POI MapID="1248" xpos="-413.217" ypos="95.5119" zpos="-342.157" type="chest.permanent" GUID="cxjASkY0u0y7DUZDFSXK5g=="/>
    <POI MapID="1248" xpos="-371.68" ypos="111.887" zpos="-206.874" type="chest.mapspecific.keyrequired" GUID="eB0RtlK6bUWsXkLOY8cQgg=="/>
    <POI MapID="1248" xpos="-314.781" ypos="142.501" zpos="-79.174" type="chest.mapspecific.keyrequired" GUID="NAJcptdpVkmXbnb7R3gn7A=="/>
    <POI MapID="1248" xpos="-161.055" ypos="143.599" zpos="-19.9892" type="chest.mapspecific.keyrequired" GUID="t37OGPKTPkuaMUXeOg/RZQ=="/>
    <POI MapID="1248" xpos="920.754" ypos="85.7464" zpos="761.552" type="chest.mapspecific.keyrequired" GUID="1NEBEdIr30mhJv4egR0AlQ=="/>
    <POI MapID="1248" xpos="563.675" ypos="151.404" zpos="799.869" type="chest.mapspecific.keyrequired" GUID="q3s6KPpytESqMcif4EvKZg=="/>
    <POI MapID="1248" xpos="435.742" ypos="147.297" zpos="888.941" type="chest.permanent" GUID="Vm4C8p2zjEC8yQrVrEIzEg=="/>
    <POI MapID="1248" xpos="92.2711" ypos="144.027" zpos="824.734" type="chest.permanent" GUID="zJEbkGXofkKwT2EBtsyv6g=="/>
    <POI MapID="1248" xpos="-8.12472" ypos="153.581" zpos="789.315" type="chest.permanent" GUID="5jpY4jdbmUmz/LXDCuzmfw=="/>
    <POI MapID="1248" xpos="10.1234" ypos="133.454" zpos="867.081" type="chest.permanent" GUID="dwsj9NCmrkOoEKacvDUxqg=="/>
    <POI MapID="1248" xpos="-258.63" ypos="120.236" zpos="965.373" type="chest.permanent" GUID="Vh0YbedHz0aMhfjJZIf5wQ=="/>
    <POI MapID="1248" xpos="-638.776" ypos="93.3895" zpos="875.981" type="chest.permanent" GUID="orGid2RAKkGahYuEZDjY3Q=="/>
    <POI MapID="1248" xpos="1417.43" ypos="111.066" zpos="-864.606" type="chest.mapspecific.keyrequired" GUID="LC/lV3Y4bUmjJe6N4KUspQ=="/>
    <POI MapID="1248" xpos="-802.093" ypos="106.038" zpos="779.153" type="chest.permanent" GUID="pEdeJvBngk6Rzwd5d+LPAw=="/>
    <POI MapID="1248" xpos="-377.89" ypos="66.3993" zpos="455.868" type="chest.mapspecific.keyrequired" GUID="wTC/pGlIEE+3Ii7kBKLh6w=="/>
    <POI MapID="1248" xpos="-1062.41" ypos="118.683" zpos="-108.594" type="chest.meta" GUID="eEHS8To4GkOpB9d2nkjghg=="/>
    <POI MapID="1248" xpos="-521.166" ypos="183.875" zpos="-117.865" type="chest.permanent" GUID="cYisnUDQ70y9IKBHGErRgQ=="/>
    <POI MapID="1248" xpos="-296.608" ypos="101.039" zpos="-272.203" type="chest.meta" GUID="rmNFUJ4CnkC9loB1RTiabw=="/>
    <POI MapID="1248" xpos="492.783" ypos="177.248" zpos="-19.1935" type="chest.meta" GUID="Xl6RkXdoNk2FLL6+G8PEkw=="/>
    <POI MapID="1248" xpos="514.735" ypos="176.602" zpos="-19.8621" type="chest.permanent" GUID="KdjBXZlAn0yL57WI4EczKA=="/>
    <POI MapID="1248" xpos="816.677" ypos="109.686" zpos="-68.3061" type="chest.permanent" GUID="MAGc0YYjJ0ytQHFji9xH8g=="/>
    <POI MapID="1248" xpos="-706.804" ypos="125.452" zpos="924.736" type="chest.mapspecific.keyrequired" GUID="Imu4kvUQqEGTMch4mPsbUg=="/>
    <POI MapID="1248" xpos="-1337.35" ypos="262.94" zpos="-538.286" type="chest.mapspecific.keyrequired" GUID="5WzQujMZRkCGM7whVN4hzQ=="/>
    <POI MapID="1248" xpos="1407.23" ypos="78.0891" zpos="-207.305" type="chest.mapspecific.keyrequired" GUID="6/QJ0sM/ZUmYQ+zCH8fSgQ=="/>
    <POI MapID="1248" xpos="-733.64" ypos="129.03" zpos="976.969" type="chest.mapspecific.keyrequired" GUID="ZehEYG+Li02EUth+o24OpQ=="/>
    <POI MapID="1248" xpos="-816.147" ypos="100.309" zpos="955.163" type="chest.mapspecific.keyrequired" GUID="BKcfeGDQ6U+r8Z54K0P01g=="/>
    <POI MapID="1248" xpos="1358.67" ypos="126.018" zpos="-129.036" type="chest.permanent" GUID="0PkH5v309US26s1s6hu4ig=="/>
    <POI MapID="1248" xpos="1349.85" ypos="90.0571" zpos="-38.2293" type="chest.mapspecific.keyrequired" GUID="8vWVSDoIrkKEBLt9ejvYbw=="/>
    <POI MapID="1248" xpos="-871.918" ypos="190.907" zpos="872.149" type="chest.permanent" GUID="q/h9krNulUyLx2vINNFjLw=="/>
    <POI MapID="1248" xpos="893.115" ypos="125.047" zpos="439.951" type="chest.permanent" GUID="1i1vkihhbkKjnG6d9b0gtw=="/>
    <POI MapID="1248" xpos="597.199" ypos="68.0078" zpos="664.792" type="chest.permanent" GUID="XjiVPERsmUO2qYm9eI0abA=="/>
    <POI MapID="1248" xpos="596.894" ypos="66.3117" zpos="659.516" type="chest.mapspecific.keyrequired" GUID="PoanBKOAikaJDVQgpLL53A=="/>
    <POI MapID="1248" xpos="943.012" ypos="-0.602108" zpos="566.736" type="chest.meta" GUID="rx7JM4+VbU21CphQEZWzZA=="/>
    <POI MapID="1248" xpos="663.995" ypos="55.8956" zpos="529.538" type="chest.mapspecific.keyrequired" GUID="8FUTfrYFREeS+fJs31YR7A=="/>
    <POI MapID="1248" xpos="610.737" ypos="108.433" zpos="457.03" type="chest.mapspecific.keyrequired" GUID="Sm2VUEM/w0KMdq8RK8BFWw=="/>
    <POI MapID="1248" xpos="617.002" ypos="99.3021" zpos="304.331" type="chest.permanent" GUID="mONsr9aQNka6RYuAn+Wudw=="/>
    <POI MapID="1248" xpos="446.302" ypos="160.159" zpos="197.078" type="chest.mapspecific.keyrequired" GUID="Chc4FlL8aUaGR3ht5+D5jA=="/>
    <POI MapID="1248" xpos="-796.345" ypos="197.861" zpos="-633.749" type="chest.mapspecific.keyrequired" GUID="rGDU1BgSQ0KwCDem0je0xw=="/>
    <POI MapID="1248" xpos="-687.252" ypos="167.561" zpos="-645.655" type="chest.mapspecific.keyrequired" GUID="OjGlXAx3nUaRpjXWqFKd+g=="/>
    <POI MapID="1248" xpos="-699.914" ypos="198.152" zpos="-578.927" type="chest.mapspecific.keyrequired" GUID="z7YIuCtKv0yaV5d3wtn3MQ=="/>
    <POI MapID="1248" xpos="43.3872" ypos="106.515" zpos="-349.491" type="chest.mapspecific.keyrequired" GUID="4CuWcRtP7U6Kkao+XCA3Ng=="/>
    <POI MapID="1248" xpos="382.52" ypos="159.629" zpos="916.937" type="chest.mapspecific.keyrequired" GUID="Sa8PuW8bWUaBC8bRABoKWg=="/>
    <POI MapID="1248" xpos="1189.13" ypos="149.685" zpos="953.344" type="chest.mapspecific.keyrequired" GUID="ciHLYCKaZkqYyDA7PZWbOA=="/>
    <POI MapID="1248" xpos="1339.2" ypos="109.898" zpos="686.234" type="chest.permanent" GUID="n4IZVosORUeLuXt/IKIRXg=="/>
    <POI MapID="1248" xpos="1280.97" ypos="150.508" zpos="756.386" type="chest.mapspecific.keyrequired" GUID="mdbskSwAjkCfjy0DDrWFIA=="/>
    <POI MapID="1248" xpos="130.46" ypos="82.4284" zpos="638.291" type="chest.mapspecific.keyrequired" GUID="3aC+K9/iRk+gMnkdnEo/tg=="/>
    <POI MapID="1248" xpos="-948.528" ypos="272.704" zpos="-337.29" type="chest.mapspecific.keyrequired" GUID="IEJJ0DLV30CTVqbocGe8Nw=="/>
    <POI MapID="1248" xpos="-1336.81" ypos="322.003" zpos="-645.116" type="chest.permanent" GUID="RAupMSHlBECSWds4jeHfWQ=="/>
    <POI MapID="1248" xpos="-1271.59" ypos="93.7859" zpos="-26.3517" type="chest.mapspecific.keyrequired" GUID="8MtWH9w4jkWJece2W1I/4w=="/>
    <POI MapID="1248" xpos="-69.297" ypos="87.9837" zpos="-446.255" type="chest.mapspecific.keyrequired" GUID="6/2LE8adq0ieC/UVCruFSA=="/>
    <POI MapID="1248" xpos="514.707" ypos="177.552" zpos="-16.185" type="chest.mapspecific.keyrequired" GUID="ILYPA80bUkixpimMuV8wMw=="/>
    <POI MapID="1248" xpos="-300.337" ypos="93.6622" zpos="671.326" type="chest.mapspecific.keyrequired" GUID="aBbREcEQ10ibLYqN3c52lw=="/>
    <POI MapID="1248" xpos="-79.3065" ypos="135.606" zpos="838.727" type="chest.permanent" GUID="Qk+PS3RMPkCE02KqpfDR1g=="/>
    <POI MapID="1248" xpos="-84.1442" ypos="136.248" zpos="850.831" type="chest.mapspecific.keyrequired" GUID="PkthN2le9UOtY8DWY9IuAQ=="/>
    <POI MapID="1248" xpos="168.324" ypos="81.3182" zpos="852.445" type="chest.permanent" GUID="z6uUClKkO0Sk60gx8AWK7w=="/>
    <POI MapID="1041" xpos="-276.443" ypos="18.4954" zpos="574.145" type="chest.permanent" GUID="gUNCzusm5kmfRZNyyDSa3Q=="/>
    <POI MapID="1043" xpos="449.849" ypos="313.927" zpos="6.34684" type="chest.permanent" GUID="fgGVR9QMv0CtWeD97mpL9g=="/>
    <POI MapID="1043" xpos="-577" ypos="271.537" zpos="-433.638" type="chest.permanent" GUID="nQLqZwReiEG7eg93nCphCQ=="/>
    <POI MapID="1043" xpos="448.914" ypos="314.268" zpos="-289.962" type="chest.permanent" GUID="ydXBiAhQnUK/1mOfTnQknA=="/>
    <POI MapID="1043" xpos="77.2521" ypos="21.4139" zpos="120.286" type="chest.meta" GUID="nX9mmmtDd0eCbw1mmdBupA=="/>
    <POI MapID="1043" xpos="-442.721" ypos="294.276" zpos="-453.799" type="chest.permanent" GUID="RPpDcZBLgUSXOC5YZu/EdQ=="/>
    <POI MapID="1043" xpos="77.1118" ypos="21.4823" zpos="119.981" type="chest.meta" GUID="HX5TDtFcukGgtgiGwhhqOg=="/>
    <POI MapID="1043" xpos="508.89" ypos="383.318" zpos="259.984" type="chest.permanent" GUID="9tOtej6uxEm0qZpnScIG2A=="/>
    <POI MapID="1045" xpos="140.878" ypos="16.035" zpos="-533.907" type="chest.permanent" GUID="5yNC6vfna06T/1HNcNF7AA=="/>
    <POI MapID="1045" xpos="147.899" ypos="126.661" zpos="13.4053" type="chest.permanent" GUID="l/RP1aYJ7kurFjvPXB8vHg=="/>
    <POI MapID="1045" xpos="-501.849" ypos="331.871" zpos="75.9572" type="chest.permanent" GUID="o51x125wS06A4f7kp+T8+A=="/>
    <POI MapID="1045" xpos="-503.625" ypos="281.584" zpos="-297.921" type="chest.permanent" GUID="h9G12r6UmUCmHa6NhB04DA=="/>
    <POI MapID="1045" xpos="-402.898" ypos="168.702" zpos="303.881" type="chest.permanent" GUID="bwkjN8ENQUGTQWbHBRij1w=="/>
    <POI MapID="1045" xpos="-498.934" ypos="-4.39858" zpos="112.669" type="chest.permanent" GUID="hKhf4niKikORXlUyizr8GA=="/>
    <POI MapID="1045" xpos="-213.004" ypos="233.737" zpos="350.825" type="chest.permanent" GUID="ZosM7ol+JEOh09hhZNLMEQ=="/>
    <POI MapID="1045" xpos="-626.297" ypos="310.288" zpos="38.0442" type="chest.permanent" GUID="e4N8hXwRnUKHS5oiDgpz8w=="/>
    <POI MapID="1045" xpos="-658.374" ypos="184.668" zpos="-68.3733" type="chest.permanent" GUID="k5mXfr80kEewkYUG4IIwHA=="/>
    <POI MapID="1045" xpos="-303.781" ypos="257.894" zpos="-107.29" type="chest.permanent" GUID="rEZ2AFy1MEa6Bm4tuKK4FA=="/>
    <POI MapID="1045" xpos="148.693" ypos="1.55958" zpos="-369.849" type="chest.meta" GUID="mg9O0qOlFEaNZjwsgBcduA=="/>
    <POI MapID="1045" xpos="470.543" ypos="39.0082" zpos="-210.029" type="chest.mapspecific.tangleddepths" GUID="MR2P/riIfEqH9bjeXQyQqw=="/>
    <POI MapID="1045" xpos="192.456" ypos="185.683" zpos="137.26" type="chest.permanent" GUID="rKTWbUJG9EC+ltWrexq6+w=="/>
    <POI MapID="1045" xpos="-835.517" ypos="252.727" zpos="-288.425" type="chest.permanent" GUID="PjbYAYihU0KMPZeESg9t/w=="/>
    <POI MapID="1045" xpos="360.771" ypos="49.7711" zpos="-128.066" type="chest.permanent" GUID="LTnEoK8iqk65G2MI9ChRKg=="/>
    <POI MapID="1052" xpos="620.342" ypos="422.925" zpos="186.636" type="chest.permanent" GUID="3VLRnOU7v0q5bTROroDCLQ=="/>
    <POI MapID="1052" xpos="734.494" ypos="403.568" zpos="235.343" type="chest.permanent" GUID="4CUNSXA7hUqyGhF88NkJ+w=="/>
    <POI MapID="1052" xpos="-588.504" ypos="533.581" zpos="-259.974" type="chest.permanent" GUID="9TyuJyR6kkSXm6mD0GfTXw=="/>
    <POI MapID="1052" xpos="-460.265" ypos="496.628" zpos="-418.231" type="chest.permanent" GUID="zepL4J012kSzFmnOyAIkjQ=="/>
    <POI MapID="1052" xpos="644.476" ypos="123.651" zpos="-59.4792" type="chest.permanent" GUID="D3huwsieT0ycrkx+dOOooA=="/>
    <POI MapID="1052" xpos="812.789" ypos="324.259" zpos="44.4856" type="chest.permanent" GUID="Fdqpqd4vCkC8rEvOy72yjA=="/>
    <POI MapID="1052" xpos="-494.832" ypos="717.598" zpos="-155.3" type="chest.meta" GUID="6LqoDlDMXk2IF68p6dqvlA=="/>
    <POI MapID="1052" xpos="417.392" ypos="851.799" zpos="-121.814" type="chest.meta" GUID="47hzoQTY50S5S/k1xaIPHw=="/>
    <POI MapID="1052" xpos="177.044" ypos="665.111" zpos="-33.57" type="chest.meta" GUID="DgSq1xzYoU+mVVu358ekBg=="/>
    <POI MapID="1052" xpos="-94.3781" ypos="747.321" zpos="36.4941" type="chest.meta" GUID="L4FjaYj6nU2+/47cJ+MRdg=="/>
    <POI MapID="1052" xpos="-493.651" ypos="717.559" zpos="-155.875" type="chest.meta" GUID="LVfoNSoW2EaDrcIdcFCozw=="/>
    <POI MapID="1052" xpos="177.315" ypos="665.116" zpos="-33.4837" type="chest.meta" GUID="YBt0OwOJakK443pmi8dihQ=="/>
    <POI MapID="1052" xpos="173.05" ypos="383.569" zpos="-214.79" type="chest.mapspecific.verdantbrink" GUID="wIRDN3e6ZE68MQAONgem2A=="/>
    <POI MapID="1052" xpos="431.213" ypos="433.68" zpos="-402.123" type="chest.mapspecific.verdantbrink" GUID="Z5IzI8MlIEuBUb5exUnJlA=="/>
    <POI MapID="1052" xpos="-693.007" ypos="361.769" zpos="-337.616" type="chest.mapspecific.verdantbrink" GUID="3sN7MYdag0eLhkpZ4nzR1Q=="/>
    <POI MapID="1052" xpos="-676.266" ypos="364.215" zpos="-373.798" type="chest.mapspecific.verdantbrink" GUID="iPDm66mHDkKEJuYec/l3cQ=="/>
    <POI MapID="1149" xpos="-95.8759" ypos="106.814" zpos="61.1744" type="chest.permanent" GUID="PCLCjTUROU+MCW+M+y9lAQ=="/>
    <POI MapID="1149" xpos="4.94745" ypos="85.4708" zpos="-117.393" type="chest.permanent" GUID="HP1GCQ4Rb0yZPhdMCulX2w=="/>
    <POI MapID="1149" xpos="284.447" ypos="75.1632" zpos="-364.523" type="chest.permanent" GUID="fux1v2ChRkKubXniCM2l3Q=="/>
    <POI MapID="1156" xpos="-74.6908" ypos="193.939" zpos="12.0379" type="chest.permanent" GUID="yE3IOOzPLEC9Gw0i5zSGVw=="/>
    <POI MapID="1165" xpos="-283.724" ypos="40.6519" zpos="-25.231" type="chest.meta" GUID="sJC3Exjl3UyCahDqLzSM5Q=="/>
    <POI MapID="1175" xpos="-473.638" ypos="204.982" zpos="-66.6284" type="chest.permanent" GUID="cNR3ieizNUmF4Omszdqxlg=="/>
    <POI MapID="1175" xpos="-511.671" ypos="191.377" zpos="-21.7974" type="chest.permanent" GUID="6tRLv5af6EK12RCg1UTe6A=="/>
    <POI MapID="1175" xpos="662.827" ypos="1.36534" zpos="2.55062" type="chest.meta" GUID="OX0kJ496WE67D+olobXvlw=="/>
    <POI MapID="1175" xpos="196.835" ypos="53.7726" zpos="45.366" type="chest.meta" GUID="6YMg9AbTukOJynLVwzDgRg=="/>
    <POI MapID="1175" xpos="-797.991" ypos="28.856" zpos="-193.217" type="chest.meta" GUID="JGcOIsQNkkqron3KLiZOlA=="/>
    <POI MapID="1175" xpos="225.908" ypos="29.0096" zpos="-264.66" type="chest.meta" GUID="gMREAqmvnUyYpPwjWbETcw=="/>
    <POI MapID="1175" xpos="277.978" ypos="30.2007" zpos="-831.317" type="chest.meta" GUID="A5IWVv+yGkObplHbojcswA=="/>
    <POI MapID="1175" xpos="-416.092" ypos="14.1404" zpos="-875.961" type="chest.meta" GUID="0NFc+17hY0eR222ZlTlHNw=="/>
    <POI MapID="1175" xpos="418.756" ypos="3.2799" zpos="-593.866" type="chest.meta" GUID="qL0ji1bzsU6fhsfkeJf2wA=="/>
    <POI MapID="1175" xpos="-567.83" ypos="70.1242" zpos="-800.073" type="chest.mapspecific.keyrequired" GUID="sCiUXyChREGV/JAUEu3Bqg=="/>
    <POI MapID="1175" xpos="843.007" ypos="2.68241" zpos="-215.276" type="chest.mapspecific.keyrequired" GUID="j35B9cZIZ0qzoHRNg2iwow=="/>
    <POI MapID="1175" xpos="546.071" ypos="78.6766" zpos="-77.5592" type="chest.mapspecific.keyrequired" GUID="9T5r+TEC+0WKw1TaQf+aGQ=="/>
    <POI MapID="1175" xpos="698.287" ypos="8.88557" zpos="-94.9871" type="chest.mapspecific.keyrequired" GUID="46RbyQNT70+naGkjeTIW4Q=="/>
    <POI MapID="1175" xpos="-660.929" ypos="23.5346" zpos="-310.862" type="chest.mapspecific.keyrequired" GUID="65LWA0qS3EWgxL6bFLkl2A=="/>
    <POI MapID="1175" xpos="750.064" ypos="1.55861" zpos="157.315" type="chest.mapspecific.keyrequired" GUID="9V/+E7v/JUW7KoLNfeyR+w=="/>
    <POI MapID="1175" xpos="244.266" ypos="143.658" zpos="-714.253" type="chest.mapspecific.keyrequired" GUID="zeLiiUgPkE2WaQOd8OzUBg=="/>
    <POI MapID="1175" xpos="122.905" ypos="127.912" zpos="-99.4823" type="chest.mapspecific.keyrequired" GUID="TWDqd0XLwEi6a3IE5ahJnA=="/>
    <POI MapID="1175" xpos="416.273" ypos="2.58756" zpos="-489.803" type="chest.mapspecific.keyrequired" GUID="dpgR9VlRp02b1zmT7240zg=="/>
    <POI MapID="1175" xpos="284.383" ypos="62.5418" zpos="278.208" type="chest.mapspecific.keyrequired" GUID="tgU07aSlOUCijn3IT/B1hg=="/>
    <POI MapID="1175" xpos="-174.801" ypos="36.6715" zpos="-300.545" type="chest.mapspecific.keyrequired" GUID="jnMXKagWOkmtDCisFAmsuA=="/>
    <POI MapID="1175" xpos="-237.592" ypos="12.9068" zpos="-314.286" type="chest.mapspecific.keyrequired" GUID="pxdXvUr730+9NAjled4Hsw=="/>
    <POI MapID="1175" xpos="-211.44" ypos="11.66" zpos="-363.938" type="chest.mapspecific.keyrequired" GUID="ICsoZhAyPkeuJ3WZDy7cNw=="/>
    <POI MapID="1175" xpos="451.089" ypos="1.87375" zpos="-638.723" type="chest.mapspecific.keyrequired" GUID="rSSfjWOmLEKC4s8Le2YSng=="/>
    <POI MapID="1175" xpos="315.503" ypos="16.0658" zpos="-297.785" type="chest.mapspecific.keyrequired" GUID="JBGabx7TgUOJofsnIy5KTA=="/>
    <POI MapID="1175" xpos="389.287" ypos="99.4197" zpos="1.72038" type="chest.mapspecific.keyrequired" GUID="XjgqZZFi+0u+c7xP6Yc/Sg=="/>
    <POI MapID="1175" xpos="47.1067" ypos="45.0382" zpos="-197.04" type="chest.mapspecific.keyrequired" GUID="Ty9b0VlMT0WMEREV1rwlPQ=="/>
    <POI MapID="1175" xpos="-318.473" ypos="172.33" zpos="-181.184" type="chest.mapspecific.keyrequired" GUID="TWdpO0su1U+FUNK7z12JKA=="/>
    <POI MapID="1188" xpos="11.2614" ypos="105.791" zpos="157.543" type="chest.mapspecific.keyrequired" GUID="nOKL3pz9N02gkHqpmI/Efw=="/>
    <POI MapID="1188" xpos="-55.9493" ypos="134.64" zpos="14.832" type="chest.mapspecific.keyrequired" GUID="1hyl3Mx8w0iH/XI/r0+D8Q=="/>
    <POI MapID="1185" xpos="224.963" ypos="72.3617" zpos="590.992" type="chest.permanent" GUID="fIwQp4JBkkKdhEUuo+O3qQ=="/>
    <POI MapID="1185" xpos="217.753" ypos="110.763" zpos="444.432" type="chest.permanent" GUID="oFC3vJLj1UaTZE3qoTdrHg=="/>
    <POI MapID="1185" xpos="287.967" ypos="150.052" zpos="521.689" type="chest.permanent" GUID="qFfQYjnPUEK+GtZ+/8f4WA=="/>
    <POI MapID="1185" xpos="258.936" ypos="170.649" zpos="597.715" type="chest.permanent" GUID="q0U191BQaEeOhSz67j9Nrg=="/>
    <POI MapID="1185" xpos="178.294" ypos="175.505" zpos="715.408" type="chest.permanent" GUID="z+dJO/OFuU6FVortbKtqjQ=="/>
    <POI MapID="1185" xpos="266.52" ypos="189.529" zpos="620.452" type="chest.permanent" GUID="f07ccqvPSkuP1JbBeT7OkQ=="/>
    <POI MapID="1185" xpos="350.543" ypos="187.437" zpos="736.505" type="chest.permanent" GUID="AAYjXg5K6EG4pGcO7AIXaw=="/>
    <POI MapID="1185" xpos="2.33025" ypos="45.8415" zpos="14.1231" type="chest.permanent" GUID="YlsqgE+G7Eu2jABiviTqvw=="/>
    <POI MapID="1185" xpos="327.563" ypos="153.618" zpos="554.464" type="chest.permanent" GUID="VWg141yc7U6HuS+uiBIUAA=="/>
    <POI MapID="1185" xpos="258.46" ypos="157.602" zpos="569.128" type="chest.permanent" GUID="R0O9SSkxlUKCvcQyqPD2Cw=="/>
    <POI MapID="1185" xpos="288.771" ypos="173.486" zpos="582.789" type="chest.permanent" GUID="hLZOyhBrtUK2Qj7ynAMjsg=="/>
    <POI MapID="1185" xpos="384.208" ypos="204.373" zpos="658.088" type="chest.permanent" GUID="/cYCAt7oL0iWvHRATjXf9Q=="/>
    <POI MapID="1185" xpos="245.464" ypos="78.0527" zpos="525.943" type="chest.permanent" GUID="H9SFkq4QwUyJt50cy5sEtQ=="/>
    <POI MapID="1185" xpos="311.185" ypos="196.732" zpos="661.663" type="chest.permanent" GUID="SeeC8X90g0OSkYWfSy8a7w=="/>
    <POI MapID="1185" xpos="262.058" ypos="192.203" zpos="684.453" type="chest.permanent" GUID="+i/n1D+7kUGvDFIqBjYWKA=="/>
    <POI MapID="1185" xpos="307.165" ypos="199.055" zpos="705.83" type="chest.meta" GUID="n10XfXWLsE2eMkGrjtmlMw=="/>
    <POI MapID="1185" xpos="369.397" ypos="34.4666" zpos="-656.59" type="chest.permanent" GUID="AsYBaCMNb0KFRyRzKi5U9A=="/>
    <POI MapID="1185" xpos="374.396" ypos="192.146" zpos="635.385" type="chest.permanent" GUID="QuY0tif8DUKz2rUgN3YZlQ=="/>
    <POI MapID="1185" xpos="-166.204" ypos="98.2332" zpos="643.356" type="chest.meta" GUID="4yQoPjYyZU+W/RzWrTJpig=="/>
    <POI MapID="15" xpos="-974.998" ypos="18.9347" zpos="450.433" type="chest.permanent" GUID="Ybo6HRSJYkmFhGkVj4lH1w=="/>
    <POI MapID="15" xpos="259.612" ypos="-0.753364" zpos="-434.749" type="chest.meta" GUID="N3MpNEH3pUyamEJSU9Sp2w=="/>
    <POI MapID="17" xpos="820.684" ypos="93.8594" zpos="-129.7" type="chest.permanent" GUID="JYkJENtoDkCoC/AOa2c5kQ=="/>
    <POI MapID="17" xpos="715.495" ypos="72.538" zpos="-53.643" type="chest.permanent" GUID="eov6XZM2g0O9NPGeaP9g0A=="/>
    <POI MapID="17" xpos="-901.256" ypos="125.706" zpos="-129.118" type="chest.permanent" GUID="Xh12XXvvo0qoRPHelHFBng=="/>
    <POI MapID="17" xpos="411.676" ypos="0.0863068" zpos="257.921" type="chest.permanent" GUID="3qLJHb/MaU6zjAYz8poGcQ=="/>
    <POI MapID="24" xpos="-511.842" ypos="0.251935" zpos="-510.341" type="chest.permanent" GUID="SfZdklrnk0Ck+lKunr/Mgw=="/>
    <POI MapID="24" xpos="453.012" ypos="0.424502" zpos="354.61" type="chest.permanent" GUID="X1WXLVQ38EqY+tpsU5yigQ=="/>
    <POI MapID="248" xpos="197.938" ypos="70.01" zpos="256.441" type="chest.permanent" GUID="GMsM2lc9I0yZ7YgceXzlVg=="/>
    <POI MapID="50" xpos="573.716" ypos="2.28927" zpos="-407.523" type="chest.permanent" GUID="wk5ouBs7EkeyZI4Gw19luA=="/>
    <POI MapID="73" xpos="-140.155" ypos="18.1309" zpos="204.433" type="chest.meta" GUID="e3qfSlQ75E2qYFu2YzHj8g=="/>
    <POI MapID="873" xpos="208.159" ypos="-58.7735" zpos="-492.092" type="chest.permanent" GUID="eLwzARQHLkmCy3DL4v9kLw=="/>
    <POI MapID="873" xpos="-426.305" ypos="38.948" zpos="294.433" type="chest.permanent" GUID="0IRu+fHbeUeLjMPPzYScDQ=="/>
    <POI MapID="873" xpos="-548.089" ypos="58.0015" zpos="298.441" type="chest.permanent" GUID="56pj0Qzyu0mXbSkj1qvT/A=="/>
    <POI MapID="866" xpos="-130.086" ypos="176.241" zpos="125.132" type="chest.meta" GUID="J9ppVLCcy0Sv9PuvLIdKNw=="/>
    <POI MapID="866" xpos="142.305" ypos="178.015" zpos="-111.89" type="chest.meta" GUID="nAe+vr1iZEOW8m7rpbHJWQ=="/>
    <POI MapID="1015" xpos="-243.097" ypos="373.685" zpos="-352.931" type="chest.meta" GUID="jDlrVRwDDkCswJ01+60xZA=="/>
    <POI MapID="988" xpos="314.442" ypos="135.804" zpos="-416.311" type="chest.permanent" GUID="2jBC3Nw48026+ajvmpFL5w=="/>
    <POI MapID="1195" xpos="239.229" ypos="430.855" zpos="-94.1336" type="chest.meta" GUID="H+syvoKCVE2e1h6qfvz6vg=="/>
    <POI MapID="1195" xpos="363.087" ypos="32.8358" zpos="-148.35" type="chest.meta" GUID="0B+1miUIakatXY7NODsL7w=="/>
    <POI MapID="1195" xpos="-397.174" ypos="52.6259" zpos="17.2924" type="chest.meta" GUID="WByuQCHY+EiSkKnuxSNKWw=="/>
    <POI MapID="1195" xpos="-72.6001" ypos="189.125" zpos="-817.518" type="chest.mapspecific.keyrequired" GUID="b7Ieqkp6mE6gJz2EcSvY1g=="/>
    <POI MapID="1195" xpos="101.338" ypos="185.722" zpos="-624.541" type="chest.mapspecific.keyrequired" GUID="qHKJKo9Q506UVwF5ceDdlw=="/>
    <POI MapID="1195" xpos="14.1841" ypos="178.246" zpos="-539.842" type="chest.mapspecific.keyrequired" GUID="d7NQvfoRhku2IYDAAm7RRQ=="/>
    <POI MapID="1195" xpos="-71.5902" ypos="170.434" zpos="-434.579" type="chest.mapspecific.keyrequired" GUID="5yHT00Y4E06bMB1pwn8ODw=="/>
    <POI MapID="1195" xpos="-181.332" ypos="283.211" zpos="-754.499" type="chest.mapspecific.keyrequired" GUID="TKnw+vsnKkOq5Wwq7KvXjQ=="/>
    <POI MapID="1195" xpos="-173.767" ypos="112.353" zpos="-694.829" type="chest.mapspecific.keyrequired" GUID="hqAbJ1ihoUaHSmtdXIaxkw=="/>
    <POI MapID="1195" xpos="486.843" ypos="251.258" zpos="-275.401" type="chest.mapspecific.keyrequired" GUID="Rmsxipm0r0yjJunJgUe4cg=="/>
    <POI MapID="1195" xpos="450.784" ypos="198.354" zpos="-273.767" type="chest.mapspecific.keyrequired" GUID="PANUolvo30umZsK1IGQDdA=="/>
    <POI MapID="1195" xpos="285.965" ypos="80.1817" zpos="-449.839" type="chest.mapspecific.keyrequired" GUID="QCYUQ4l9ukKNanZORJzFbw=="/>
    <POI MapID="1195" xpos="530.621" ypos="336.738" zpos="-481.075" type="chest.mapspecific.keyrequired" GUID="maJ0X7MFkEyP4+gTvZuV+Q=="/>
    <POI MapID="1195" xpos="383.707" ypos="214.544" zpos="-492.137" type="chest.mapspecific.keyrequired" GUID="uYdsHSMRH0Kawfg1GBfneg=="/>
    <POI MapID="1195" xpos="-242.089" ypos="274.923" zpos="163.327" type="chest.mapspecific.keyrequired" GUID="nfjJhUp5nk+ETIsd+C1f+Q=="/>
    <POI MapID="1195" xpos="-556.944" ypos="1.97537" zpos="-165.031" type="chest.mapspecific.keyrequired" GUID="jNcT4XZW+Uy3rMpnfzL8nA=="/>
    <POI MapID="1195" xpos="241.301" ypos="403.603" zpos="-252.482" type="chest.mapspecific.keyrequired" GUID="oBzSwgpHXkGa3sffMmr2AA=="/>
    <POI MapID="1195" xpos="-319.655" ypos="476.547" zpos="-5.38919" type="chest.mapspecific.keyrequired" GUID="XtPwyfk2KUCQWup7V7vxiQ=="/>
    <POI MapID="1195" xpos="203.808" ypos="159.787" zpos="-476.605" type="chest.mapspecific.keyrequired" GUID="s+ljY5osH0GMThjfUURsnQ=="/>
    <POI MapID="1195" xpos="-115.439" ypos="237.216" zpos="63.4944" type="chest.mapspecific.keyrequired" GUID="bslCB0+ZJkGDo1bFUkANkw=="/>
    <POI MapID="1195" xpos="-341.756" ypos="440.708" zpos="-451.188" type="chest.mapspecific.keyrequired" GUID="tgo6p3dBh0aZYlZexeao5g=="/>
    <POI MapID="1195" xpos="167.053" ypos="458.413" zpos="-173.029" type="chest.mapspecific.keyrequired" GUID="upt0Xrdm2US/Oj0iSjMPtg=="/>
    <POI MapID="1195" xpos="519.643" ypos="110.881" zpos="-317.727" type="chest.mapspecific.keyrequired" GUID="3YLlColQmEeeHOOzjYP9sg=="/>
    <POI MapID="1195" xpos="406.841" ypos="102.308" zpos="-415.635" type="chest.mapspecific.keyrequired" GUID="ng8bZwxth0GJwK1GuOkCkw=="/>
    <POI MapID="1195" xpos="175.912" ypos="26.4514" zpos="-100.329" type="chest.mapspecific.keyrequired" GUID="gXMuSlUEu0CdPDWIjnHLuw=="/>
    <POI MapID="1203" xpos="68.236" ypos="89.0318" zpos="-341.844" type="chest.permanent" GUID="QojQCFkf7kakSwh2f1QbDA=="/>
    <POI MapID="1203" xpos="322.839" ypos="58.2826" zpos="-262.563" type="chest.permanent" GUID="VRrtUTD0i0GfqzOSrEdq/w=="/>
    <POI MapID="1203" xpos="-316.377" ypos="36.1747" zpos="-140.338" type="chest.permanent" GUID="JGzqnDcM0kSdCjETllMhOw=="/>
    <POI MapID="1203" xpos="-369.169" ypos="33.9856" zpos="-171.348" type="chest.permanent" GUID="R8Yhf5JvSkittlxu5ET0RA=="/>
    <POI MapID="1203" xpos="-408.631" ypos="94.9435" zpos="1.2171" type="chest.permanent" GUID="hVpTU3zfxUWFoRe06gUzVA=="/>
    <POI MapID="1203" xpos="-836.417" ypos="87.7534" zpos="257.92" type="chest.meta" GUID="pgnGsHMpwk2K7ryjd0bg1Q=="/>
    <POI MapID="1203" xpos="-215.21" ypos="71.6462" zpos="127.764" type="chest.permanent" GUID="oLAAvoBGKkyxXhO1ITqg5Q=="/>
    <POI MapID="1203" xpos="-231.162" ypos="88.3887" zpos="-188.396" type="chest.permanent" GUID="LPlQBA6rCE2DKg4oCkLhug=="/>
    <POI MapID="1203" xpos="-256.762" ypos="107.211" zpos="-325.372" type="chest.permanent" GUID="lKMkCUddekKQ2+wm9KVR0w=="/>
    <POI MapID="1203" xpos="-149.778" ypos="9.32114" zpos="44.862" type="chest.permanent" GUID="jnyjO00TG0qIhvTl9dOh/w=="/>
    <POI MapID="1203" xpos="137.25" ypos="9.94684" zpos="163.241" type="chest.permanent" GUID="jqI5Xs9lHEyPQasPchfnuA=="/>
    <POI MapID="1203" xpos="-917.045" ypos="69.2184" zpos="-83.2785" type="chest.meta" GUID="JftELbgKxkW2C4b1t+j+jg=="/>
    <POI MapID="1203" xpos="-111.167" ypos="117.673" zpos="-323.338" type="chest.permanent" GUID="zHnxozUUnEmGvXOI6H0r+w=="/>
    <POI MapID="1203" xpos="-139.115" ypos="100.579" zpos="-364.303" type="chest.permanent" GUID="saAch86WykaY13/btOsk4w=="/>
    <POI MapID="1203" xpos="-344.756" ypos="24.6786" zpos="-30.2257" type="chest.permanent" GUID="VX4eylDg6keQW3l/pn25qg=="/>
    <POI MapID="1203" xpos="-466.012" ypos="21.8695" zpos="-81.3698" type="chest.permanent" GUID="7LnxEJb5Oka5YELDIwKMyA=="/>
    <POI MapID="1203" xpos="-397.012" ypos="23.2034" zpos="-25.7898" type="chest.permanent" GUID="lWLM12EE4U+zoRypHpnuMA=="/>
    <POI MapID="1203" xpos="-230.026" ypos="32.6128" zpos="-46.9169" type="chest.permanent" GUID="cPF2jvfK40W3jTz1qk/+fQ=="/>
    <POI MapID="1203" xpos="-626.982" ypos="127.709" zpos="161.371" type="chest.permanent" GUID="sL5y5d+3aEmvmdGGOUr/GQ=="/>
    <POI MapID="1203" xpos="528.608" ypos="171.301" zpos="166.876" type="chest.permanent" GUID="3KTgQxiMwEefbQdDzs8bPQ=="/>
    <POI MapID="1203" xpos="563.857" ypos="287.285" zpos="114.952" type="chest.permanent" GUID="8QYZt/JSDkqi8mMpD0Ksxw=="/>
    <POI MapID="1203" xpos="569.494" ypos="511.56" zpos="96.0037" type="chest.permanent" GUID="ZFJ6Yk4F3EWMuR7m77lVYw=="/>
    <POI MapID="1203" xpos="-356.645" ypos="106.496" zpos="281.472" type="chest.permanent" GUID="V9+fPf8gHUq/RF0MQhEA6w=="/>
    <POI MapID="51" xpos="-605.971" ypos="118.733" zpos="-527.242" type="chest.meta" GUID="jk0FtQghiUCTv6Ztklo1tg=="/>
    <POI MapID="62" xpos="301.77" ypos="4.07095" zpos="-57.8479" type="chest.permanent" GUID="h08uqRJSE0iMtyprAe4Q7g=="/>
    <POI MapID="62" xpos="412.318" ypos="43.924" zpos="958.113" type="chest.permanent" GUID="Dx6FMOk3IEWHxalkDPqlVQ=="/>
    <POI MapID="62" xpos="-303.518" ypos="34.4016" zpos="770.566" type="chest.permanent" GUID="mfjll4oFeE61T7nAfs7K9g=="/>
    <POI MapID="62" xpos="376.388" ypos="0.536415" zpos="539.126" type="chest.permanent" GUID="QNSNdRivIE6/+qGz1RDt0g=="/>
    <POI MapID="65" xpos="709.975" ypos="-6.48634" zpos="-526.567" type="chest.permanent" GUID="vpz/WjqxMU2w95KMnStsnw=="/>
    <POI MapID="65" xpos="767.841" ypos="14.3098" zpos="-339.247" type="chest.permanent" GUID="xb5f9izImkqrczjm27hj3A=="/>
    <POI MapID="65" xpos="761.118" ypos="16.8271" zpos="-365.787" type="chest.permanent" GUID="EMsYxKNaNkiyFt4asTIZ5A=="/>
    <POI MapID="65" xpos="747.116" ypos="14.1963" zpos="-381.038" type="chest.permanent" GUID="FicVJK92kEKlpjLRfDsH2w=="/>
    <POI MapID="65" xpos="758.136" ypos="27.1212" zpos="-333.884" type="chest.permanent" GUID="+41nHfTbEEWJvLAsj0NzeA=="/>
    <POI MapID="65" xpos="763.488" ypos="29.2158" zpos="-370.096" type="chest.permanent" GUID="/s91xHJeOUiIOrT2/+I1Cw=="/>
    <POI MapID="65" xpos="749.82" ypos="39.2911" zpos="-359.019" type="chest.permanent" GUID="AqNv7QOTKk+25Lw1iz8LbQ=="/>
    <POI MapID="65" xpos="766.872" ypos="36.4943" zpos="-333.588" type="chest.permanent" GUID="FGG3Sq4Bf0myLPWNo5Z6Kg=="/>
    <POI MapID="65" xpos="755.024" ypos="46.4894" zpos="-373.519" type="chest.permanent" GUID="ZryKIPLHe0Krya7/LDFkbQ=="/>
    <POI MapID="65" xpos="-215.584" ypos="45.4752" zpos="-405.047" type="chest.permanent" GUID="gkR8q2FSNUyGI3qsM5q4NA=="/>
    <POI MapID="65" xpos="937.211" ypos="53.7854" zpos="-602.62" type="chest.permanent" GUID="hEt4tJzbnUWISSaru77qRA=="/>
    <POI MapID="65" xpos="936.258" ypos="54.2445" zpos="-585.76" type="chest.permanent" GUID="x7ge62l4lkK7Iqp6Wqr87g=="/>
    <POI MapID="65" xpos="948.923" ypos="54.6844" zpos="-593.121" type="chest.permanent" GUID="Gmi4aEtex0miJF9dsTylBg=="/>
    <POI MapID="1178" xpos="-481.557" ypos="0.152821" zpos="-98.0119" type="chest.mapspecific.keyrequired" GUID="AgmAUAstfkyRfHDOK4d+aw=="/>
    <POI MapID="1178" xpos="-291.955" ypos="0.566816" zpos="-54.4238" type="chest.mapspecific.keyrequired" GUID="OAWxfoY6QkK6HBOxdMjIVQ=="/>
    <POI MapID="1178" xpos="-256.149" ypos="0.746892" zpos="-112.222" type="chest.mapspecific.keyrequired" GUID="aJaNy0187Uqxw9GtdZl7qw=="/>
    <POI MapID="1178" xpos="-145.643" ypos="0.622917" zpos="-129.227" type="chest.mapspecific.keyrequired" GUID="iZxgYwcic0Kav0EU4SnSkQ=="/>
    <POI MapID="1178" xpos="-667.471" ypos="0.439914" zpos="-219.514" type="chest.mapspecific.keyrequired" GUID="hBvkxw+BHE+ooIkoeSehMg=="/>
    <POI MapID="1178" xpos="-618.539" ypos="0.368785" zpos="-139.683" type="chest.mapspecific.keyrequired" GUID="3YlO5eDyekar37akW5fsRA=="/>
    <POI MapID="1178" xpos="-639.158" ypos="1.33748" zpos="-100.418" type="chest.mapspecific.keyrequired" GUID="+NzQBfuyCE2fUkztto2wMQ=="/>
    <POI MapID="1178" xpos="771.073" ypos="-9.71205" zpos="156.027" type="chest.mapspecific.keyrequired" GUID="5sCxcQFGJUaPCcylTSwSYA=="/>
    <POI MapID="1178" xpos="-516.447" ypos="15.581" zpos="-334.488" type="chest.mapspecific.keyrequired" GUID="INvxDsygAECKd5iaGFa8pA=="/>
    <POI MapID="1178" xpos="-520.633" ypos="0.521553" zpos="-242.202" type="chest.mapspecific.keyrequired" GUID="q2HLu9g1r0iaFbfnCPvCkQ=="/>
    <POI MapID="1178" xpos="568.492" ypos="45.0238" zpos="223.024" type="chest.mapspecific.keyrequired" GUID="bUFSkoaMmk+NJATze05oIg=="/>
    <POI MapID="1178" xpos="792.632" ypos="54.1447" zpos="27.5249" type="chest.mapspecific.keyrequired" GUID="t8KKgM0ReUWT3HkLQ/F5xA=="/>
    <POI MapID="1178" xpos="543.153" ypos="-187.506" zpos="-296.77" type="chest.mapspecific.keyrequired" GUID="xSpAAsVapEyO0wsPF4XJ+w=="/>
    <POI MapID="1178" xpos="792.522" ypos="81.6474" zpos="-171.662" type="chest.mapspecific.keyrequired" GUID="VMxtX2+tgkScfRYJsOjoKg=="/>
    <POI MapID="1178" xpos="466.645" ypos="128.809" zpos="-448.305" type="chest.mapspecific.keyrequired" GUID="bIbpRP15mUOb/EOFPCpwrg=="/>
    <POI MapID="1178" xpos="50.355" ypos="0.786092" zpos="-261.579" type="chest.mapspecific.keyrequired" GUID="VY3Wcmc6dka4a24FGzpe7A=="/>
    <POI MapID="1178" xpos="95.6505" ypos="0.579547" zpos="-238.051" type="chest.mapspecific.keyrequired" GUID="EI/VTxb6tkWbvAYzs4LjOw=="/>
    <POI MapID="1178" xpos="200.54" ypos="0.363285" zpos="-140.002" type="chest.mapspecific.keyrequired" GUID="6Tf8lcq4ok64VESIB9kDyA=="/>
    <POI MapID="1178" xpos="264.295" ypos="1.96317" zpos="-152.567" type="chest.mapspecific.keyrequired" GUID="XJDiGfw14kykXpPaoP8tNA=="/>
    <POI MapID="1178" xpos="-371.43" ypos="27.1412" zpos="-8.13041" type="chest.mapspecific.keyrequired" GUID="6+njFCWYxEy6Hi10LWqeQw=="/>
    <POI MapID="1178" xpos="218.429" ypos="9.34603" zpos="-249.402" type="chest.mapspecific.keyrequired" GUID="sbzuvohK7k6pfiQKbVFbyA=="/>
    <POI MapID="1178" xpos="-469.951" ypos="92.308" zpos="40.4624" type="chest.mapspecific.keyrequired" GUID="eTgXtdeQ60uUkDw857Ai+Q=="/>
    <POI MapID="1178" xpos="-179.36" ypos="0.564023" zpos="38.8145" type="chest.mapspecific.keyrequired" GUID="ruroPGPebkGRE3lUI8LDBg=="/>
    <POI MapID="1178" xpos="-74.3765" ypos="1.06059" zpos="101.53" type="chest.mapspecific.keyrequired" GUID="wNHZsAPKGUiOHpUypM8jPg=="/>
    <POI MapID="1178" xpos="-118.082" ypos="1.54124" zpos="-170.306" type="chest.mapspecific.keyrequired" GUID="p/nuh+NbsEK2jLu5QpxS8w=="/>
    <POI MapID="1178" xpos="542.496" ypos="2.14195" zpos="-9.26253" type="chest.mapspecific.keyrequired" GUID="gq3z2RC3wEWXrZH8QOPgbQ=="/>
    <POI MapID="1178" xpos="526.377" ypos="1.11002" zpos="31.3348" type="chest.mapspecific.keyrequired" GUID="p2K2c5TNqkiskwwzH4nsFQ=="/>
    <POI MapID="1178" xpos="411.487" ypos="1.31261" zpos="88.8008" type="chest.mapspecific.keyrequired" GUID="/AqWML9ltkOGXzTf6WZIew=="/>
    <POI MapID="1178" xpos="476.3" ypos="13.9473" zpos="78.6671" type="chest.mapspecific.keyrequired" GUID="6mbodvARd0OFJ15tjpm2Jw=="/>
    <POI MapID="1178" xpos="465.438" ypos="63.1246" zpos="-84.1767" type="chest.mapspecific.keyrequired" GUID="UlcCTgLrrEuMfKr11S/Y8g=="/>
    <POI MapID="1178" xpos="192.726" ypos="1.0157" zpos="-91.4499" type="chest.mapspecific.keyrequired" GUID="P8zLdCkSnk+k10hVQHdhEQ=="/>
    <POI MapID="1178" xpos="174.691" ypos="1.41257" zpos="-175.781" type="chest.mapspecific.keyrequired" GUID="RHAYU238BEycD6J73/4EKw=="/>
    <POI MapID="1178" xpos="-600.084" ypos="1.0334" zpos="-218.9" type="chest.mapspecific.keyrequired" GUID="mAqB8OVYbEGbomRmuMhSpQ=="/>
    <POI MapID="1178" xpos="-133.526" ypos="1.13163" zpos="-54.7462" type="chest.mapspecific.keyrequired" GUID="QQIc0LP3lUGN0UQKs85VyQ=="/>
    <POI MapID="1178" xpos="-619.268" ypos="0.309133" zpos="-53.5959" type="chest.mapspecific.keyrequired" GUID="60qxk2OWFEuxTWQCJYU0/g=="/>
    <POI MapID="1178" xpos="-525.633" ypos="11.5273" zpos="-200.968" type="chest.mapspecific.keyrequired" GUID="xp17rtNWikeWti68aDvgdQ=="/>
    <POI MapID="1178" xpos="-481.11" ypos="0.943009" zpos="-184.918" type="chest.mapspecific.keyrequired" GUID="XRsQtMOvD0K6s4UyxLDZDA=="/>
    <POI MapID="1178" xpos="-26.8349" ypos="3.19019" zpos="362.378" type="chest.mapspecific.keyrequired" GUID="PXivDmn3DEK84ZSDy6azPQ=="/>
    <POI MapID="1178" xpos="-544.233" ypos="0.803817" zpos="-292.398" type="chest.mapspecific.keyrequired" GUID="NdfJ13a9TkCCz8rWZEY5pg=="/>
    <POI MapID="1178" xpos="-91.3302" ypos="0.622884" zpos="-129.91" type="chest.mapspecific.keyrequired" GUID="28vzp8D2ZESXYFSuR9zC2w=="/>
    <POI MapID="1178" xpos="-22.7557" ypos="0.679259" zpos="-176.264" type="chest.mapspecific.keyrequired" GUID="dM+/gtrdL0+j+8ONRaI8yw=="/>
    <POI MapID="1178" xpos="11.3006" ypos="0.670441" zpos="-208.64" type="chest.mapspecific.keyrequired" GUID="hrwe6ba600uLoDwqc2iK8g=="/>
    <POI MapID="1178" xpos="14.3722" ypos="-151.22" zpos="-82.2673" type="chest.mapspecific.keyrequired" GUID="8rlXqlAdIkq+sYzlu0rU5Q=="/>
    <POI MapID="1178" xpos="-353.828" ypos="34.1192" zpos="59.2568" type="chest.mapspecific.keyrequired" GUID="u7L4bhBjI0ihEUTZJ0L1Ow=="/>
    <POI MapID="1178" xpos="-651.606" ypos="58.4302" zpos="279.203" type="chest.mapspecific.keyrequired" GUID="d1Ctz06MI0a1cPTVVJfWjg=="/>
    <POI MapID="1178" xpos="-411.165" ypos="83.3435" zpos="153.644" type="chest.mapspecific.keyrequired" GUID="sZe9c3ApCU6QmyMsCCbA6A=="/>
    <POI MapID="1178" xpos="-29.3331" ypos="1.81223" zpos="53.0766" type="chest.mapspecific.keyrequired" GUID="jzeIyZxfQ0CGbUSYOghDOw=="/>
    <POI MapID="1178" xpos="-6.36184" ypos="0.640097" zpos="-271.765" type="chest.mapspecific.keyrequired" GUID="QeUXxiZ2sEWnY5f1SkFr0w=="/>
    <POI MapID="1178" xpos="2.65072" ypos="3.26225" zpos="-315.204" type="chest.mapspecific.keyrequired" GUID="L+Gzr5Tpr0ecvNWjvA5EJQ=="/>
    <POI MapID="1178" xpos="162.779" ypos="2.87495" zpos="-126.928" type="chest.mapspecific.keyrequired" GUID="uGdnsrwmJkykWB7yaU/okg=="/>
    <POI MapID="1178" xpos="179.239" ypos="1.97969" zpos="-206.17" type="chest.mapspecific.keyrequired" GUID="a44qb0uTfEeVBf9TzeUKsQ=="/>
    <POI MapID="1178" xpos="-583.293" ypos="0.201091" zpos="-288.435" type="chest.mapspecific.keyrequired" GUID="UZ56bNQLkk+kEF7FZiAs8w=="/>
    <POI MapID="1178" xpos="295.737" ypos="0.64346" zpos="-11.0159" type="chest.mapspecific.keyrequired" GUID="E3ncnR28dkefOIjrdN5seg=="/>
    <POI MapID="1178" xpos="327.418" ypos="0.825594" zpos="44.3255" type="chest.mapspecific.keyrequired" GUID="swwXsN1xPUaK6bppVd7w9g=="/>
    <POI MapID="1178" xpos="346.796" ypos="0.920557" zpos="58.5253" type="chest.mapspecific.keyrequired" GUID="JwSZ84wYeECb943SBpyXTQ=="/>
    <POI MapID="1178" xpos="465.432" ypos="0.643077" zpos="34.2473" type="chest.mapspecific.keyrequired" GUID="/o2S4i3VH0yhEoaHP57heg=="/>
    <POI MapID="1178" xpos="-117.692" ypos="1.46787" zpos="-0.942695" type="chest.mapspecific.keyrequired" GUID="zwDz9L4WCU+RY/UTREr19w=="/>
    <POI MapID="26" xpos="-581.276" ypos="66.56" zpos="-836.618" type="chest.permanent" GUID="soT7EC358Ui7K6K/5/5EQQ=="/>
    <POI MapID="26" xpos="-418.758" ypos="83.4887" zpos="819.538" type="chest.permanent" GUID="V39obeFBb0y0PtMyDZxB0A=="/>
    <POI MapID="26" xpos="-625.838" ypos="88.5589" zpos="-625.081" type="chest.permanent" GUID="JNSdhVCpV02zZmd+ElraCQ=="/>
    <POI MapID="26" xpos="-532.521" ypos="29.7478" zpos="-881.432" type="chest.meta" GUID="9to8+AFBFUqprFdL7fmpjw=="/>
    <POI MapID="26" xpos="-1.90543" ypos="123.605" zpos="-156.641" type="chest.permanent" GUID="wzFM2c+lek6silEKLd/naw=="/>
    <POI MapID="27" xpos="-391.194" ypos="92.3367" zpos="805.118" type="chest.permanent" GUID="JwawnwlhxEW0ZdHXe0SQ0g=="/>
    <POI MapID="28" xpos="-506.84" ypos="105.206" zpos="49.6239" type="chest.permanent" GUID="GsSwWlPtGkWDgMpiUmOQsg=="/>
    <POI MapID="28" xpos="-21.9077" ypos="94.3803" zpos="592.708" type="chest.permanent" GUID="Br4do1+mkUyqPlz8HEuJxg=="/>
    <POI MapID="29" xpos="-465.97" ypos="4.37119" zpos="427.084" type="chest.permanent" GUID="Nq1WlY5HDUiZMFSkjkF5cA=="/>
    <POI MapID="29" xpos="-518.413" ypos="14.9154" zpos="-77.1332" type="chest.permanent" GUID="2I3LS3xmqUanyPOq+6sqwA=="/>
    <POI MapID="30" xpos="559.302" ypos="31.1676" zpos="-791.738" type="chest.permanent" GUID="HyA0HsKRDEC+IQ3rmK/A3A=="/>
    <POI MapID="1210" xpos="48.4748" ypos="53.9948" zpos="485.178" type="chest.skritt" GUID="fbam7xkFREa2XuOZ7rcxRQ=="/>
    <POI MapID="1210" xpos="317.279" ypos="51.2364" zpos="-43.5148" type="chest.skritt" GUID="F2YxMcZDQUiSvLo8OARG0A=="/>
    <POI MapID="1210" xpos="-1041.19" ypos="59.0671" zpos="191.868" type="chest.skritt" GUID="GFD48e+zj0uwV7/AEEK+jA=="/>
    <POI MapID="1210" xpos="1217.3" ypos="192.703" zpos="487.833" type="chest.skritt" GUID="st503qGrpE22ISxZ9Wgqyg=="/>
    <POI MapID="1211" xpos="-786.569" ypos="4.29157" zpos="-528.927" type="chest.skritt" GUID="eUmdUeOy9ky+jd+3TeSoDA=="/>
    <POI MapID="34" xpos="-520.555" ypos="4.38949" zpos="666.819" type="chest.permanent" GUID="gOd3pjO4Tk6bciSGz+YpAg=="/>
    <POI MapID="35" xpos="-336.2" ypos="97.4157" zpos="689.873" type="chest.meta" GUID="RcHnketaZEqjufVdyUslqA=="/>
    <POI MapID="53" xpos="-237.626" ypos="36.9076" zpos="-432.696" type="chest.permanent" GUID="WUyiMzVLPk6ZJFwnQAVY2g=="/>
    <POI MapID="53" xpos="-658.984" ypos="0.237431" zpos="-538.779" type="chest.permanent" GUID="OUfFIi/P0EGQ6gQ/ljPlMQ=="/>
    <POI MapID="53" xpos="607.21" ypos="27.1718" zpos="669.79" type="chest.permanent" GUID="t26y5ROwQUKcXPh5bUHbaA=="/>
    <POI MapID="53" xpos="281.619" ypos="35.2442" zpos="993.091" type="chest.permanent" GUID="YFQMSuy/yUuKiQ/vcc2fuA=="/>
    <POI MapID="53" xpos="-460.486" ypos="-38.0028" zpos="-115.125" type="chest.permanent" GUID="nNgRbYX6Ik6fiOBh5QxzXg=="/>
    <POI MapID="67" xpos="-255.703" ypos="-52.949" zpos="249.372" type="chest.permanent" GUID="KeMipJZVm0GWV+256K93EQ=="/>
    <POI MapID="67" xpos="-321.366" ypos="-86.8834" zpos="289.25" type="chest.permanent" GUID="Q2IjQk5ZB02f5mz7YgmPlg=="/>
    <POI MapID="67" xpos="-373.476" ypos="5.74111" zpos="100.206" type="chest.permanent" GUID="LFWVWwLV8UyD8ZnyspuJ3Q=="/>
    <POI MapID="67" xpos="-321.092" ypos="0.166171" zpos="-36.4762" type="chest.permanent" GUID="OAYNVxtteUeezuTXyf8BpQ=="/>
    <POI MapID="67" xpos="-361.084" ypos="15.8927" zpos="-193.163" type="chest.permanent" GUID="ZkXyWGlqS0WDqZh9V48tbQ=="/>
    <POI MapID="1210" xpos="-1177.23" ypos="21.8106" zpos="462.879" type="chest.mapspecific.treasure" GUID="0dpwekUe90eEWBXfE/fAAA=="/>
    <POI MapID="1210" xpos="649.198" ypos="39.6315" zpos="241.099" type="chest.mapspecific.treasure" GUID="VYiTUFS9FkmpwczTr1tGIQ=="/>
    <POI MapID="1211" xpos="-255.366" ypos="246.838" zpos="362.262" type="chest.mapspecific.treasure" GUID="lVSSdPAf6UCzbymMANqZiA=="/>
    <POI MapID="1211" xpos="1123.39" ypos="209.627" zpos="-179.761" type="chest.mapspecific.treasure" GUID="2UbmFfHT+0q8Fpe6YdfHug=="/>
    <POI MapID="1211" xpos="-646.607" ypos="373.692" zpos="520.993" type="chest.mapspecific.treasure" GUID="cvvg8URBZUmZfpyArMw/EQ=="/>
    <POI MapID="1211" xpos="-361.358" ypos="222.4" zpos="348.131" type="chest.mapspecific.treasure" GUID="rg0OtfFf5EyQl+WKDGgpLQ=="/>
    <POI MapID="1211" xpos="-928.431" ypos="463.98" zpos="139.135" type="chest.mapspecific.treasure" GUID="J7inKvq/w0mlDtSu5mwEpg=="/>
    <POI MapID="1211" xpos="-1387.65" ypos="438.027" zpos="105.361" type="chest.mapspecific.treasure" GUID="ZVeYhcXnyE+pAaZyC7w/Pw=="/>
    <POI MapID="1211" xpos="1189.98" ypos="155.9" zpos="-559.891" type="chest.mapspecific.treasure" GUID="bssAeJLr50i/0zGG4VGIQQ=="/>
    <POI MapID="1248" xpos="-197.894" ypos="101.837" zpos="-151.039" type="chest.mapspecific.treasure" GUID="aLNBCdz+8066S7O4QnKFFQ=="/>
    <POI MapID="1248" xpos="-596.382" ypos="138.813" zpos="94.647" type="chest.mapspecific.treasure" GUID="St1nsH6dU0GpToSWv9zCZQ=="/>
    <POI MapID="38" xpos="558.322" ypos="30.0796" zpos="-336.567" type="chest.meta" GUID="g9oKlJ1u5U+lAFYHH2Vihw=="/>
    <POI MapID="38" xpos="-547.736" ypos="29.7289" zpos="463.543" type="chest.meta" GUID="WGaH4F5zUEaCD0aaR2unuQ=="/>
  </POIs>
</OverlayData>