<OverlayData>
  <MarkerCategory name="Other" data-allowsub="true" fadeFar="16800" fadeNear="8400" maxSize="256">
    <MarkerCategory name="Vendor" data-allowsub="true" data-class="fade-8 size-0.5" data-sort="true" heightOffset="4" iconFile="Data/Other/Vendor.png" data-iconFile="Data/Other/Vendor.png" iconSize="0.5" fadeFar="5600" fadeNear="1200">
      <MarkerCategory name="Pact Supply Network Agent" iconFile="Data/Other/Vendor/Karma.png" data-class="fade-4" fadeFar="8400" fadeNear="2100" DisplayName="Pact Supply Network Agent"/>
    </MarkerCategory>
  </MarkerCategory>
  <POIs>
    <POI MapID="988" xpos="293.247" ypos="13.8508" zpos="-207.949" type="other.vendor.pact_supply_network_agent" GUID="FEUCYh43JE+R9/STR+pDYw=="/>
    <POI MapID="53" xpos="172.844" ypos="5.16719" zpos="567.877" type="other.vendor.pact_supply_network_agent" GUID="3QrrNlf4AUKYXhVCTwGPGQ=="/>
    <POI MapID="62" xpos="92.268" ypos="32.1371" zpos="921.433" type="other.vendor.pact_supply_network_agent" GUID="sOqIdAl2YUudtZchHu8Lyg=="/>
    <POI MapID="17" xpos="635.003" ypos="24.965" zpos="-735.606" type="other.vendor.pact_supply_network_agent" GUID="VuUouT4kX0SkfSkx3XvE0A=="/>
    <POI MapID="31" xpos="-565.491" ypos="60.3614" zpos="-433.025" type="other.vendor.pact_supply_network_agent" GUID="WyksPP+LJU+XdQBQFuOS1A=="/>
    <POI MapID="20" xpos="84.3513" ypos="3.92498" zpos="-1091.14" type="other.vendor.pact_supply_network_agent" GUID="6JzhSH+cB0WzOUjhztf+Uw=="/>
    <POI MapID="988" xpos="-583.516" ypos="78.6922" zpos="-349.689" type="other.vendor.pact_supply_network_agent" GUID="TIa+IFzGCkSkhyJejgJEmw=="/>
    <POI MapID="39" xpos="-479.065" ypos="25.2506" zpos="376.845" type="other.vendor.pact_supply_network_agent" GUID="XnOJKChGpkey5rUsBCpFnw=="/>
    <POI MapID="65" xpos="1023.56" ypos="48.6561" zpos="-87.8647" type="other.vendor.pact_supply_network_agent" GUID="BluvUlIT0USsmYjF/0Juaw=="/>
    <POI MapID="873" xpos="622.211" ypos="13.5209" zpos="-403.706" type="other.vendor.pact_supply_network_agent" GUID="h6X89NHv60ydNtho4v9gTQ=="/>
    <POI MapID="28" xpos="213.651" ypos="92.8226" zpos="965.371" type="other.vendor.pact_supply_network_agent" GUID="vo/jv1Z4yEe+dcyn5J/RAw=="/>
    <POI MapID="21" xpos="-584.929" ypos="60.6074" zpos="-454.803" type="other.vendor.pact_supply_network_agent" GUID="j31QIQlN6US90CUIEQatPA=="/>
    <POI MapID="988" xpos="-529.515" ypos="10.0556" zpos="-16.8995" type="other.vendor.pact_supply_network_agent" GUID="DsF7NgdSfkOl06eKYosaUg=="/>
    <POI MapID="34" xpos="-22.7053" ypos="5.12538" zpos="4.19905" type="other.vendor.pact_supply_network_agent" GUID="Png5Z5tZi0eQ8nrUqELF4g=="/>
    <POI MapID="51" xpos="517.956" ypos="35.3751" zpos="59.2227" type="other.vendor.pact_supply_network_agent" GUID="onFfpMv2iUC5LSkfyTd4ow=="/>
    <POI MapID="73" xpos="479.404" ypos="19.3656" zpos="128.518" type="other.vendor.pact_supply_network_agent" GUID="LTSPdY6PP0OMiwSdOkEwyw=="/>
    <POI MapID="30" xpos="-570.783" ypos="33.3906" zpos="-217.342" type="other.vendor.pact_supply_network_agent" GUID="48bZkNc+w0WG7vs5dJtYNg=="/>
    <POI MapID="22" xpos="-435.816" ypos="80.0141" zpos="785.56" type="other.vendor.pact_supply_network_agent" GUID="R6tVwU0LbkCtJOhpOh1Drg=="/>
    <POI MapID="34" xpos="-159.438" ypos="24.7657" zpos="750.292" type="other.vendor.pact_supply_network_agent" GUID="A9OkppL/RE6hkzPWh5NJ3g=="/>
    <POI MapID="988" xpos="106.411" ypos="41.6339" zpos="-216.699" type="other.vendor.pact_supply_network_agent" GUID="86RCuSAcEUC/d5hoHGUQ3Q=="/>
    <POI MapID="51" xpos="-544.766" ypos="38.2522" zpos="-147.663" type="other.vendor.pact_supply_network_agent" GUID="6t/gcmGgNE65p6pXPbsqsA=="/>
    <POI MapID="73" xpos="411.425" ypos="30.1632" zpos="870.593" type="other.vendor.pact_supply_network_agent" GUID="08Ja+px8bEWB6ryCBCfZ2g=="/>
    <POI MapID="30" xpos="107.795" ypos="78.5" zpos="-312.954" type="other.vendor.pact_supply_network_agent" GUID="KL9tErucTEyN9tEx/2Dq9A=="/>
    <POI MapID="1015" xpos="498.681" ypos="415.033" zpos="-329.411" type="other.vendor.pact_supply_network_agent" GUID="UeyFBD8gB0mgc6QL+tpsTg=="/>
    <POI MapID="35" xpos="327.402" ypos="12.6866" zpos="-65.3948" type="other.vendor.pact_supply_network_agent" GUID="6pAMVs70TUeuNss3A14b2A=="/>
    <POI MapID="65" xpos="1020.9" ypos="9.03376" zpos="118.261" type="other.vendor.pact_supply_network_agent" GUID="Su7xwIaCekOSvUqEtjXc9A=="/>
    <POI MapID="23" xpos="1189.16" ypos="50.0771" zpos="-271.168" type="other.vendor.pact_supply_network_agent" GUID="RsFGgoxif0uMPDQxWVwKWw=="/>
    <POI MapID="26" xpos="-334.867" ypos="66.7174" zpos="764.181" type="other.vendor.pact_supply_network_agent" GUID="/fV7UrzfvkiC1zAxeSv54w=="/>
    <POI MapID="19" xpos="-243.325" ypos="34.5451" zpos="85.3532" type="other.vendor.pact_supply_network_agent" GUID="SaWit3u2nEmR3p/EYJkCrw=="/>
  </POIs>
</OverlayData>