<OverlayData>
  <MarkerCategory name="ResourceNode" DisplayName="Resource Nodes" data-class="fade-1" behavior="1" iconFile="Data/ResourceNode.png" data-iconFile="Data/ResourceNode.png" fadeFar="16800" fadeNear="8400">
    <MarkerCategory name="Wood" iconFile="Data/ResourceNode/Wood.png" data-iconFile="Data/Wood.png">
      <MarkerCategory name="undefined"/>
    </MarkerCategory>
    <MarkerCategory name="Ore" iconFile="Data/ResourceNode/Ore.png" data-iconFile="Data/Ore.png">
      <MarkerCategory name="Normal">
        <MarkerCategory name="undefined"/>
      </MarkerCategory>
      <MarkerCategory name="Rich" iconFile="Data/ResourceNode/Ore.Rich.png" data-iconFile="Data/ResourceNode/Ore.Rich.png">
        <MarkerCategory name="undefined"/>
      </MarkerCategory>
      <MarkerCategory name="undefined"/>
    </MarkerCategory>
    <MarkerCategory name="Plant" iconFile="Data/ResourceNode/Plant.png" data-class="iconsize-0.35" data-iconFile="Data/Plant.png">
      <MarkerCategory name="Copper">
        <MarkerCategory name="undefined"/>
      </MarkerCategory>
      <MarkerCategory name="Iron">
        <MarkerCategory name="undefined"/>
      </MarkerCategory>
      <MarkerCategory name="Steel">
        <MarkerCategory name="undefined"/>
      </MarkerCategory>
      <MarkerCategory name="Darksteel">
        <MarkerCategory name="undefined"/>
      </MarkerCategory>
      <MarkerCategory name="Mithril">
        <MarkerCategory name="undefined"/>
      </MarkerCategory>
      <MarkerCategory name="Orichalcum">
        <MarkerCategory name="undefined"/>
      </MarkerCategory>
      <MarkerCategory name="undefined"/>
    </MarkerCategory>
    <MarkerCategory name="MapSpecific" data-class="fade-3" fadeFar="25200" fadeNear="8400">
      <MarkerCategory name="Wood" iconFile="Data/Wood.png" data-allowsub="true">
        <MarkerCategory name="undefined"/>
      </MarkerCategory>
      <MarkerCategory name="Ore" iconFile="Data/Ore.png" data-allowsub="true">
        <MarkerCategory name="undefined"/>
      </MarkerCategory>
      <MarkerCategory name="Plant" iconFile="Data/Plant.png" data-allowsub="true">
        <MarkerCategory name="undefined"/>
      </MarkerCategory>
      <MarkerCategory name="undefined"/>
    </MarkerCategory>
    <MarkerCategory name="Other" data-allowsub="true" data-sort="true">
      <MarkerCategory name="undefined"/>
    </MarkerCategory>
    <MarkerCategory name="undefined"/>
  </MarkerCategory>
  <MarkerCategory name="Chest" iconFile="Data/Chest.png" data-class="fade-1" data-iconFile="Data/Chest.png" fadeFar="16800" fadeNear="8400">
    <MarkerCategory name="MapSpecific" DisplayName="Map Specific" data-allowsub="true" data-class="fade-7" iconFile="Data/Chest-MapSpecific.png" data-iconFile="Data/Chest-MapSpecific.png" fadeFar="10500" fadeNear="4200">
      <MarkerCategory name="undefined"/>
    </MarkerCategory>
    <MarkerCategory name="undefined"/>
  </MarkerCategory>
  <MarkerCategory name="Collectible" iconFile="Data/Achievement.png" fadeFar="16800" fadeNear="8400">
    <MarkerCategory name="RisingFlames" DisplayName="Rising Flames" fadeFar="16800" fadeNear="8400">
      <MarkerCategory name="undefined"/>
    </MarkerCategory>
    <MarkerCategory name="ACrackInTheIce" DisplayName="A Crack in the Ice">
      <MarkerCategory name="undefined"/>
    </MarkerCategory>
    <MarkerCategory name="undefined"/>
  </MarkerCategory>
  <MarkerCategory name="Festivals" DisplayName="Festivals" fadeFar="16800" fadeNear="8400">
    <MarkerCategory name="CanthanNewYear" DisplayName="Canthan New Year">
      <MarkerCategory name="undefined"/>
    </MarkerCategory>
    <MarkerCategory name="Halloween">
      <MarkerCategory name="undefined"/>
    </MarkerCategory>
    <MarkerCategory name="Wintersday">
      <MarkerCategory name="undefined"/>
    </MarkerCategory>
    <MarkerCategory name="SAB">
      <MarkerCategory name="undefined"/>
    </MarkerCategory>
    <MarkerCategory name="undefined"/>
  </MarkerCategory>
  <MarkerCategory name="Tactical" DisplayName="Tactical" fadeFar="16800" fadeNear="8400">
    <MarkerCategory name="Timed">
      <MarkerCategory name="undefined"/>
    </MarkerCategory>
    <MarkerCategory name="Raid">
      <MarkerCategory name="undefined"/>
    </MarkerCategory>
    <MarkerCategory name="WvW" minSize="16" maxSize="32">
      <MarkerCategory name="undefined"/>
    </MarkerCategory>
    <MarkerCategory name="GuildMission" DisplayName="Guild Missions">
      <MarkerCategory name="Bounty" iconFile="Data/Bounty.png" triggerRange="15.0">
        <MarkerCategory name="undefined"/>
      </MarkerCategory>
      <MarkerCategory name="Race" data-allowsub="true">
        <MarkerCategory name="undefined"/>
      </MarkerCategory>
      <MarkerCategory name="undefined"/>
    </MarkerCategory>
    <MarkerCategory name="Juvenile Pets" heightOffset="3" iconFile="Data/Tactical/Juvenile Pets.png" data-iconFile="Data/Tactical/Juvenile Pets.png" DisplayName="Juvenile Pets">
      <MarkerCategory name="Core" data-sort="true" data-allowsub="true">
        <MarkerCategory name="undefined"/>
      </MarkerCategory>
      <MarkerCategory name="Heart of Thorns" data-sort="true" data-allowsub="true" DisplayName="Heart of Thorns">
        <MarkerCategory name="undefined"/>
      </MarkerCategory>
      <MarkerCategory name="Path of Fire" data-sort="true" data-allowsub="true" DisplayName="Path of Fire">
        <MarkerCategory name="undefined"/>
      </MarkerCategory>
      <MarkerCategory name="undefined"/>
    </MarkerCategory>
    <MarkerCategory name="Adventure">
      <MarkerCategory name="undefined"/>
    </MarkerCategory>
    <MarkerCategory name="Path of Fire" DisplayName="Path of Fire">
      <MarkerCategory name="Casino Blits" iconFile="Data/Tactical/Path of Fire/Casino Blits.png" data-iconFile="Data/Tactical/Path of Fire/Casino Blits.png" DisplayName="Casino Blits">
        <MarkerCategory name="undefined"/>
      </MarkerCategory>
      <MarkerCategory name="undefined"/>
    </MarkerCategory>
    <MarkerCategory name="undefined"/>
  </MarkerCategory>
  <MarkerCategory name="guildrace" data-class="fade-8" data-allowsub="true" DisplayName="Guild Races" fadeFar="5600" fadeNear="1200">
    <MarkerCategory name="bearlope" DisplayName="Bear Lope">
      <MarkerCategory name="undefined"/>
    </MarkerCategory>
    <MarkerCategory name="ghostwolfrun" DisplayName="Ghost Wolf Run">
      <MarkerCategory name="undefined"/>
    </MarkerCategory>
    <MarkerCategory name="crabscuttle" DisplayName="Crab Scuttle">
      <MarkerCategory name="undefined"/>
    </MarkerCategory>
    <MarkerCategory name="devourerburrow" DisplayName="Devourer Burrow">
      <MarkerCategory name="undefined"/>
    </MarkerCategory>
    <MarkerCategory name="spiderscurry" DisplayName="Spider Scurry">
      <MarkerCategory name="undefined"/>
    </MarkerCategory>
    <MarkerCategory name="chickenrun" DisplayName="Chicken Run">
      <MarkerCategory name="undefined"/>
    </MarkerCategory>
    <MarkerCategory name="undefined"/>
  </MarkerCategory>
  <MarkerCategory name="DivingGoggles" DisplayName="Diving Goggles" iconFile="Data/DivingGoggles.png" data-iconFile="Data/DivingGoggles.png" fadeFar="16800" fadeNear="8400">
    <MarkerCategory name="Guilde">
      <MarkerCategory name="undefined"/>
    </MarkerCategory>
    <MarkerCategory name="undefined"/>
  </MarkerCategory>
  <MarkerCategory name="jumpingpuzzle" DisplayName="Jumping Puzzles" iconFile="Data/Jumping Puzzles.png" iconSize="0.75" triggerRange="5" data-iconFile="Data/jpguide.png" fadeFar="16800" fadeNear="8400">
    <MarkerCategory name="Guide">
      <MarkerCategory name="Ascalon">
        <MarkerCategory name="undefined"/>
      </MarkerCategory>
      <MarkerCategory name="Kryta" triggerRange="3">
        <MarkerCategory name="undefined"/>
      </MarkerCategory>
      <MarkerCategory name="HeartOfMaguuma" DisplayName="Heart of Maguuma">
        <MarkerCategory name="undefined"/>
      </MarkerCategory>
      <MarkerCategory name="MaguumaJungle" DisplayName="Maguuma Jungle" triggerRange="3">
        <MarkerCategory name="undefined"/>
      </MarkerCategory>
      <MarkerCategory name="MaguumaWastes" DisplayName="Maguuma Wastes">
        <MarkerCategory name="undefined"/>
      </MarkerCategory>
      <MarkerCategory name="RingOfFire" DisplayName="Ring of Fire">
        <MarkerCategory name="undefined"/>
      </MarkerCategory>
      <MarkerCategory name="RuinsOfOrr" DisplayName="Ruins of Orr">
        <MarkerCategory name="undefined"/>
      </MarkerCategory>
      <MarkerCategory name="ShiverpeakMountains" DisplayName="Shiverpeak Mountains">
        <MarkerCategory name="undefined"/>
      </MarkerCategory>
      <MarkerCategory name="TheMists" DisplayName="The Mists" triggerRange="3">
        <MarkerCategory name="undefined"/>
      </MarkerCategory>
      <MarkerCategory name="undefined"/>
    </MarkerCategory>
    <MarkerCategory name="undefined"/>
  </MarkerCategory>
  <MarkerCategory name="Achievement" data-allowsub="true" iconFile="Data/Achievement.png" data-iconFile="Data/Achievement.png" fadeFar="16800" fadeNear="8400">
    <MarkerCategory name="Legendary Trinkets" iconFile="Data/Achievement/Legendary_Trinkets.png" data-iconFile="Data/Achievement/Legendary_Trinkets.png" DisplayName="Legendary Trinkets">
      <MarkerCategory name="Aurora">
        <MarkerCategory name="undefined"/>
      </MarkerCategory>
      <MarkerCategory name="undefined"/>
    </MarkerCategory>
    <MarkerCategory name="Legendary Weapons" iconFile="Data/Achievement/Legendary_Weapons.png" data-iconFile="Data/Achievement/Legendary_Weapons.png" DisplayName="Legendary Weapons">
      <MarkerCategory name="Nevermore" iconFile="Data/Achievement/Legendary Weapons/Nevermore.png" data-iconFile="Data/Achievement/Legendary Weapons/Nevermore.png">
        <MarkerCategory name="undefined"/>
      </MarkerCategory>
      <MarkerCategory name="undefined"/>
    </MarkerCategory>
    <MarkerCategory name="Path of Fire" iconFile="Data/Achievement/Path of Fire.png" data-iconFile="Data/Achievement/Path of Fire.png" DisplayName="Path of Fire">
      <MarkerCategory name="Crystal Oasis" iconFile="Data/Achievement/Path of Fire/Crystal_Oasis.png" data-iconFile="Data/Achievement/Path of Fire/Crystal_Oasis.png" DisplayName="Crystal Oasis">
        <MarkerCategory name="undefined"/>
      </MarkerCategory>
      <MarkerCategory name="Desert Highlands" iconFile="Data/Achievement/Path of Fire/Desert_Highlands.png" data-iconFile="Data/Achievement/Path of Fire/Desert_Highlands.png" DisplayName="Desert Highlands">
        <MarkerCategory name="undefined"/>
      </MarkerCategory>
      <MarkerCategory name="Domain of Vabbi" iconFile="Data/Achievement/Path of Fire/Domain_of_Vabbi.png" data-iconFile="Data/Achievement/Path of Fire/Domain_of_Vabbi.png" DisplayName="Domain of Vabbi">
        <MarkerCategory name="undefined"/>
      </MarkerCategory>
      <MarkerCategory name="Elon Riverlands" iconFile="Data/Achievement/Path of Fire/Elon_Riverlands.png" data-iconFile="Data/Achievement/Path of Fire/Elon_Riverlands.png" DisplayName="Elon Riverlands">
        <MarkerCategory name="Ghostly Trio" DisplayName="Ghostly Trio">
          <MarkerCategory name="undefined"/>
        </MarkerCategory>
        <MarkerCategory name="undefined"/>
      </MarkerCategory>
      <MarkerCategory name="Open Skies" data-class="fade-max" fadeFar="25200" fadeNear="16800" DisplayName="Open Skies">
        <MarkerCategory name="Sunspear Sanctuary" DisplayName="Sunspear Sanctuary">
          <MarkerCategory name="undefined"/>
        </MarkerCategory>
        <MarkerCategory name="undefined"/>
      </MarkerCategory>
      <MarkerCategory name="Raise the Banners" DisplayName="Raise the Banners: Amnoon Arbitrator" iconFile="Data/Achievement/Basic_Collections.png">
        <MarkerCategory name="undefined"/>
      </MarkerCategory>
      <MarkerCategory name="The Desolation" iconFile="Data/Achievement/Path of Fire/The_Desolation.png" data-iconFile="Data/Achievement/Path of Fire/The_Desolation.png" DisplayName="The Desolation">
        <MarkerCategory name="undefined"/>
      </MarkerCategory>
      <MarkerCategory name="undefined"/>
    </MarkerCategory>
    <MarkerCategory name="undefined"/>
  </MarkerCategory>
  <MarkerCategory name="LS" DisplayName="Living World" data-allowsub="true" iconFile="Data/LS.png" data-iconFile="Data/LS.png" fadeFar="16800" fadeNear="8400">
    <MarkerCategory name="LS3" DisplayName="Season 3" data-allowsub="true">
      <MarkerCategory name="A Crack in the Ice" iconFile="Data/LS/LS3/A_Crack_In_the_Ice.png" data-iconFile="Data/LS/LS3/A_Crack_In_the_Ice.png" DisplayName="A Crack in the Ice">
        <MarkerCategory name="undefined"/>
      </MarkerCategory>
      <MarkerCategory name="Flashpoint" iconFile="Data/LS/LS3/Flashpoint.png" data-iconFile="Data/LS/LS3/Flashpoint.png">
        <MarkerCategory name="Druid Stone" DisplayName="Druid Stone">
          <MarkerCategory name="undefined"/>
        </MarkerCategory>
        <MarkerCategory name="undefined"/>
      </MarkerCategory>
      <MarkerCategory name="One Path Ends" iconFile="Data/LS/LS3/One_Path_Ends.png" data-iconFile="Data/LS/LS3/One_Path_Ends.png" DisplayName="One Path Ends">
        <MarkerCategory name="Storyteller">
          <MarkerCategory name="undefined"/>
        </MarkerCategory>
        <MarkerCategory name="Wheres Balthazar" DisplayName="Wheres Balthazar">
          <MarkerCategory name="undefined"/>
        </MarkerCategory>
        <MarkerCategory name="undefined"/>
      </MarkerCategory>
      <MarkerCategory name="The Head of the Snake" iconFile="Data/LS/LS3/The_Head_of_the_Snake.png" data-iconFile="Data/LS/LS3/The_Head_of_the_Snake.png" DisplayName="The Head of the Snake">
        <MarkerCategory name="A Meeting of Ministers" DisplayName="A Meeting of Ministers">
          <MarkerCategory name="undefined"/>
        </MarkerCategory>
        <MarkerCategory name="undefined"/>
      </MarkerCategory>
      <MarkerCategory name="undefined"/>
    </MarkerCategory>
    <MarkerCategory name="Path of Fire" data-allowsub="true" DisplayName="Path of Fire">
      <MarkerCategory name="Act 1" data-allowsub="true" DisplayName="Act 1">
        <MarkerCategory name="undefined"/>
      </MarkerCategory>
      <MarkerCategory name="Act 2" data-allowsub="true" DisplayName="Act 2">
        <MarkerCategory name="Facing the Truth" DisplayName="Facing the Truth">
          <MarkerCategory name="undefined"/>
        </MarkerCategory>
        <MarkerCategory name="The Way Forward" DisplayName="The Way Forward">
          <MarkerCategory name="Walk a Fine Line" DisplayName="Walk a Fine Line">
            <MarkerCategory name="undefined"/>
          </MarkerCategory>
          <MarkerCategory name="undefined"/>
        </MarkerCategory>
        <MarkerCategory name="undefined"/>
      </MarkerCategory>
      <MarkerCategory name="Act 3" data-allowsub="true" DisplayName="Act 3">
        <MarkerCategory name="Enemy of My Enemy" DisplayName="Enemy of My Enemy">
          <MarkerCategory name="The Troopmarshal" DisplayName="The Troopmarshal">
            <MarkerCategory name="undefined"/>
          </MarkerCategory>
          <MarkerCategory name="undefined"/>
        </MarkerCategory>
        <MarkerCategory name="The Departing" DisplayName="The Departing">
          <MarkerCategory name="undefined"/>
        </MarkerCategory>
        <MarkerCategory name="undefined"/>
      </MarkerCategory>
      <MarkerCategory name="undefined"/>
    </MarkerCategory>
    <MarkerCategory name="undefined"/>
  </MarkerCategory>
  <MarkerCategory name="Other" data-allowsub="true" fadeFar="16800" fadeNear="8400">
    <MarkerCategory name="Vendor" data-allowsub="true" data-class="fade-8 size-0.5" data-sort="true" heightOffset="4" iconFile="Data/Other/Vendor.png" data-iconFile="Data/Other/Vendor.png" iconSize="0.5" fadeFar="5600" fadeNear="1200">
      <MarkerCategory name="undefined"/>
    </MarkerCategory>
    <MarkerCategory name="Portal" iconFile="Data/Other/Portal.png" data-iconFile="Data/Other/Portal.png">
      <MarkerCategory name="undefined"/>
    </MarkerCategory>
    <MarkerCategory name="undefined"/>
  </MarkerCategory>
  <MarkerCategory name="temp" fadeFar="16800" fadeNear="8400" data-allowsub="true">
    <MarkerCategory name="Flashpoint">
      <MarkerCategory name="Druid Stone" DisplayName="Druid Stone">
        <MarkerCategory name="undefined"/>
      </MarkerCategory>
      <MarkerCategory name="undefined"/>
    </MarkerCategory>
    <MarkerCategory name="MapSpecific">
      <MarkerCategory name="undefined"/>
    </MarkerCategory>
    <MarkerCategory name="Side Stories" DisplayName="Side Stories">
      <MarkerCategory name="undefined"/>
    </MarkerCategory>
    <MarkerCategory name="Raid">
      <MarkerCategory name="Sloth">
        <MarkerCategory name="undefined"/>
      </MarkerCategory>
      <MarkerCategory name="undefined"/>
    </MarkerCategory>
    <MarkerCategory name="Aurora">
      <MarkerCategory name="undefined"/>
    </MarkerCategory>
    <MarkerCategory name="Path of Fire" DisplayName="Path of Fire">
      <MarkerCategory name="1" data-allowsub="true">
        <MarkerCategory name="undefined"/>
      </MarkerCategory>
      <MarkerCategory name="2">
        <MarkerCategory name="Crystalline Memories" data-allowsub="true" DisplayName="Crystalline Memories">
          <MarkerCategory name="undefined"/>
        </MarkerCategory>
        <MarkerCategory name="Hallowed Ground" data-allowsub="true" DisplayName="Hallowed Ground">
          <MarkerCategory name="undefined"/>
        </MarkerCategory>
        <MarkerCategory name="Facing the Truth" data-allowsub="true" DisplayName="Facing the Truth">
          <MarkerCategory name="undefined"/>
        </MarkerCategory>
        <MarkerCategory name="The Way Forward" data-allowsub="true" DisplayName="The Way Forward">
          <MarkerCategory name="Walk a Fine Line" DisplayName="Walk a Fine Line">
            <MarkerCategory name="undefined"/>
          </MarkerCategory>
          <MarkerCategory name="undefined"/>
        </MarkerCategory>
        <MarkerCategory name="undefined"/>
      </MarkerCategory>
      <MarkerCategory name="3" data-allowsub="true">
        <MarkerCategory name="The Departing" DisplayName="The Departing">
          <MarkerCategory name="undefined"/>
        </MarkerCategory>
        <MarkerCategory name="Beast of War" DisplayName="Beast of War">
          <MarkerCategory name="undefined"/>
        </MarkerCategory>
        <MarkerCategory name="Enemy of My Enemy" DisplayName="Enemy of My Enemy">
          <MarkerCategory name="2 The Troopmarshal" DisplayName="2 The Troopmarshal">
            <MarkerCategory name="undefined"/>
          </MarkerCategory>
          <MarkerCategory name="undefined"/>
        </MarkerCategory>
        <MarkerCategory name="undefined"/>
      </MarkerCategory>
      <MarkerCategory name="Crystal Oasis" DisplayName="Crystal Oasis">
        <MarkerCategory name="Priory Historian Elisa" DisplayName="Priory Historian Elisa">
          <MarkerCategory name="undefined"/>
        </MarkerCategory>
        <MarkerCategory name="Casino Blits" DisplayName="Casino Blits">
          <MarkerCategory name="undefined"/>
        </MarkerCategory>
        <MarkerCategory name="undefined"/>
      </MarkerCategory>
      <MarkerCategory name="Desert Highlands" DisplayName="Desert Highlands">
        <MarkerCategory name="undefined"/>
      </MarkerCategory>
      <MarkerCategory name="Elon Riverlands" DisplayName="Elon Riverlands">
        <MarkerCategory name="Flameseeker Prophecies" DisplayName="Flameseeker Prophecies">
          <MarkerCategory name="undefined"/>
        </MarkerCategory>
        <MarkerCategory name="Ghostly Trio" DisplayName="Ghostly Trio">
          <MarkerCategory name="undefined"/>
        </MarkerCategory>
        <MarkerCategory name="undefined"/>
      </MarkerCategory>
      <MarkerCategory name="The Desolation" DisplayName="The Desolation">
        <MarkerCategory name="undefined"/>
      </MarkerCategory>
      <MarkerCategory name="Domain of Vabbi" DisplayName="Domain of Vabbi">
        <MarkerCategory name="undefined"/>
      </MarkerCategory>
      <MarkerCategory name="Open Skies_ Sunspear Sanctuary" DisplayName="Open Skies_ Sunspear Sanctuary">
        <MarkerCategory name="undefined"/>
      </MarkerCategory>
      <MarkerCategory name="Specialization Collections" DisplayName="Specialization Collections">
        <MarkerCategory name="undefined"/>
      </MarkerCategory>
      <MarkerCategory name="Race">
        <MarkerCategory name="undefined"/>
      </MarkerCategory>
      <MarkerCategory name="Back item" DisplayName="Raise the Banners: Amnoon Arbitrator">
        <MarkerCategory name="undefined"/>
      </MarkerCategory>
      <MarkerCategory name="undefined"/>
    </MarkerCategory>
    <MarkerCategory name="undefined"/>
  </MarkerCategory>
  <MarkerCategory name="undefined" fadeFar="8400" fadeNear="2100"/>
</OverlayData>