<OverlayData>
  <MarkerCategory name="LS" DisplayName="Living World" data-allowsub="true" iconFile="Data/LS.png" data-iconFile="Data/LS.png" fadeFar="16800" fadeNear="8400" maxSize="256">
    <MarkerCategory name="LS3" DisplayName="Season 3" data-allowsub="true">
      <MarkerCategory name="One Path Ends" iconFile="Data/LS/LS3/One_Path_Ends.png" data-iconFile="Data/LS/LS3/One_Path_Ends.png" DisplayName="One Path Ends">
        <MarkerCategory name="Wheres Balthazar" DisplayName="Wheres Balthazar">
          <MarkerCategory name="Cleaning Up The Mess" DisplayName="Cleaning Up The Mess"/>
        </MarkerCategory>
      </MarkerCategory>
    </MarkerCategory>
  </MarkerCategory>
  <POIs>
    <POI MapID="1202" xpos="-40.7117" ypos="135.087" zpos="-410.847" type="ls.ls3.one_path_ends.wheres_balthazar.cleaning_up_the_mess" GUID="eq0lwf4rx0y7lUQ9oQ7S6A=="/>
  </POIs>
</OverlayData>