<OverlayData>
  <MarkerCategory name="Festivals" DisplayName="Festivals" fadeFar="16800" fadeNear="8400" maxSize="256">
    <MarkerCategory name="Halloween" data-sort="true" iconFile="Data/Festivals/Halloween.png" data-iconFile="Data/Festivals/Halloween.png">
      <MarkerCategory name="Shadow of the Mad King" iconFile="Data/Festivals/Halloween/Shadow of the Mad King.png" data-iconFile="Data/Festivals/Halloween/Shadow of the Mad King.png" DisplayName="Shadow of the Mad King">
        <MarkerCategory name="Courtly Service" DisplayName="Courtly Service"/>
      </MarkerCategory>
    </MarkerCategory>
  </MarkerCategory>
  <POIs>
    <POI MapID="866" xpos="5.41036" ypos="225.661" zpos="-2.64353" type="festivals.halloween.shadow_of_the_mad_king.courtly_service" GUID="bR3Koy5fF0KRi0cDVl6GYw=="/>
  </POIs>
</OverlayData>