<OverlayData>
  <MarkerCategory name="Festivals" DisplayName="Festivals" fadeFar="16800" fadeNear="8400" maxSize="256">
    <MarkerCategory name="Halloween" data-sort="true" iconFile="Data/Festivals/Halloween.png" data-iconFile="Data/Festivals/Halloween.png">
      <MarkerCategory name="Shadow of the Mad King" iconFile="Data/Festivals/Halloween/Shadow of the Mad King.png" data-iconFile="Data/Festivals/Halloween/Shadow of the Mad King.png" DisplayName="Shadow of the Mad King">
        <MarkerCategory name="Shut the Doors" iconFile="Data/Festivals/Halloween/Shadow of the Mad King/Shut the Doors.png" data-iconFile="Data/Festivals/Halloween/Shadow of the Mad King/Shut the Doors.png" DisplayName="Shut the Doors"/>
      </MarkerCategory>
    </MarkerCategory>
  </MarkerCategory>
  <POIs>
    <POI MapID="866" xpos="120.015" ypos="175.17" zpos="-177.472" type="festivals.halloween.shadow_of_the_mad_king.shut_the_doors" GUID="pbCzGh3dPUCiwH4mr4LLLA=="/>
    <POI MapID="866" xpos="-53.7512" ypos="193.4" zpos="-29.1347" type="festivals.halloween.shadow_of_the_mad_king.shut_the_doors" GUID="Vh3jnjsemEaMRkcKqKcpWQ=="/>
    <POI MapID="866" xpos="-134.082" ypos="174.908" zpos="110.205" type="festivals.halloween.shadow_of_the_mad_king.shut_the_doors" GUID="BGqU331bRkul5gQ45JnoxQ=="/>
    <POI MapID="866" xpos="11.321" ypos="180.705" zpos="-195.633" type="festivals.halloween.shadow_of_the_mad_king.shut_the_doors" GUID="AFRmCFkdnk+FqGWDTq1GVg=="/>
    <POI MapID="866" xpos="-128.435" ypos="175.986" zpos="-155.214" type="festivals.halloween.shadow_of_the_mad_king.shut_the_doors" GUID="dQA9rsaN0kefrpuYWaQP5g=="/>
    <POI MapID="866" xpos="124.31" ypos="175.981" zpos="133.406" type="festivals.halloween.shadow_of_the_mad_king.shut_the_doors" GUID="sO/cINM1ikCBfwt9/zICUw=="/>
    <POI MapID="866" xpos="121.614" ypos="177.399" zpos="35.7241" type="festivals.halloween.shadow_of_the_mad_king.shut_the_doors" GUID="9g8w/p/YSEi3X9qwydbHtg=="/>
    <POI MapID="866" xpos="30.4117" ypos="177.24" zpos="134.152" type="festivals.halloween.shadow_of_the_mad_king.shut_the_doors" GUID="8Y/ldCOJckOThp4z70cyiw=="/>
  </POIs>
</OverlayData>