<OverlayData>
  <MarkerCategory name="Chest" iconFile="Data/Chest.png" data-class="fade-1 poi-chest" data-iconFile="Data/Chest.png" heightOffset="1.6" fadeFar="16800" fadeNear="8400" maxSize="256">
    <MarkerCategory name="Permanent"/>
  </MarkerCategory>
  <POIs>
    <POI MapID="24" xpos="-511.842" ypos="0.251935" zpos="-510.341" type="chest.permanent" GUID="SfZdklrnk0Ck+lKunr/Mgw=="/>
    <POI MapID="24" xpos="453.012" ypos="0.424502" zpos="354.61" type="chest.permanent" GUID="X1WXLVQ38EqY+tpsU5yigQ=="/>
    <POI MapID="24" xpos="37.8187" ypos="0.125826" zpos="584.839" type="chest.permanent" GUID="XBNq2FGBEk6PoilQ+eMh0A=="/>
  </POIs>
</OverlayData>