<OverlayData>
  <MarkerCategory name="Achievement" data-allowsub="true" iconFile="Data/Achievement.png" data-iconFile="Data/Achievement.png" fadeFar="16800" fadeNear="8400" maxSize="256">
    <MarkerCategory name="Path of Fire" iconFile="Data/Achievement/Path of Fire.png" data-iconFile="Data/Achievement/Path of Fire.png" DisplayName="Path of Fire">
      <MarkerCategory name="Crystal Desert" iconFile="Data/Achievement/Path of Fire/Crystal_Desert.png" data-iconFile="Data/Achievement/Path of Fire/Crystal_Desert.png" DisplayName="Crystal Desert">
        <MarkerCategory name="Always Time for Taimi" iconFile="Data/Achievement/Path of Fire/Crystal Desert/Always Time for Taimi.png" data-iconFile="Data/Achievement/Path of Fire/Crystal Desert/Always Time for Taimi.png" DisplayName="Always Time for Taimi"/>
        <MarkerCategory name="Priory Historian Elisa" DisplayName="Priory Historian Elisa"/>
      </MarkerCategory>
      <MarkerCategory name="Crystal Oasis" iconFile="Data/Achievement/Path of Fire/Crystal_Oasis.png" data-iconFile="Data/Achievement/Path of Fire/Crystal_Oasis.png" DisplayName="Crystal Oasis">
        <MarkerCategory name="Lost Lore of Crystal Oasis" DisplayName="Lost Lore of Crystal Oasis"/>
      </MarkerCategory>
      <MarkerCategory name="Desert Highlands" iconFile="Data/Achievement/Path of Fire/Desert_Highlands.png" data-iconFile="Data/Achievement/Path of Fire/Desert_Highlands.png" DisplayName="Desert Highlands">
        <MarkerCategory name="Carrot Collector" DisplayName="Carrot Collector"/>
        <MarkerCategory name="Dwarven Ruins" DisplayName="Dwarven Ruins">
          <MarkerCategory name="The Curious Bowl" DisplayName="The Curious Bowl">
            <MarkerCategory name="Breaking the Bank" DisplayName="Breaking the Bank"/>
          </MarkerCategory>
          <MarkerCategory name="Rune Locked Doors" DisplayName="Rune Locked Doors">
            <MarkerCategory name="Runestone" iconFile="Data/Point.png"/>
            <MarkerCategory name="Portal" iconFile="Data/Other/Portal/In.png"/>
          </MarkerCategory>
          <MarkerCategory name="Dwarven Forge" data-sort="true" DisplayName="Dwarven Forge">
            <MarkerCategory name="Stonespite Cleaver" DisplayName="Stonespite Cleaver"/>
            <MarkerCategory name="Staff of the Lost" DisplayName="Staff of the Lost"/>
            <MarkerCategory name="Gate of Good Byes" DisplayName="Gate of Good Byes"/>
            <MarkerCategory name="Final Sting" DisplayName="Final Sting"/>
            <MarkerCategory name="Might of the Vindictive" DisplayName="Might of the Vindictive"/>
          </MarkerCategory>
        </MarkerCategory>
        <MarkerCategory name="Hidden Carrot Hunt" DisplayName="Hidden Carrot Hunt"/>
        <MarkerCategory name="Lost Lore of Desert Highlands" DisplayName="Lost Lore of Desert Highlands"/>
      </MarkerCategory>
      <MarkerCategory name="Domain of Vabbi" iconFile="Data/Achievement/Path of Fire/Domain_of_Vabbi.png" data-iconFile="Data/Achievement/Path of Fire/Domain_of_Vabbi.png" DisplayName="Domain of Vabbi">
        <MarkerCategory name="Lost Lore of the Domain of Vabbi" DisplayName="Lost Lore of the Domain of Vabbi"/>
      </MarkerCategory>
      <MarkerCategory name="Elon Riverlands" iconFile="Data/Achievement/Path of Fire/Elon_Riverlands.png" data-iconFile="Data/Achievement/Path of Fire/Elon_Riverlands.png" DisplayName="Elon Riverlands">
        <MarkerCategory name="Flameseeker Prophecies" DisplayName="Flameseeker Prophecies">
          <MarkerCategory name="Forgotten Light" iconFile="Data/Point.png" DisplayName="Forgotten Light"/>
        </MarkerCategory>
        <MarkerCategory name="Ghostly Trio" DisplayName="Ghostly Trio">
          <MarkerCategory name="Path" iconFile="Data/CheckPoint.png"/>
        </MarkerCategory>
        <MarkerCategory name="Lost Lore of Elon Riverlands" DisplayName="Lost Lore of Elon Riverlands"/>
      </MarkerCategory>
      <MarkerCategory name="Glorify the Golden Heart" DisplayName="Glorify the Golden Heart"/>
      <MarkerCategory name="Open Skies" data-class="fade-max" fadeFar="25200" fadeNear="16800" DisplayName="Open Skies">
        <MarkerCategory name="Sunspear Sanctuary" DisplayName="Sunspear Sanctuary">
          <MarkerCategory name="Domain of Vabbi" DisplayName="Domain of Vabbi"/>
          <MarkerCategory name="Crystal Oasis" DisplayName="Crystal Oasis"/>
          <MarkerCategory name="Elon Riverlands" DisplayName="Elon Riverlands"/>
          <MarkerCategory name="Desert Highlands" DisplayName="Desert Highlands"/>
          <MarkerCategory name="The Desolation" DisplayName="The Desolation"/>
          <MarkerCategory name="Sunspear Wisdom" data-class="fade-max2" fadeFar="42000" fadeNear="25200" DisplayName="Sunspear Wisdom"/>
        </MarkerCategory>
        <MarkerCategory name="On Wings and a Prayer" DisplayName="On Wings and a Prayer"/>
      </MarkerCategory>
      <MarkerCategory name="Raise the Banners" DisplayName="Raise the Banners: Amnoon Arbitrator" iconFile="Data/Achievement/Basic_Collections.png" data-sort="true">
        <MarkerCategory name="Sunspear Support" DisplayName="Sunspear Support"/>
        <MarkerCategory name="Salute to Palawa Joko" DisplayName="Salute to Palawa Joko"/>
        <MarkerCategory name="Amnoon Independence" DisplayName="Amnoon Independence"/>
      </MarkerCategory>
      <MarkerCategory name="The Collection of Tribute" DisplayName="The Collection of Tribute">
        <MarkerCategory name="Chunk of Granite" DisplayName="Chunk of Granite"/>
        <MarkerCategory name="Tamarisk Reed" DisplayName="Tamarisk Reed"/>
        <MarkerCategory name="Late Blooming Elon Lily" DisplayName="Late Blooming Elon Lily"/>
        <MarkerCategory name="Ancient Surveyors Tools" DisplayName="Ancient Surveyors Tools"/>
        <MarkerCategory name="Bunch of Rare Grapes" DisplayName="Bunch of Rare Grapes"/>
      </MarkerCategory>
      <MarkerCategory name="The Desolation" iconFile="Data/Achievement/Path of Fire/The_Desolation.png" data-iconFile="Data/Achievement/Path of Fire/The_Desolation.png" DisplayName="The Desolation">
        <MarkerCategory name="A Familys Sacrifice" DisplayName="A Familys Sacrifice"/>
        <MarkerCategory name="A Soaring Stench" DisplayName="A Soaring Stench"/>
        <MarkerCategory name="Acrid Springs Recovery" DisplayName="Acrid Springs Recovery"/>
        <MarkerCategory name="Dance Till You Drop" DisplayName="Dance Till You Drop"/>
        <MarkerCategory name="Jackal Reconnaissance" DisplayName="Jackal Reconnaissance"/>
        <MarkerCategory name="Jokos Hidden Chamber" DisplayName="Jokos Hidden Chamber"/>
        <MarkerCategory name="Lost Lore of the Desolation" DisplayName="Lost Lore of the Desolation"/>
        <MarkerCategory name="Path of the Gods" DisplayName="Path of the Gods">
          <MarkerCategory name="Statue of Dwayna" DisplayName="Statue of Dwayna"/>
          <MarkerCategory name="Statue of Melandru" DisplayName="Statue of Melandru"/>
          <MarkerCategory name="Statue of Lyssa" DisplayName="Statue of Lyssa"/>
          <MarkerCategory name="Statue of Grenth" DisplayName="Statue of Grenth"/>
          <MarkerCategory name="Statue of Balthazar" DisplayName="Statue of Balthazar"/>
          <MarkerCategory name="Statue of Kormir" DisplayName="Statue of Kormir"/>
          <MarkerCategory name="Statue of Abaddon" DisplayName="Statue of Abaddon"/>
        </MarkerCategory>
        <MarkerCategory name="Shadows Provisions" DisplayName="Shadows Provisions"/>
        <MarkerCategory name="The Throne of Bones" DisplayName="The Throne of Bones"/>
      </MarkerCategory>
    </MarkerCategory>
  </MarkerCategory>
  <POIs>
    <POI MapID="1226" xpos="285.376" ypos="437.057" zpos="-184.285" type="achievement.path_of_fire.crystal_desert.always_time_for_taimi" GUID="JqkPLpuOnUqXAY23g5FqGg=="/>
    <POI MapID="1210" xpos="-1031.53" ypos="67.7949" zpos="185.888" type="achievement.path_of_fire.crystal_desert.always_time_for_taimi" GUID="3y5fywGBuUuL6r2MtRyWbw=="/>
    <POI MapID="1228" xpos="753.225" ypos="150.406" zpos="955.065" type="achievement.path_of_fire.crystal_desert.priory_historian_elisa" GUID="okl19+rz9k+Aq+exA/j9KQ=="/>
    <POI MapID="1226" xpos="-246.031" ypos="308.272" zpos="726.102" type="achievement.path_of_fire.crystal_desert.priory_historian_elisa" GUID="2qR7zyUxZU2JGfdrIslgSQ=="/>
    <POI MapID="1210" xpos="255.956" ypos="60.5678" zpos="620.168" type="achievement.path_of_fire.crystal_oasis.lost_lore_of_crystal_oasis" GUID="mYa2H6HqlU2b8D7UxG6O1Q=="/>
    <POI MapID="1210" xpos="1205.58" ypos="372.936" zpos="392.209" type="achievement.path_of_fire.crystal_oasis.lost_lore_of_crystal_oasis" GUID="cJUwBoSUvECnZZAHPXkZzQ=="/>
    <POI MapID="1210" xpos="986.895" ypos="209.571" zpos="394.137" type="achievement.path_of_fire.crystal_oasis.lost_lore_of_crystal_oasis" GUID="+vkGBJw6D0+g21KnqUVJuA=="/>
    <POI MapID="1210" xpos="1242.32" ypos="170.487" zpos="-450.095" type="achievement.path_of_fire.crystal_oasis.lost_lore_of_crystal_oasis" GUID="UF+e6vXoWEuaor62ve6bKw=="/>
    <POI MapID="1210" xpos="-1226.43" ypos="3.47934" zpos="-570.796" type="achievement.path_of_fire.crystal_oasis.lost_lore_of_crystal_oasis" GUID="e+23HLpGjkqgVLU5JhnqMA=="/>
    <POI MapID="1210" xpos="-859.104" ypos="13.3235" zpos="18.0117" type="achievement.path_of_fire.crystal_oasis.lost_lore_of_crystal_oasis" GUID="MPgKTyUeZUe2LXPedqd0hg=="/>
    <POI MapID="1210" xpos="824.561" ypos="224.979" zpos="122.663" type="achievement.path_of_fire.crystal_oasis.lost_lore_of_crystal_oasis" GUID="F02rLgF+rkG3bAB+GnUu2w=="/>
    <POI MapID="1211" xpos="-55.0221" ypos="265.357" zpos="402.867" type="achievement.path_of_fire.desert_highlands.carrot_collector" GUID="+bJ/Eg0HAEKqEn6r4WuO6Q=="/>
    <POI MapID="1211" xpos="-136.972" ypos="267.515" zpos="282.801" type="achievement.path_of_fire.desert_highlands.carrot_collector" GUID="svX9v2T3mUWyaltE2b+AqQ=="/>
    <POI MapID="1211" xpos="-254.794" ypos="297.107" zpos="292.423" type="achievement.path_of_fire.desert_highlands.carrot_collector" GUID="xgXog3i0g06MnzgNlgT04Q=="/>
    <POI MapID="1211" xpos="-235.711" ypos="310.827" zpos="429.288" type="achievement.path_of_fire.desert_highlands.carrot_collector" GUID="UD1JKirt4EWQxirIxWmYzQ=="/>
    <POI MapID="1211" xpos="-275.189" ypos="326.886" zpos="384.962" type="achievement.path_of_fire.desert_highlands.carrot_collector" GUID="e7kWJ+xnBkCHN9rsuci3FA=="/>
    <POI MapID="1211" xpos="-215.302" ypos="269.975" zpos="422.952" type="achievement.path_of_fire.desert_highlands.carrot_collector" GUID="O+Bt15HXpE2BaxHndAHMcw=="/>
    <POI MapID="1211" xpos="-226.292" ypos="260.722" zpos="443.794" type="achievement.path_of_fire.desert_highlands.carrot_collector" GUID="8g0WbWJrA0i3ZAkh71nOww=="/>
    <POI MapID="1211" xpos="-208.777" ypos="261.131" zpos="519.543" type="achievement.path_of_fire.desert_highlands.carrot_collector" GUID="63quuu1A1UiWtgzNXyx+vA=="/>
    <POI MapID="1211" xpos="-285.089" ypos="255.026" zpos="400.872" type="achievement.path_of_fire.desert_highlands.carrot_collector" GUID="bjMwOJn0vk2hDGdl9KKD5g=="/>
    <POI MapID="1211" xpos="-297.656" ypos="250.766" zpos="446.321" type="achievement.path_of_fire.desert_highlands.carrot_collector" GUID="w9GkwPYF7Uq4qnwqLJCkKg=="/>
    <POI MapID="1211" xpos="-307.703" ypos="238.128" zpos="383.669" type="achievement.path_of_fire.desert_highlands.carrot_collector" GUID="Rs9q5u7JKUqD2rufA0CGvA=="/>
    <POI MapID="1211" xpos="-273.126" ypos="225.974" zpos="336.943" type="achievement.path_of_fire.desert_highlands.carrot_collector" GUID="XpmcGEzkKUK/BsyuM9FIsw=="/>
    <POI MapID="1211" xpos="-258.708" ypos="213.142" zpos="191.251" type="achievement.path_of_fire.desert_highlands.carrot_collector" GUID="LYDeQirEiU2+PlFOeIIgtQ=="/>
    <POI MapID="1211" xpos="-230.902" ypos="226.997" zpos="255.27" type="achievement.path_of_fire.desert_highlands.carrot_collector" GUID="9gDaun7ugkOrADNUc4lmPg=="/>
    <POI MapID="1211" xpos="-221.364" ypos="234.025" zpos="296.89" type="achievement.path_of_fire.desert_highlands.carrot_collector" GUID="SY4WRXDI40K4yFz+VI5bXg=="/>
    <POI MapID="1211" xpos="-169.846" ypos="243.787" zpos="345.82" type="achievement.path_of_fire.desert_highlands.carrot_collector" GUID="Itk3rT4/5ECEIo5Pb9Gklg=="/>
    <POI MapID="1211" xpos="-160.988" ypos="242.081" zpos="308.776" type="achievement.path_of_fire.desert_highlands.carrot_collector" GUID="b/2FlPC9xk66H94gkd3d9Q=="/>
    <POI MapID="1211" xpos="-197.503" ypos="251.092" zpos="384.582" type="achievement.path_of_fire.desert_highlands.carrot_collector" GUID="gzesmOyVXEygXh6epada8A=="/>
    <POI MapID="1211" xpos="-159.098" ypos="249.14" zpos="390.28" type="achievement.path_of_fire.desert_highlands.carrot_collector" GUID="4dm4skqZ+E2wrM3qQPUZ8g=="/>
    <POI MapID="1211" xpos="-109.928" ypos="251.5" zpos="404.828" type="achievement.path_of_fire.desert_highlands.carrot_collector" GUID="wF7zLpQeAU2dM/vMuUUyZA=="/>
    <POI MapID="1211" xpos="-52.4166" ypos="279.52" zpos="506.983" type="achievement.path_of_fire.desert_highlands.carrot_collector" GUID="GSZ8n2uD/keIfr6crEqiMA=="/>
    <POI MapID="1211" xpos="-41.4055" ypos="291.899" zpos="427.699" type="achievement.path_of_fire.desert_highlands.carrot_collector" GUID="4ZbaKqxDSESCukKrDq0RPQ=="/>
    <POI MapID="1211" xpos="-64.6158" ypos="337.779" zpos="573.425" type="achievement.path_of_fire.desert_highlands.carrot_collector" GUID="YTBdujBt4k2A5fY+EAPWUA=="/>
    <POI MapID="1211" xpos="-153.018" ypos="283.744" zpos="585.747" type="achievement.path_of_fire.desert_highlands.carrot_collector" GUID="PtmH2gvVdUuZ0vY+MLELow=="/>
    <POI MapID="1211" xpos="-160.445" ypos="284.457" zpos="504.68" type="achievement.path_of_fire.desert_highlands.carrot_collector" GUID="TYEMs0pW3UWaL0lA/1VF4Q=="/>
    <POI MapID="1211" xpos="-8.88036" ypos="242.152" zpos="254.008" type="achievement.path_of_fire.desert_highlands.carrot_collector" GUID="22GoqOvF+0WzWGXbLqC5YQ=="/>
    <POI MapID="1211" xpos="73.7673" ypos="311.905" zpos="443.367" type="achievement.path_of_fire.desert_highlands.carrot_collector" GUID="mdcozdd5P0WrT7k7TWHApw=="/>
    <POI MapID="1211" xpos="113.415" ypos="331.577" zpos="526.559" type="achievement.path_of_fire.desert_highlands.carrot_collector" GUID="V8DEa6jyLEKiAPUPPUo9VA=="/>
    <POI MapID="1211" xpos="-145.323" ypos="354.319" zpos="595.47" type="achievement.path_of_fire.desert_highlands.carrot_collector" GUID="TmiX5s1cck29hdsvPgll+g=="/>
    <POI MapID="1211" xpos="-151.256" ypos="295.806" zpos="455.989" type="achievement.path_of_fire.desert_highlands.carrot_collector" GUID="UZgvsX2EbUmpnILTPo2CMQ=="/>
    <POI MapID="1211" xpos="-119.968" ypos="308.773" zpos="374.093" type="achievement.path_of_fire.desert_highlands.carrot_collector" GUID="gLK9eLGX+0W9hVPSBeHiRw=="/>
    <POI MapID="1211" xpos="-68.4292" ypos="218.711" zpos="266.152" type="achievement.path_of_fire.desert_highlands.carrot_collector" GUID="oy2rhd6yC0im/F1hH74H/Q=="/>
    <POI MapID="1211" xpos="-1123.87" ypos="324.373" zpos="215.947" type="achievement.path_of_fire.desert_highlands.dwarven_ruins.the_curious_bowl.breaking_the_bank" GUID="WpSJ+pMtwkKSVI9ldg+FpQ=="/>
    <POI MapID="1211" xpos="-1095.06" ypos="325.412" zpos="209.78" type="achievement.path_of_fire.desert_highlands.dwarven_ruins.the_curious_bowl.breaking_the_bank" GUID="EC0gXJc6ZEG8sCC2RvXblw=="/>
    <POI MapID="1211" xpos="-1093.31" ypos="325.411" zpos="217.508" type="achievement.path_of_fire.desert_highlands.dwarven_ruins.the_curious_bowl.breaking_the_bank" GUID="oGTnZ+7dY06NttW3Okxiqw=="/>
    <POI MapID="1211" xpos="-1151.44" ypos="324.243" zpos="226.448" type="achievement.path_of_fire.desert_highlands.dwarven_ruins.the_curious_bowl" GUID="ig3J1StGKEOpE9IR1WXLAg=="/>
    <POI MapID="1211" xpos="-1121.51" ypos="324.4" zpos="226.555" type="achievement.path_of_fire.desert_highlands.dwarven_ruins.the_curious_bowl.breaking_the_bank" GUID="wwwEZ2+5y0qWb/5a9WIkPg=="/>
    <POI MapID="1211" xpos="-1064.71" ypos="324.33" zpos="208.896" type="achievement.path_of_fire.desert_highlands.dwarven_ruins.the_curious_bowl.breaking_the_bank" GUID="RpJj5X7g6UqOJahgkPO6sg=="/>
    <POI MapID="1211" xpos="-1062.59" ypos="324.355" zpos="218.734" type="achievement.path_of_fire.desert_highlands.dwarven_ruins.the_curious_bowl.breaking_the_bank" GUID="XuVnKmVGmUKTDwd/Y9BnLw=="/>
    <POI MapID="1211" xpos="-1034.36" ypos="325.652" zpos="206.081" type="achievement.path_of_fire.desert_highlands.dwarven_ruins.the_curious_bowl.breaking_the_bank" GUID="E1uMSBEAt0SZeEjute3dfQ=="/>
    <POI MapID="1211" xpos="-1138.91" ypos="340.422" zpos="157.29" type="achievement.path_of_fire.desert_highlands.dwarven_ruins.rune_locked_doors.runestone" GUID="aVyGnVBQIEWzGHjU4JEKGw=="/>
    <POI MapID="1211" xpos="-1222.33" ypos="340.023" zpos="125.234" type="achievement.path_of_fire.desert_highlands.dwarven_ruins.rune_locked_doors.portal" GUID="FBeIRihgCUKC5J9Y1LxZYw=="/>
    <POI MapID="1211" xpos="-1185.62" ypos="355.952" zpos="77.9364" type="achievement.path_of_fire.desert_highlands.dwarven_ruins.dwarven_forge.stonespite_cleaver" GUID="2VgXU6z39EiIO8WDvnTqGA=="/>
    <POI MapID="1211" xpos="-1149.64" ypos="355.462" zpos="81.0698" type="achievement.path_of_fire.desert_highlands.dwarven_ruins.rune_locked_doors.runestone" GUID="mstgvAHHcEaP9QAvYq63oA=="/>
    <POI MapID="1211" xpos="-1147.51" ypos="355.375" zpos="63.6141" type="achievement.path_of_fire.desert_highlands.dwarven_ruins.dwarven_forge.stonespite_cleaver" GUID="4QUmj8741EKgMZiSf972aw=="/>
    <POI MapID="1211" xpos="-1134.94" ypos="318.827" zpos="56.8028" type="achievement.path_of_fire.desert_highlands.dwarven_ruins.dwarven_forge.stonespite_cleaver" GUID="1VfxceDReEKoJP4jnFCeRw=="/>
    <POI MapID="1211" xpos="-1184.61" ypos="329.567" zpos="73.7116" type="achievement.path_of_fire.desert_highlands.dwarven_ruins.dwarven_forge.stonespite_cleaver" GUID="w905f+6CtUS4p5ibzJ8xLg=="/>
    <POI MapID="1211" xpos="-1219.47" ypos="321.048" zpos="61.7347" type="achievement.path_of_fire.desert_highlands.dwarven_ruins.dwarven_forge.stonespite_cleaver" GUID="h84G+5Rs+UOf60p8yFyAcA=="/>
    <POI MapID="1211" xpos="-1224.77" ypos="321.08" zpos="69.0328" type="achievement.path_of_fire.desert_highlands.dwarven_ruins.rune_locked_doors.runestone" GUID="xctjuQd4eEeeTFbiZ4u/rQ=="/>
    <POI MapID="1211" xpos="-1224.63" ypos="310.712" zpos="77.5038" type="achievement.path_of_fire.desert_highlands.dwarven_ruins.dwarven_forge.staff_of_the_lost" GUID="97ISp0wTMEiLzHCpH0ZkVw=="/>
    <POI MapID="1211" xpos="-1245.33" ypos="278.717" zpos="122.919" type="achievement.path_of_fire.desert_highlands.dwarven_ruins.rune_locked_doors" GUID="NldXY+mHL0K+vOwWBHz4sA=="/>
    <POI MapID="1211" xpos="-1245.85" ypos="278.634" zpos="126.741" type="achievement.path_of_fire.desert_highlands.dwarven_ruins.rune_locked_doors" GUID="g2Mv0BHiK0uoJ240eGWNuA=="/>
    <POI MapID="1211" xpos="-1241.88" ypos="278.78" zpos="124.902" type="achievement.path_of_fire.desert_highlands.dwarven_ruins.rune_locked_doors.portal" GUID="t4ENI/gbuUKA162DyUdEoA=="/>
    <POI MapID="1211" xpos="-1224.05" ypos="339.759" zpos="127.762" type="achievement.path_of_fire.desert_highlands.dwarven_ruins.rune_locked_doors" GUID="e18kdUZPxEiWzxxypu8xkg=="/>
    <POI MapID="1211" xpos="-1100.89" ypos="254.13" zpos="107.371" type="achievement.path_of_fire.desert_highlands.dwarven_ruins.dwarven_forge.gate_of_good_byes" GUID="es9FjT0tJEG3n2JA4CrWLg=="/>
    <POI MapID="1211" xpos="-1037.9" ypos="254.13" zpos="141.984" type="achievement.path_of_fire.desert_highlands.dwarven_ruins.dwarven_forge.gate_of_good_byes" GUID="e5Br2FWJnk2g5IbcF8zdlw=="/>
    <POI MapID="1211" xpos="-1048.93" ypos="242.436" zpos="111.463" type="achievement.path_of_fire.desert_highlands.dwarven_ruins.rune_locked_doors.runestone" GUID="bjNId2Esfk2Z5gI5Y4uNvQ=="/>
    <POI MapID="1211" xpos="-1096.22" ypos="212.16" zpos="119.853" type="achievement.path_of_fire.desert_highlands.dwarven_ruins.dwarven_forge.gate_of_good_byes" GUID="X+8+zOP0KU6UHjvz3uXwGQ=="/>
    <POI MapID="1211" xpos="-1050.74" ypos="212.01" zpos="153.782" type="achievement.path_of_fire.desert_highlands.dwarven_ruins.dwarven_forge.gate_of_good_byes" GUID="Xv1UdJa+hEKdPjRdwZbBug=="/>
    <POI MapID="1211" xpos="-1081.1" ypos="210.454" zpos="144.835" type="achievement.path_of_fire.desert_highlands.dwarven_ruins.dwarven_forge.staff_of_the_lost" GUID="4hmIF91oakyzO9hatTWy6w=="/>
    <POI MapID="1211" xpos="-1077.25" ypos="214.09" zpos="159.884" type="achievement.path_of_fire.desert_highlands.dwarven_ruins.rune_locked_doors.runestone" GUID="1v5KeaLhUU2wCCxZTgxnyw=="/>
    <POI MapID="1211" xpos="-1156.86" ypos="239.041" zpos="155.358" type="achievement.path_of_fire.desert_highlands.dwarven_ruins.rune_locked_doors.runestone" GUID="aTFAJsfPKkCMXr4Expeqjw=="/>
    <POI MapID="1211" xpos="-1278.12" ypos="284.417" zpos="202.068" type="achievement.path_of_fire.desert_highlands.dwarven_ruins.rune_locked_doors" GUID="XMCsbas5H0Cg+Q49Y2Z6hA=="/>
    <POI MapID="1211" xpos="-1280.84" ypos="284.445" zpos="200.933" type="achievement.path_of_fire.desert_highlands.dwarven_ruins.rune_locked_doors" GUID="OS8jXc9VOE+OaC94mJu6eQ=="/>
    <POI MapID="1211" xpos="-1284.02" ypos="284.433" zpos="202.122" type="achievement.path_of_fire.desert_highlands.dwarven_ruins.rune_locked_doors" GUID="ZVJt+DiMMEWu3PLZBKtSmg=="/>
    <POI MapID="1211" xpos="-1280.93" ypos="284.713" zpos="204.785" type="achievement.path_of_fire.desert_highlands.dwarven_ruins.rune_locked_doors.portal" GUID="TW1iVXB0N0+9Uzddi+b7ZA=="/>
    <POI MapID="1211" xpos="-1274.85" ypos="294.909" zpos="245.192" type="achievement.path_of_fire.desert_highlands.dwarven_ruins.dwarven_forge.staff_of_the_lost" GUID="u8Th9TWiIUamWlemF7zz5w=="/>
    <POI MapID="1211" xpos="-1179.67" ypos="235.179" zpos="334.261" type="achievement.path_of_fire.desert_highlands.dwarven_ruins.rune_locked_doors.runestone" GUID="I0n75Mxzak60yVw0ZBJqlg=="/>
    <POI MapID="1211" xpos="-1161.59" ypos="237.927" zpos="405.87" type="achievement.path_of_fire.desert_highlands.dwarven_ruins.dwarven_forge.final_sting" GUID="Ir5zKqz/X0unUZio7H7HuQ=="/>
    <POI MapID="1211" xpos="-1293.03" ypos="223.686" zpos="386.576" type="achievement.path_of_fire.desert_highlands.dwarven_ruins.rune_locked_doors.runestone" GUID="wTUZXyNEYEyocsuCNKCymQ=="/>
    <POI MapID="1211" xpos="-1209.2" ypos="271.626" zpos="407.791" type="achievement.path_of_fire.desert_highlands.dwarven_ruins.dwarven_forge.final_sting" GUID="+tHDtEqZEUOHgo8KOZkUDg=="/>
    <POI MapID="1211" xpos="-1293.38" ypos="267.568" zpos="423.121" type="achievement.path_of_fire.desert_highlands.dwarven_ruins.dwarven_forge.final_sting" GUID="vYGwerPM1k24Lsm94SRS9g=="/>
    <POI MapID="1211" xpos="-1283.91" ypos="253.958" zpos="345.213" type="achievement.path_of_fire.desert_highlands.dwarven_ruins.rune_locked_doors.runestone" GUID="u18HvcSXnkOcfwQEMWuzxw=="/>
    <POI MapID="1211" xpos="-1287.65" ypos="279.03" zpos="355.608" type="achievement.path_of_fire.desert_highlands.dwarven_ruins.dwarven_forge.final_sting" GUID="9g7ecPsl8UupA+9ufVSmOA=="/>
    <POI MapID="1211" xpos="-1202.11" ypos="252.309" zpos="368.17" type="achievement.path_of_fire.desert_highlands.dwarven_ruins.rune_locked_doors.runestone" GUID="+ak5ajWgKEyuKxGM6eVC/g=="/>
    <POI MapID="1211" xpos="-1335.35" ypos="299.576" zpos="201.906" type="achievement.path_of_fire.desert_highlands.dwarven_ruins.rune_locked_doors" GUID="cnlZ5I9kYke9EU+aEPduDA=="/>
    <POI MapID="1211" xpos="-1333.57" ypos="299.477" zpos="203.757" type="achievement.path_of_fire.desert_highlands.dwarven_ruins.rune_locked_doors" GUID="YrGDcqGjQkqOCKEFlAbRlA=="/>
    <POI MapID="1211" xpos="-1333.45" ypos="299.46" zpos="205.932" type="achievement.path_of_fire.desert_highlands.dwarven_ruins.rune_locked_doors" GUID="LETwJvjd10i5pAV5a3Ybjw=="/>
    <POI MapID="1211" xpos="-1335.54" ypos="299.567" zpos="208.012" type="achievement.path_of_fire.desert_highlands.dwarven_ruins.rune_locked_doors" GUID="Aj1xroWKIUW/iB5hSyFR/A=="/>
    <POI MapID="1211" xpos="-1337.51" ypos="299.899" zpos="205.025" type="achievement.path_of_fire.desert_highlands.dwarven_ruins.rune_locked_doors.portal" GUID="jGmcThnAMECwqAnRNXu77A=="/>
    <POI MapID="1211" xpos="-1408" ypos="296.302" zpos="189.061" type="achievement.path_of_fire.desert_highlands.dwarven_ruins.dwarven_forge.staff_of_the_lost" GUID="5dNf2ygK7E69tFroW/inTA=="/>
    <POI MapID="1211" xpos="-1461.74" ypos="4.37972" zpos="76.3619" type="achievement.path_of_fire.desert_highlands.dwarven_ruins.dwarven_forge.might_of_the_vindictive" GUID="Y1NOiaVttkqWyQwjHeYibQ=="/>
    <POI MapID="1211" xpos="-1336.23" ypos="36.5169" zpos="73.5418" type="achievement.path_of_fire.desert_highlands.dwarven_ruins.dwarven_forge.might_of_the_vindictive" GUID="Kw9OUs/YIkiR6845X+lmQg=="/>
    <POI MapID="1211" xpos="-1277.2" ypos="27.5357" zpos="103.601" type="achievement.path_of_fire.desert_highlands.dwarven_ruins.dwarven_forge.might_of_the_vindictive" GUID="SPDEAGY8zkCf/zRXI8P3xw=="/>
    <POI MapID="1211" xpos="-1372.15" ypos="49.6107" zpos="276.72" type="achievement.path_of_fire.desert_highlands.dwarven_ruins.dwarven_forge.might_of_the_vindictive" GUID="Vv6KQtlV5EOsY2nvU62IfA=="/>
    <POI MapID="1211" xpos="-1199.71" ypos="341.525" zpos="267.02" type="achievement.path_of_fire.desert_highlands.dwarven_ruins.dwarven_forge" GUID="lzZiZxp5KECLyE7bqdGaRQ=="/>
    <POI MapID="1211" xpos="-328.096" ypos="4.3237" zpos="-479.735" type="achievement.path_of_fire.desert_highlands.hidden_carrot_hunt" GUID="hx+YJZ6GyU2RwfV5Rh6xIA=="/>
    <POI MapID="1211" xpos="-415.496" ypos="22.1198" zpos="-385.892" type="achievement.path_of_fire.desert_highlands.hidden_carrot_hunt" GUID="XHwZgmKZcE2Kpd7Fq/85Iw=="/>
    <POI MapID="1211" xpos="-564.372" ypos="35.3552" zpos="-359.8" type="achievement.path_of_fire.desert_highlands.hidden_carrot_hunt" GUID="89NAZOnVK0W/PjsnyLgxxg=="/>
    <POI MapID="1211" xpos="-689.406" ypos="36.507" zpos="-372.04" type="achievement.path_of_fire.desert_highlands.hidden_carrot_hunt" GUID="ry+kVukHr0Og3t+m/m487g=="/>
    <POI MapID="1211" xpos="-807.08" ypos="3.21367" zpos="-534.464" type="achievement.path_of_fire.desert_highlands.hidden_carrot_hunt" GUID="OtoYsmayo0CYrD3QoGux7g=="/>
    <POI MapID="1211" xpos="-627.449" ypos="3.06917" zpos="-616.969" type="achievement.path_of_fire.desert_highlands.hidden_carrot_hunt" GUID="pp7SDTyPXkG6VqvciR49gQ=="/>
    <POI MapID="1211" xpos="-544.015" ypos="0.423359" zpos="-695.129" type="achievement.path_of_fire.desert_highlands.hidden_carrot_hunt" GUID="Ky79sTlXcEuTB6LecdJyOQ=="/>
    <POI MapID="1211" xpos="-443.03" ypos="39.3766" zpos="-689.444" type="achievement.path_of_fire.desert_highlands.hidden_carrot_hunt" GUID="GRSUdqzrzE+nHvT2vWzTiA=="/>
    <POI MapID="1211" xpos="-295.738" ypos="200.095" zpos="-218.399" type="achievement.path_of_fire.desert_highlands.hidden_carrot_hunt" GUID="vHNFD1awpkyAuq+XjyXCJA=="/>
    <POI MapID="1211" xpos="-544.8" ypos="161.83" zpos="-175.784" type="achievement.path_of_fire.desert_highlands.hidden_carrot_hunt" GUID="7439J+dGPECpBf55qdhJFA=="/>
    <POI MapID="1211" xpos="-407.963" ypos="86.4875" zpos="-180.991" type="achievement.path_of_fire.desert_highlands.hidden_carrot_hunt" GUID="WJrPJtzq5EiC2A76egGULQ=="/>
    <POI MapID="1211" xpos="-484.505" ypos="278.928" zpos="-18.2637" type="achievement.path_of_fire.desert_highlands.lost_lore_of_desert_highlands" GUID="V8LPa2TNRUK7GlKzrBrNZw=="/>
    <POI MapID="1211" xpos="-1294.38" ypos="434.532" zpos="313.497" type="achievement.path_of_fire.desert_highlands.lost_lore_of_desert_highlands" GUID="Qtg7vggnvE+gQh7T8DZdMw=="/>
    <POI MapID="1211" xpos="-1239.44" ypos="277.569" zpos="157.191" type="achievement.path_of_fire.desert_highlands.lost_lore_of_desert_highlands" GUID="dRAD8XyPiEGoCqs6dNu3aw=="/>
    <POI MapID="1248" xpos="1378.64" ypos="102.794" zpos="-595.586" type="achievement.path_of_fire.domain_of_vabbi.lost_lore_of_the_domain_of_vabbi" GUID="FwBsSEiHSE6eDPsGbxt1ig=="/>
    <POI MapID="1248" xpos="-1233.85" ypos="120.401" zpos="346.815" type="achievement.path_of_fire.domain_of_vabbi.lost_lore_of_the_domain_of_vabbi" GUID="bMMPZ54rcki0qRHM9w01pw=="/>
    <POI MapID="1248" xpos="-1458.43" ypos="312.203" zpos="-686.926" type="achievement.path_of_fire.domain_of_vabbi.lost_lore_of_the_domain_of_vabbi" GUID="tDYOO6gU0Eus1bYv4vf6aA=="/>
    <POI MapID="1228" xpos="380.612" ypos="89.5985" zpos="776.363" type="achievement.path_of_fire.elon_riverlands.flameseeker_prophecies" GUID="OiKgnqlmLUqBPlmrUbgk6Q=="/>
    <POI MapID="1228" xpos="423.831" ypos="97.8049" zpos="790.653" type="achievement.path_of_fire.elon_riverlands.flameseeker_prophecies" GUID="7F87e1AW7EKmyUcI+dcpwA=="/>
    <POI MapID="1228" xpos="446.156" ypos="103.275" zpos="752.118" type="achievement.path_of_fire.elon_riverlands.flameseeker_prophecies.forgotten_light" GUID="YCdiEz1mLE6YQT/TldixEQ=="/>
    <POI MapID="1228" xpos="404.713" ypos="94.0697" zpos="766.032" type="achievement.path_of_fire.elon_riverlands.flameseeker_prophecies.forgotten_light" GUID="c2HQ7SsimEGdq43MDuTy2g=="/>
    <POI MapID="1228" xpos="406.31" ypos="83.1981" zpos="719.225" type="achievement.path_of_fire.elon_riverlands.flameseeker_prophecies.forgotten_light" GUID="yr/L1scZ0kiT0N6M8VL3YA=="/>
    <POI MapID="1228" xpos="472.794" ypos="99.0679" zpos="737.231" type="achievement.path_of_fire.elon_riverlands.flameseeker_prophecies.forgotten_light" GUID="FqjCuvgUgk67nsmu7OIBBw=="/>
    <POI MapID="1228" xpos="399.884" ypos="94.9749" zpos="714.244" type="achievement.path_of_fire.elon_riverlands.flameseeker_prophecies.forgotten_light" GUID="AgfGJCdQI0i/QZtO7/qmuA=="/>
    <POI MapID="1228" xpos="428.294" ypos="99.2372" zpos="692.717" type="achievement.path_of_fire.elon_riverlands.flameseeker_prophecies.forgotten_light" GUID="YxhNFdhs0Ua8+O6esv9Zwg=="/>
    <POI MapID="1228" xpos="475.173" ypos="99.0673" zpos="744.566" type="achievement.path_of_fire.elon_riverlands.flameseeker_prophecies.forgotten_light" GUID="+wDFoGoRfEKGyKB3jdExLA=="/>
    <POI MapID="1228" xpos="460.57" ypos="101.161" zpos="761.318" type="achievement.path_of_fire.elon_riverlands.flameseeker_prophecies" GUID="doKtwf0dJEy0Vj+eu+j7Sw=="/>
    <POI MapID="1228" xpos="406.606" ypos="84.4188" zpos="760.211" type="achievement.path_of_fire.elon_riverlands.flameseeker_prophecies.forgotten_light" GUID="lOFFI52VL0CvFluV4Q/b8w=="/>
    <POI MapID="1228" xpos="459.338" ypos="100.244" zpos="719.026" type="achievement.path_of_fire.elon_riverlands.flameseeker_prophecies" GUID="g9M2A6p7w0ikQf7J78syeQ=="/>
    <POI MapID="1228" xpos="423.077" ypos="97.2192" zpos="691.752" type="achievement.path_of_fire.elon_riverlands.flameseeker_prophecies" GUID="81JfHvNYWUSIwrWV9ZhZCA=="/>
    <POI MapID="1228" xpos="422.78" ypos="85.1984" zpos="761.957" type="achievement.path_of_fire.elon_riverlands.flameseeker_prophecies.forgotten_light" GUID="CR5zbp+Sm06wY6tlV5pA5Q=="/>
    <POI MapID="1228" xpos="357.309" ypos="91.639" zpos="748.609" type="achievement.path_of_fire.elon_riverlands.flameseeker_prophecies.forgotten_light" GUID="ETb82gCs/EqrQqRJOmLvgw=="/>
    <POI MapID="1228" xpos="394.829" ypos="95.0417" zpos="760.076" type="achievement.path_of_fire.elon_riverlands.flameseeker_prophecies.forgotten_light" GUID="awM2OIdDsUykkyiop3rMnw=="/>
    <POI MapID="1228" xpos="438.594" ypos="101.263" zpos="760.119" type="achievement.path_of_fire.elon_riverlands.flameseeker_prophecies.forgotten_light" GUID="BSOceIDHuU+NOPMsp1h+EA=="/>
    <POI MapID="1228" xpos="381.592" ypos="89.2885" zpos="702.421" type="achievement.path_of_fire.elon_riverlands.flameseeker_prophecies" GUID="uOWU5bBP+0SXCI1zUI/8yA=="/>
    <POI MapID="1228" xpos="354.923" ypos="94.8327" zpos="750.808" type="achievement.path_of_fire.elon_riverlands.flameseeker_prophecies.forgotten_light" GUID="Vu7VVYdnGU69keXwAGrRQA=="/>
    <POI MapID="1228" xpos="414.722" ypos="98.3523" zpos="767.811" type="achievement.path_of_fire.elon_riverlands.flameseeker_prophecies.forgotten_light" GUID="184+aH8wtEGq1zGtbLkI+w=="/>
    <POI MapID="1228" xpos="439.74" ypos="93.5707" zpos="749.961" type="achievement.path_of_fire.elon_riverlands.flameseeker_prophecies.forgotten_light" GUID="6rZxwnyHxE6edIR3VVhzFQ=="/>
    <POI MapID="1228" xpos="438.96" ypos="93.3384" zpos="731.398" type="achievement.path_of_fire.elon_riverlands.flameseeker_prophecies.forgotten_light" GUID="7wtQZRhiX06nzQcLeqh6qA=="/>
    <POI MapID="1228" xpos="351.52" ypos="84.0463" zpos="745.352" type="achievement.path_of_fire.elon_riverlands.flameseeker_prophecies" GUID="cMmHXayEEUujLd1LGyCl3A=="/>
    <POI MapID="1228" xpos="382.931" ypos="84.175" zpos="730.405" type="achievement.path_of_fire.elon_riverlands.flameseeker_prophecies.forgotten_light" GUID="VbOw//VYK0+8vxQyCUq4EQ=="/>
    <POI MapID="1228" xpos="390.204" ypos="90.6267" zpos="754.811" type="achievement.path_of_fire.elon_riverlands.flameseeker_prophecies.forgotten_light" GUID="jDeT+XoLj0+fW/Ci/XiVcA=="/>
    <POI MapID="1228" xpos="359.547" ypos="104.479" zpos="752.077" type="achievement.path_of_fire.elon_riverlands.flameseeker_prophecies.forgotten_light" GUID="DaEqdJ8WTUiFWO2S4T7xmw=="/>
    <POI MapID="1228" xpos="321.921" ypos="90.193" zpos="729.787" type="achievement.path_of_fire.elon_riverlands.flameseeker_prophecies.forgotten_light" GUID="8xl88VxuU0CythO3MrWVzQ=="/>
    <POI MapID="1228" xpos="400.752" ypos="166.758" zpos="686.694" type="achievement.path_of_fire.elon_riverlands.flameseeker_prophecies" GUID="zG0CzSi8e0qBya9PeTwyHw=="/>
    <POI MapID="1228" xpos="369.769" ypos="172.053" zpos="705.251" type="achievement.path_of_fire.elon_riverlands.flameseeker_prophecies.forgotten_light" GUID="/o8MsY5fCU6nN3WSngbi7w=="/>
    <POI MapID="1228" xpos="350.407" ypos="180.705" zpos="690.078" type="achievement.path_of_fire.elon_riverlands.flameseeker_prophecies.forgotten_light" GUID="KDvCHK+fuUmFIARh4qRo8w=="/>
    <POI MapID="1228" xpos="326.907" ypos="85.4987" zpos="734.587" type="achievement.path_of_fire.elon_riverlands.flameseeker_prophecies" GUID="ykj32PhjWkqo2mF6Ri24qQ=="/>
    <POI MapID="1228" xpos="314.451" ypos="92.9096" zpos="747.584" type="achievement.path_of_fire.elon_riverlands.flameseeker_prophecies.forgotten_light" GUID="GmkdsAinK0Gn4kr0l5RQZg=="/>
    <POI MapID="1228" xpos="348.661" ypos="87.9879" zpos="748.165" type="achievement.path_of_fire.elon_riverlands.flameseeker_prophecies.forgotten_light" GUID="fqwTZctjRUKOLg3twfPvew=="/>
    <POI MapID="1228" xpos="385.237" ypos="87.3547" zpos="747.46" type="achievement.path_of_fire.elon_riverlands.flameseeker_prophecies.forgotten_light" GUID="Fqa37jlQB0GlTJrZODxHtA=="/>
    <POI MapID="1228" xpos="293.01" ypos="105.245" zpos="731.691" type="achievement.path_of_fire.elon_riverlands.flameseeker_prophecies.forgotten_light" GUID="7I1nampZoUaKAWZFKilUTg=="/>
    <POI MapID="1228" xpos="322.261" ypos="86.7968" zpos="744.934" type="achievement.path_of_fire.elon_riverlands.flameseeker_prophecies" GUID="MFJObxISmkm7/d3dWZExaA=="/>
    <POI MapID="1228" xpos="326.262" ypos="89.3206" zpos="749.924" type="achievement.path_of_fire.elon_riverlands.flameseeker_prophecies.forgotten_light" GUID="QKovix7DwEymqHzm20mBcg=="/>
    <POI MapID="1228" xpos="302.377" ypos="94.3847" zpos="735.104" type="achievement.path_of_fire.elon_riverlands.flameseeker_prophecies.forgotten_light" GUID="gBvfSkofxEmVYTZKNxOL1w=="/>
    <POI MapID="1228" xpos="306.177" ypos="95.4886" zpos="749.878" type="achievement.path_of_fire.elon_riverlands.flameseeker_prophecies.forgotten_light" GUID="m9GhnLDI3k6skMhlLI1nqg=="/>
    <POI MapID="1228" xpos="360.628" ypos="86.9982" zpos="729.935" type="achievement.path_of_fire.elon_riverlands.flameseeker_prophecies.forgotten_light" GUID="FPsBkrW38UO48edOHPtqNA=="/>
    <POI MapID="1228" xpos="363.213" ypos="146.689" zpos="758.455" type="achievement.path_of_fire.elon_riverlands.flameseeker_prophecies.forgotten_light" GUID="E/LVIASh4k+/Y0UpanZ3tA=="/>
    <POI MapID="1228" xpos="451.928" ypos="147.815" zpos="697.376" type="achievement.path_of_fire.elon_riverlands.flameseeker_prophecies" GUID="5Uj+HbKtcU6OkSqM2/AFWQ=="/>
    <POI MapID="1228" xpos="458.748" ypos="187.188" zpos="679.108" type="achievement.path_of_fire.elon_riverlands.flameseeker_prophecies.forgotten_light" GUID="ndUp+ib7mkWsRoiGzjovZg=="/>
    <POI MapID="1228" xpos="440.238" ypos="159.943" zpos="691.11" type="achievement.path_of_fire.elon_riverlands.flameseeker_prophecies.forgotten_light" GUID="HveN5NuV8EeoVbtpDxeOMg=="/>
    <POI MapID="1228" xpos="428.875" ypos="130.153" zpos="762.205" type="achievement.path_of_fire.elon_riverlands.flameseeker_prophecies.forgotten_light" GUID="QO8cOB1bfk6UVXQ9dIXIlg=="/>
    <POI MapID="1228" xpos="443.376" ypos="98.9687" zpos="739.441" type="achievement.path_of_fire.elon_riverlands.flameseeker_prophecies.forgotten_light" GUID="zlXedq54TE+4vtUYmKS5oQ=="/>
    <POI MapID="1228" xpos="350.555" ypos="180.35" zpos="722.996" type="achievement.path_of_fire.elon_riverlands.flameseeker_prophecies" GUID="4nbLXeY0FUOnrhJsIpLgrA=="/>
    <POI MapID="1228" xpos="426.978" ypos="168.097" zpos="663.827" type="achievement.path_of_fire.elon_riverlands.flameseeker_prophecies.forgotten_light" GUID="6FfKYSP/Ok+qOxQY85Y8Vw=="/>
    <POI MapID="1228" xpos="365.042" ypos="194.069" zpos="784.076" type="achievement.path_of_fire.elon_riverlands.flameseeker_prophecies.forgotten_light" GUID="ub5fFIUZOUKiD6lSxuSQQA=="/>
    <POI MapID="1228" xpos="466.343" ypos="152.093" zpos="739.269" type="achievement.path_of_fire.elon_riverlands.flameseeker_prophecies.forgotten_light" GUID="JS6wDFC6hUKScqiKjNFtNA=="/>
    <POI MapID="1228" xpos="321.592" ypos="145.608" zpos="762.126" type="achievement.path_of_fire.elon_riverlands.flameseeker_prophecies.forgotten_light" GUID="CN5uWEUV/EyFkpg5ToWJBQ=="/>
    <POI MapID="1228" xpos="353.103" ypos="197.615" zpos="803.501" type="achievement.path_of_fire.elon_riverlands.flameseeker_prophecies.forgotten_light" GUID="Y6qaIvVabkut1CAX5BDFvQ=="/>
    <POI MapID="1228" xpos="381.835" ypos="203.606" zpos="806.212" type="achievement.path_of_fire.elon_riverlands.flameseeker_prophecies.forgotten_light" GUID="/zYkIjNMv0eUvnvMuFDWJw=="/>
    <POI MapID="1228" xpos="380.083" ypos="162.39" zpos="701.038" type="achievement.path_of_fire.elon_riverlands.flameseeker_prophecies.forgotten_light" GUID="JYDRwSzSD0uj86MQT/SS2w=="/>
    <POI MapID="1228" xpos="329.494" ypos="155.029" zpos="702.246" type="achievement.path_of_fire.elon_riverlands.flameseeker_prophecies.forgotten_light" GUID="gWjvsGlywECuN8Ono8kJuQ=="/>
    <POI MapID="1228" xpos="453.991" ypos="204.476" zpos="782.082" type="achievement.path_of_fire.elon_riverlands.flameseeker_prophecies.forgotten_light" GUID="Ts8huurMe0quG8UXlpLbbw=="/>
    <POI MapID="1228" xpos="455.155" ypos="185.265" zpos="702.65" type="achievement.path_of_fire.elon_riverlands.flameseeker_prophecies.forgotten_light" GUID="1aYaGlFE+U+gXLMo7qQafw=="/>
    <POI MapID="1228" xpos="425.289" ypos="163.943" zpos="687.019" type="achievement.path_of_fire.elon_riverlands.flameseeker_prophecies.forgotten_light" GUID="eNoO13+hlE62J+hQpzCjhQ=="/>
    <POI MapID="1228" xpos="408.629" ypos="233.583" zpos="810.118" type="achievement.path_of_fire.elon_riverlands.flameseeker_prophecies.forgotten_light" GUID="o6G5dZEjdUi59c7t3mOaTg=="/>
    <POI MapID="1228" xpos="463.669" ypos="204.48" zpos="770.502" type="achievement.path_of_fire.elon_riverlands.flameseeker_prophecies" GUID="iQ168tBKVEuyXzsSRdL/Nw=="/>
    <POI MapID="1228" xpos="468.291" ypos="187.525" zpos="713.147" type="achievement.path_of_fire.elon_riverlands.flameseeker_prophecies.forgotten_light" GUID="1yt2M+tNVUysDteu2hLXng=="/>
    <POI MapID="1228" xpos="449.263" ypos="214.269" zpos="796.022" type="achievement.path_of_fire.elon_riverlands.flameseeker_prophecies.forgotten_light" GUID="D4GY7W7d40Gj2ft0h9LBSA=="/>
    <POI MapID="1228" xpos="386.416" ypos="249.493" zpos="702.104" type="achievement.path_of_fire.elon_riverlands.flameseeker_prophecies.forgotten_light" GUID="OLnTQTX/0EGxaKedcdkTLw=="/>
    <POI MapID="1228" xpos="473.721" ypos="246.196" zpos="741.971" type="achievement.path_of_fire.elon_riverlands.flameseeker_prophecies.forgotten_light" GUID="6bE6A2V6oE21VO28g+uN6A=="/>
    <POI MapID="1228" xpos="423.027" ypos="203.64" zpos="797.426" type="achievement.path_of_fire.elon_riverlands.flameseeker_prophecies" GUID="C65ynrMD7Ua1OPOv+hIqpQ=="/>
    <POI MapID="1228" xpos="367.85" ypos="182.277" zpos="769.648" type="achievement.path_of_fire.elon_riverlands.flameseeker_prophecies" GUID="1sXqpjnyIEiJwZU5hsyGyw=="/>
    <POI MapID="1228" xpos="431.849" ypos="164.949" zpos="620.217" type="achievement.path_of_fire.elon_riverlands.flameseeker_prophecies.forgotten_light" GUID="0MxcJaMPEUaybBhAaOOrYg=="/>
    <POI MapID="1228" xpos="14.8888" ypos="86.4498" zpos="739.21" type="achievement.path_of_fire.elon_riverlands.ghostly_trio.path" GUID="GeSk4FBf+0uqMlTun16ZvA=="/>
    <POI MapID="1228" xpos="-232.726" ypos="103.771" zpos="728.788" type="achievement.path_of_fire.elon_riverlands.ghostly_trio.path" GUID="PBgAYVfbkEKEJ3GbAvjODw=="/>
    <POI MapID="1228" xpos="-472.702" ypos="82.4926" zpos="707.412" type="achievement.path_of_fire.elon_riverlands.ghostly_trio.path" GUID="APUH4PTB006mRloPxso0oQ=="/>
    <POI MapID="1228" xpos="-621.672" ypos="72.6547" zpos="543.588" type="achievement.path_of_fire.elon_riverlands.ghostly_trio.path" GUID="mpzYDLXgnUmG20GdPi52zQ=="/>
    <POI MapID="1228" xpos="-661.022" ypos="39.4931" zpos="320.941" type="achievement.path_of_fire.elon_riverlands.ghostly_trio.path" GUID="p9EoZuvsMUKj0TS0YxfiMQ=="/>
    <POI MapID="1228" xpos="-535.588" ypos="5.76107" zpos="92.1753" type="achievement.path_of_fire.elon_riverlands.ghostly_trio.path" GUID="TM9RhBwWskSacvOsZWSF2A=="/>
    <POI MapID="1228" xpos="-535.051" ypos="3.36483" zpos="-190.859" type="achievement.path_of_fire.elon_riverlands.ghostly_trio.path" GUID="d4inuU0+s0qJZIPqolWyPg=="/>
    <POI MapID="1228" xpos="-565.636" ypos="-0.341801" zpos="-563.858" type="achievement.path_of_fire.elon_riverlands.ghostly_trio.path" GUID="/Gb9qoGTP0+AYldT+SGtXg=="/>
    <POI MapID="1228" xpos="-803.832" ypos="-0.325864" zpos="-652.112" type="achievement.path_of_fire.elon_riverlands.ghostly_trio.path" GUID="daEG/oMbOU2rw6ycXsA5Bg=="/>
    <POI MapID="1228" xpos="-908.675" ypos="8.79352" zpos="-844.429" type="achievement.path_of_fire.elon_riverlands.ghostly_trio" GUID="XNjGGI0oY0CcGwfhM5cD7w=="/>
    <POI MapID="1228" xpos="275.423" ypos="96.2503" zpos="742.675" type="achievement.path_of_fire.elon_riverlands.ghostly_trio.path" GUID="+xfkzlcBhECKXicfA/dMxQ=="/>
    <POI MapID="1228" xpos="-1031.89" ypos="17.6007" zpos="-624.523" type="achievement.path_of_fire.elon_riverlands.lost_lore_of_elon_riverlands" GUID="GxU0Wwc/8Ea9c6buj3//qQ=="/>
    <POI MapID="1228" xpos="330.532" ypos="196.485" zpos="805.446" type="achievement.path_of_fire.elon_riverlands.lost_lore_of_elon_riverlands" GUID="H6yj5vTcE0a5FeI52HwGSg=="/>
    <POI MapID="1228" xpos="277.01" ypos="28.1145" zpos="-10.8934" type="achievement.path_of_fire.elon_riverlands.lost_lore_of_elon_riverlands" GUID="0D+QCl65yUmPz8OtYa1dcg=="/>
    <POI MapID="1228" xpos="-701.04" ypos="100.155" zpos="-205.515" type="achievement.path_of_fire.elon_riverlands.lost_lore_of_elon_riverlands" GUID="4mTdDIu9jU6fJf2SARAuFg=="/>
    <POI MapID="1228" xpos="625.203" ypos="10.9438" zpos="-942.51" type="achievement.path_of_fire.elon_riverlands.lost_lore_of_elon_riverlands" GUID="8QAnRu994ki514E6xki+MA=="/>
    <POI MapID="1228" xpos="-443.64" ypos="27.2161" zpos="-91.9265" type="achievement.path_of_fire.elon_riverlands.lost_lore_of_elon_riverlands" GUID="YpSNCDBgUEildr5hBq8Cgg=="/>
    <POI MapID="1228" xpos="205.73" ypos="85.9207" zpos="356.027" type="achievement.path_of_fire.glorify_the_golden_heart" GUID="pZHmXG3pe0O38kmgsYtm2g=="/>
    <POI MapID="1248" xpos="-963.311" ypos="113.507" zpos="945.673" type="achievement.path_of_fire.glorify_the_golden_heart" GUID="cvFAPWd8J0qz3g/EKlTwug=="/>
    <POI MapID="1248" xpos="-912.279" ypos="91.4292" zpos="915.704" type="achievement.path_of_fire.glorify_the_golden_heart" GUID="HvtmngUmAkeGl7eB/qh1kg=="/>
    <POI MapID="1248" xpos="-957.905" ypos="91.1862" zpos="892.266" type="achievement.path_of_fire.glorify_the_golden_heart" GUID="G9TU2bv3ZEqQ4PRm27fBjA=="/>
    <POI MapID="1248" xpos="-999.324" ypos="91.5231" zpos="917.395" type="achievement.path_of_fire.glorify_the_golden_heart" GUID="pw1I1O7KxkieSwhWf8xDRw=="/>
    <POI MapID="1248" xpos="-1021.11" ypos="91.4437" zpos="962.18" type="achievement.path_of_fire.glorify_the_golden_heart" GUID="LFW+GvOTikSSN1ZWSAdCeg=="/>
    <POI MapID="1248" xpos="1233.96" ypos="112.84" zpos="-88.9436" type="achievement.path_of_fire.glorify_the_golden_heart" GUID="UO4TW88bmkaCgOoGwlh7hg=="/>
    <POI MapID="1248" xpos="1373.08" ypos="90.2818" zpos="-112.43" type="achievement.path_of_fire.glorify_the_golden_heart" GUID="vGfNq0bV7kGolcqETbF1fQ=="/>
    <POI MapID="1248" xpos="1410.06" ypos="275.282" zpos="-805.71" type="achievement.path_of_fire.open_skies.sunspear_sanctuary.domain_of_vabbi" GUID="bnm5NtMs40uM3FrFollucg=="/>
    <POI MapID="1248" xpos="1286.81" ypos="281.702" zpos="-517.949" type="achievement.path_of_fire.open_skies.sunspear_sanctuary.domain_of_vabbi" GUID="f/4yP3XQLUeX4+DpJXy2Aw=="/>
    <POI MapID="1248" xpos="988.96" ypos="199.747" zpos="-550.073" type="achievement.path_of_fire.open_skies.sunspear_sanctuary.domain_of_vabbi" GUID="AQAwDXWsvk2Gg7XdGFCY/w=="/>
    <POI MapID="1248" xpos="1315.95" ypos="210.021" zpos="-128.663" type="achievement.path_of_fire.open_skies.sunspear_sanctuary.domain_of_vabbi" GUID="bsBcyoxB7kGcVaojes9sZg=="/>
    <POI MapID="1248" xpos="292.702" ypos="101.815" zpos="-611.447" type="achievement.path_of_fire.open_skies.sunspear_sanctuary.domain_of_vabbi" GUID="LwHhpsz8skyT//lR4/gqig=="/>
    <POI MapID="1248" xpos="1017.4" ypos="133.63" zpos="-808.08" type="achievement.path_of_fire.open_skies.sunspear_sanctuary.domain_of_vabbi" GUID="xH2KLcttzEGcRSEN6S7fsg=="/>
    <POI MapID="1210" xpos="-353.127" ypos="8.68093" zpos="-344.948" type="achievement.path_of_fire.open_skies.sunspear_sanctuary.crystal_oasis" GUID="utOI+fgXg0yMgeQRmr3D/Q=="/>
    <POI MapID="1210" xpos="1236.02" ypos="317.838" zpos="451.873" type="achievement.path_of_fire.open_skies.sunspear_sanctuary.crystal_oasis" GUID="gsZdcZY6OU2DHLbzZbRJmw=="/>
    <POI MapID="1210" xpos="561.503" ypos="278.454" zpos="378.861" type="achievement.path_of_fire.open_skies.sunspear_sanctuary.crystal_oasis" GUID="ydz4ZG3CKE6yLLzG2EK14A=="/>
    <POI MapID="1210" xpos="169.724" ypos="171.328" zpos="625.03" type="achievement.path_of_fire.open_skies.sunspear_sanctuary.crystal_oasis" GUID="vyn/BA/l9k6w1JaKMKyN+w=="/>
    <POI MapID="1210" xpos="744.289" ypos="159.749" zpos="-496.152" type="achievement.path_of_fire.open_skies.sunspear_sanctuary.crystal_oasis" GUID="TZuO1SRZ+Uu9KQ0Yy8076w=="/>
    <POI MapID="1210" xpos="558.588" ypos="172.563" zpos="342.54" type="achievement.path_of_fire.open_skies.sunspear_sanctuary.crystal_oasis" GUID="l3w45hnZHkGwlfQTWhx5lA=="/>
    <POI MapID="1210" xpos="707.736" ypos="124.094" zpos="111.334" type="achievement.path_of_fire.open_skies.sunspear_sanctuary.crystal_oasis" GUID="dfModLloRUuJz6Bkmv8wDA=="/>
    <POI MapID="1228" xpos="480.075" ypos="102.091" zpos="909.832" type="achievement.path_of_fire.open_skies.sunspear_sanctuary.elon_riverlands" GUID="mrwHpahi4Umxvu8ey6t30g=="/>
    <POI MapID="1228" xpos="382.273" ypos="45.0165" zpos="153.681" type="achievement.path_of_fire.open_skies.sunspear_sanctuary.elon_riverlands" GUID="SPM1qwUpE0ygEUh3xpXqrw=="/>
    <POI MapID="1228" xpos="-1029.2" ypos="16.1836" zpos="-617.604" type="achievement.path_of_fire.open_skies.sunspear_sanctuary.elon_riverlands" GUID="g7maDMjiy0mcYU7gAReI6g=="/>
    <POI MapID="1228" xpos="-387.571" ypos="93.5475" zpos="-281.179" type="achievement.path_of_fire.open_skies.sunspear_sanctuary.elon_riverlands" GUID="7tPl+9ifSk+ZI23Ovowp6Q=="/>
    <POI MapID="1228" xpos="-593.332" ypos="26.6779" zpos="-342.888" type="achievement.path_of_fire.open_skies.sunspear_sanctuary.elon_riverlands" GUID="x7sXmcs2u0G4jncfe2HuKA=="/>
    <POI MapID="1228" xpos="328.176" ypos="85.9468" zpos="-120.026" type="achievement.path_of_fire.open_skies.sunspear_sanctuary.elon_riverlands" GUID="VcBKuqgHgUmb9h9254lP0w=="/>
    <POI MapID="1211" xpos="540.986" ypos="148.192" zpos="-620.259" type="achievement.path_of_fire.open_skies.sunspear_sanctuary.desert_highlands" GUID="Lyk+qn7XhUGzG1WwykpqsA=="/>
    <POI MapID="1211" xpos="-598.072" ypos="340.108" zpos="123.459" type="achievement.path_of_fire.open_skies.sunspear_sanctuary.desert_highlands" GUID="AkxQ+MoQW0mq37XJ1DH+0Q=="/>
    <POI MapID="1211" xpos="-184.461" ypos="292.117" zpos="-129.041" type="achievement.path_of_fire.open_skies.sunspear_sanctuary.desert_highlands" GUID="IMBmpmGbh0SJ/rRbNcDU1Q=="/>
    <POI MapID="1211" xpos="-992.623" ypos="234.386" zpos="-349.628" type="achievement.path_of_fire.open_skies.sunspear_sanctuary.desert_highlands" GUID="MfDo40Sq6ESmid8hnWwUPA=="/>
    <POI MapID="1211" xpos="47.6136" ypos="115.316" zpos="-499.467" type="achievement.path_of_fire.open_skies.sunspear_sanctuary.desert_highlands" GUID="1aOdFGGk3k+xI8kq9WchMA=="/>
    <POI MapID="1211" xpos="35.5966" ypos="335.948" zpos="215.624" type="achievement.path_of_fire.open_skies.sunspear_sanctuary.desert_highlands" GUID="3rA2L6bNSUWtXQ1Z9FX+1Q=="/>
    <POI MapID="1211" xpos="131.961" ypos="250.98" zpos="-359.212" type="achievement.path_of_fire.open_skies.sunspear_sanctuary.desert_highlands" GUID="onCqhrowVke64GjwZojNnA=="/>
    <POI MapID="1226" xpos="205.486" ypos="7.45777" zpos="1329.62" type="achievement.path_of_fire.open_skies.sunspear_sanctuary.the_desolation" GUID="xRawFEHD+EKSCIyhyYe1tA=="/>
    <POI MapID="1226" xpos="897.101" ypos="253.163" zpos="-196.784" type="achievement.path_of_fire.open_skies.sunspear_sanctuary.the_desolation" GUID="wWxyBUFt9U2YYE0s1nx/8g=="/>
    <POI MapID="1226" xpos="227.156" ypos="420.055" zpos="-78.8407" type="achievement.path_of_fire.open_skies.sunspear_sanctuary.the_desolation" GUID="3uZep4JxD0WmzSiM87EpCQ=="/>
    <POI MapID="1226" xpos="-131.124" ypos="325.479" zpos="146.291" type="achievement.path_of_fire.open_skies.sunspear_sanctuary.the_desolation" GUID="OR3lmt0hZ06N/NzJcmVVpg=="/>
    <POI MapID="1226" xpos="4.01636" ypos="348.312" zpos="463.568" type="achievement.path_of_fire.open_skies.sunspear_sanctuary.the_desolation" GUID="ugXZIMDUeEKZWQOLnRBQIg=="/>
    <POI MapID="1226" xpos="330.194" ypos="391.746" zpos="181.06" type="achievement.path_of_fire.open_skies.sunspear_sanctuary.the_desolation" GUID="zczkXKltg0m1BFkoDmREJw=="/>
    <POI MapID="1226" xpos="-670.984" ypos="312.645" zpos="366" type="achievement.path_of_fire.open_skies.sunspear_sanctuary.the_desolation" GUID="GaEgLYfKW0qpfR/EDzLWpw=="/>
    <POI MapID="1226" xpos="-438.978" ypos="274.043" zpos="-29.878" type="achievement.path_of_fire.open_skies.sunspear_sanctuary.the_desolation" GUID="ciXLrzG1bEeI49EtH9xCFg=="/>
    <POI MapID="1228" xpos="-36.011" ypos="125.575" zpos="51.7317" type="achievement.path_of_fire.open_skies.sunspear_sanctuary.elon_riverlands" GUID="XL+FhHN+7EK/ZlBoewFyLQ=="/>
    <POI MapID="1228" xpos="-834.106" ypos="99.25" zpos="890.446" type="achievement.path_of_fire.open_skies.sunspear_sanctuary.elon_riverlands" GUID="+RLeZfgonUKADZLcrmrDrw=="/>
    <POI MapID="1248" xpos="1430.34" ypos="153.773" zpos="-678.696" type="achievement.path_of_fire.open_skies.sunspear_sanctuary" GUID="c12LisXiMUWyOn2yxyK1+Q=="/>
    <POI MapID="1248" xpos="1438.88" ypos="153.773" zpos="-675.433" type="achievement.path_of_fire.open_skies.sunspear_sanctuary" GUID="LkqLUvoOrEuGmCOXzgYynA=="/>
    <POI MapID="1248" xpos="1442.14" ypos="153.776" zpos="-666.875" type="achievement.path_of_fire.open_skies.sunspear_sanctuary" GUID="xkvaI4kQHEOyBmBna1T9Uw=="/>
    <POI MapID="1248" xpos="1438.88" ypos="153.774" zpos="-658.883" type="achievement.path_of_fire.open_skies.sunspear_sanctuary" GUID="k4KyTB7kP06hCV/sME2OcQ=="/>
    <POI MapID="1248" xpos="1430.39" ypos="153.775" zpos="-655.277" type="achievement.path_of_fire.open_skies.sunspear_sanctuary" GUID="emzmtSiWlk+BSLNT2fD2dg=="/>
    <POI MapID="1248" xpos="1422.2" ypos="153.773" zpos="-658.771" type="achievement.path_of_fire.open_skies.sunspear_sanctuary" GUID="/+w0241zLU+CiJfNJIDQEg=="/>
    <POI MapID="1248" xpos="1418.4" ypos="153.773" zpos="-667.53" type="achievement.path_of_fire.open_skies.sunspear_sanctuary" GUID="m8Jis0a9mE+LGrHERJKrvw=="/>
    <POI MapID="1248" xpos="1422.41" ypos="153.776" zpos="-675.524" type="achievement.path_of_fire.open_skies.sunspear_sanctuary" GUID="t545DSFehk23nGOpqIa1Pw=="/>
    <POI MapID="1248" xpos="1419.16" ypos="153.501" zpos="-653.216" type="achievement.path_of_fire.open_skies.sunspear_sanctuary" GUID="7hdTE7l5GEevmFzkVGI0jQ=="/>
    <POI MapID="1248" xpos="1435.18" ypos="153.516" zpos="-646.765" type="achievement.path_of_fire.open_skies.sunspear_sanctuary" GUID="KD6aXmyuXE6GnX0wOzpM4g=="/>
    <POI MapID="1248" xpos="1441.99" ypos="153.33" zpos="-649.778" type="achievement.path_of_fire.open_skies.sunspear_sanctuary" GUID="V7+fSecuCUiesi8tQE3+BQ=="/>
    <POI MapID="1248" xpos="1448.31" ypos="153.243" zpos="-678.614" type="achievement.path_of_fire.open_skies.sunspear_sanctuary" GUID="OG18eWBhTEmaE32qnoNX1Q=="/>
    <POI MapID="1248" xpos="1431.66" ypos="153.317" zpos="-687.083" type="achievement.path_of_fire.open_skies.sunspear_sanctuary" GUID="6pLc4PDAFUu49uipe1kX0w=="/>
    <POI MapID="1248" xpos="1455.64" ypos="153.482" zpos="-667.021" type="achievement.path_of_fire.open_skies.on_wings_and_a_prayer" GUID="oDq+vl8PUkyyib2tnuiLug=="/>
    <POI MapID="1211" xpos="1453.6" ypos="163.455" zpos="580.29" type="achievement.path_of_fire.open_skies.sunspear_sanctuary.sunspear_wisdom" GUID="VN4cka1Uh0G+6nWZjRw0ng=="/>
    <POI MapID="1256" xpos="604.069" ypos="2.27685" zpos="270.24" type="achievement.path_of_fire.open_skies.sunspear_sanctuary.sunspear_wisdom" GUID="DH3lcMbF7kSiMm4UxBRBRg=="/>
    <POI MapID="1256" xpos="561.453" ypos="141.715" zpos="243.529" type="achievement.path_of_fire.open_skies.sunspear_sanctuary.sunspear_wisdom" GUID="tbDkzNIJDUGfD3/Ud91PVg=="/>
    <POI MapID="1256" xpos="748.693" ypos="141.014" zpos="206.217" type="achievement.path_of_fire.open_skies.sunspear_sanctuary.sunspear_wisdom" GUID="qNYegiTc20WW7gtAucblfA=="/>
    <POI MapID="1256" xpos="827.408" ypos="2.95662" zpos="73.8613" type="achievement.path_of_fire.open_skies.sunspear_sanctuary.sunspear_wisdom" GUID="sax+qi3ScUW623QR2X/1ww=="/>
    <POI MapID="1256" xpos="736.522" ypos="2.55814" zpos="154.556" type="achievement.path_of_fire.open_skies.sunspear_sanctuary.sunspear_wisdom" GUID="Ib88NShc7UagOugIEEcDHA=="/>
    <POI MapID="1256" xpos="597.331" ypos="2.56232" zpos="101.691" type="achievement.path_of_fire.open_skies.sunspear_sanctuary.sunspear_wisdom" GUID="H/0OUyWjXUOJRNumlLri3g=="/>
    <POI MapID="1256" xpos="521.524" ypos="0.407684" zpos="152.624" type="achievement.path_of_fire.open_skies.sunspear_sanctuary.sunspear_wisdom" GUID="WLeYb+sJxECMpx3PwvJzGg=="/>
    <POI MapID="1256" xpos="506.891" ypos="4.47746" zpos="347.387" type="achievement.path_of_fire.open_skies.sunspear_sanctuary.sunspear_wisdom" GUID="4bPQgn6tv0GRyFoXt+JMPw=="/>
    <POI MapID="1256" xpos="610.104" ypos="2.47022" zpos="321.171" type="achievement.path_of_fire.open_skies.sunspear_sanctuary.sunspear_wisdom" GUID="g9aRZGvOxk2ThNs1DxR0qg=="/>
    <POI MapID="1256" xpos="834.72" ypos="4.47628" zpos="263.885" type="achievement.path_of_fire.open_skies.sunspear_sanctuary.sunspear_wisdom" GUID="83g3QVbOGU+6mwOnZDwLGA=="/>
    <POI MapID="1256" xpos="842.176" ypos="2.95655" zpos="119.361" type="achievement.path_of_fire.open_skies.sunspear_sanctuary.sunspear_wisdom" GUID="iorC9aYVHkutzCyJ9/f+7w=="/>
    <POI MapID="1256" xpos="721.509" ypos="4.47726" zpos="-41.8901" type="achievement.path_of_fire.open_skies.sunspear_sanctuary.sunspear_wisdom" GUID="JsrhuT5x6Eyaq4GPCO/96g=="/>
    <POI MapID="1256" xpos="682.667" ypos="3.6096" zpos="-81.6901" type="achievement.path_of_fire.open_skies.sunspear_sanctuary.sunspear_wisdom" GUID="HL0Bbsm36kK7R8UC4d3LKA=="/>
    <POI MapID="1256" xpos="457.793" ypos="2.62272" zpos="-3.86277" type="achievement.path_of_fire.open_skies.sunspear_sanctuary.sunspear_wisdom" GUID="l8EZrbCnmUCa2LGpCPsdLA=="/>
    <POI MapID="1256" xpos="433.034" ypos="4.47644" zpos="64.5271" type="achievement.path_of_fire.open_skies.sunspear_sanctuary.sunspear_wisdom" GUID="pQn4PjTLAkubZI0cwTQkDg=="/>
    <POI MapID="1256" xpos="425.463" ypos="2.95663" zpos="201.502" type="achievement.path_of_fire.open_skies.sunspear_sanctuary.sunspear_wisdom" GUID="aciZcR5NO0ugQLZj3pdizA=="/>
    <POI MapID="1256" xpos="752.478" ypos="141.115" zpos="140.512" type="achievement.path_of_fire.open_skies.sunspear_sanctuary.sunspear_wisdom" GUID="87Lkoih/jk6VuP4++eSriw=="/>
    <POI MapID="1256" xpos="416.655" ypos="147.841" zpos="194.969" type="achievement.path_of_fire.open_skies.sunspear_sanctuary.sunspear_wisdom" GUID="wtAP8kk4oUSu/6S6XAcaRw=="/>
    <POI MapID="1256" xpos="444.228" ypos="13.9982" zpos="331.743" type="achievement.path_of_fire.open_skies.sunspear_sanctuary.sunspear_wisdom" GUID="QqPmh5MPi0yQLRa1P3lXFw=="/>
    <POI MapID="1256" xpos="803.807" ypos="2.73977" zpos="364.797" type="achievement.path_of_fire.open_skies.sunspear_sanctuary.sunspear_wisdom" GUID="gvnyTYlmdEOmYhgG7l+k+A=="/>
    <POI MapID="1256" xpos="710.125" ypos="16.3648" zpos="337.32" type="achievement.path_of_fire.open_skies.sunspear_sanctuary.sunspear_wisdom" GUID="tLevhmC5OUKaSKhLEKLqoQ=="/>
    <POI MapID="1226" xpos="577.828" ypos="243.787" zpos="-198.045" type="achievement.path_of_fire.raise_the_banners.sunspear_support" GUID="YEiuLLkJLUGNEP3Utc/uEw=="/>
    <POI MapID="1223" xpos="-841.797" ypos="8.73116" zpos="-83.8532" type="achievement.path_of_fire.raise_the_banners.salute_to_palawa_joko" GUID="irvHmfALlE2RimdCk+GyXw=="/>
    <POI MapID="1223" xpos="-860.112" ypos="8.7456" zpos="-102.949" type="achievement.path_of_fire.raise_the_banners.amnoon_independence" GUID="tvWZkDqe7Ui8AypYDW9JCQ=="/>
    <POI MapID="1210" xpos="1375.88" ypos="97.6833" zpos="-266.37" type="achievement.path_of_fire.raise_the_banners.amnoon_independence" GUID="SkhekupGek2mGrsPeSLv7Q=="/>
    <POI MapID="1248" xpos="1300.52" ypos="206.127" zpos="844.486" type="achievement.path_of_fire.raise_the_banners.salute_to_palawa_joko" GUID="HpPfPl0AekeB1VSmPtYBBQ=="/>
    <POI MapID="1248" xpos="-1468.16" ypos="315.776" zpos="-481.238" type="achievement.path_of_fire.raise_the_banners.salute_to_palawa_joko" GUID="u9oBvacEWEKDBSys++Kbig=="/>
    <POI MapID="1210" xpos="218.02" ypos="92.2172" zpos="-69.934" type="achievement.path_of_fire.raise_the_banners.amnoon_independence" GUID="sot4Xyfgyk+gKAhH/w2ccw=="/>
    <POI MapID="1210" xpos="511.159" ypos="283.293" zpos="451.65" type="achievement.path_of_fire.the_collection_of_tribute.chunk_of_granite" GUID="45W6CzEge0WVCzwce/X7Cg=="/>
    <POI MapID="1226" xpos="-887.187" ypos="186.522" zpos="554.033" type="achievement.path_of_fire.the_collection_of_tribute.ancient_surveyors_tools" GUID="yG2eeguQcEW788mvd/WK7Q=="/>
    <POI MapID="1228" xpos="1020.7" ypos="17.1833" zpos="142.18" type="achievement.path_of_fire.the_collection_of_tribute.late_blooming_elon_lily" GUID="KxM7N3Xy8E60J8YEuX/dtA=="/>
    <POI MapID="1248" xpos="578.632" ypos="84.5477" zpos="-820.722" type="achievement.path_of_fire.the_collection_of_tribute.bunch_of_rare_grapes" GUID="MGCOpMQoqUio6BFO2to2gA=="/>
    <POI MapID="1226" xpos="-742.314" ypos="47.464" zpos="998.52" type="achievement.path_of_fire.the_desolation.a_familys_sacrifice" GUID="nInIC7MQXkaYxqhblbnmVw=="/>
    <POI MapID="1226" xpos="872.666" ypos="210.927" zpos="-862.247" type="achievement.path_of_fire.the_desolation.a_familys_sacrifice" GUID="aQhGRu+jJEWBK7vs2m+CEQ=="/>
    <POI MapID="1228" xpos="327.338" ypos="5.16716" zpos="-226.233" type="achievement.path_of_fire.the_desolation.a_familys_sacrifice" GUID="6niTLqaqDUGBM9SgcFa5Vg=="/>
    <POI MapID="1226" xpos="-939.403" ypos="269.18" zpos="276.286" type="achievement.path_of_fire.the_desolation.a_soaring_stench" GUID="BFt9iFq9/kaH+LC2y5tedg=="/>
    <POI MapID="1226" xpos="-680.743" ypos="202.71" zpos="670.702" type="achievement.path_of_fire.the_desolation.acrid_springs_recovery" GUID="pfOJPX8Q3UCxN9oeRunoow=="/>
    <POI MapID="1226" xpos="-604.174" ypos="127.03" zpos="829.216" type="achievement.path_of_fire.the_desolation.acrid_springs_recovery" GUID="18xgCSMHykuyBl/5s3IlVQ=="/>
    <POI MapID="1226" xpos="-851.927" ypos="31.0216" zpos="1074.85" type="achievement.path_of_fire.the_desolation.acrid_springs_recovery" GUID="0ObI0W5Kn02CvDwl5pcpdw=="/>
    <POI MapID="1226" xpos="-959.588" ypos="107.432" zpos="938.749" type="achievement.path_of_fire.the_desolation.acrid_springs_recovery" GUID="6rnUwJNfRUKfLrLkYMPiGg=="/>
    <POI MapID="1226" xpos="-888.354" ypos="2.53037" zpos="1187" type="achievement.path_of_fire.the_desolation.acrid_springs_recovery" GUID="ZhRT6aF9IE6FQk9maSMbVA=="/>
    <POI MapID="1226" xpos="-929.393" ypos="0.460588" zpos="1048.55" type="achievement.path_of_fire.the_desolation.acrid_springs_recovery" GUID="85yi79ufvEiekzvK+FEM5A=="/>
    <POI MapID="1226" xpos="-983.422" ypos="1.89012" zpos="1209.55" type="achievement.path_of_fire.the_desolation.acrid_springs_recovery" GUID="AcchZ/s0Jk2Zw7mBxjf3bw=="/>
    <POI MapID="1226" xpos="-512.818" ypos="120.324" zpos="731.94" type="achievement.path_of_fire.the_desolation.acrid_springs_recovery" GUID="46filBX1S0O+b0ruZk/YyA=="/>
    <POI MapID="1226" xpos="-694.322" ypos="132.106" zpos="776.753" type="achievement.path_of_fire.the_desolation.acrid_springs_recovery" GUID="G5jdRntSuEetYXzjIEC1Lw=="/>
    <POI MapID="1226" xpos="-867.951" ypos="124.759" zpos="779.881" type="achievement.path_of_fire.the_desolation.acrid_springs_recovery" GUID="tZi9DrNwK0ytw0y4S+FBcg=="/>
    <POI MapID="1226" xpos="-724.644" ypos="81.1503" zpos="656.725" type="achievement.path_of_fire.the_desolation.acrid_springs_recovery" GUID="R3bYCCA800eT1/HyLzGlWQ=="/>
    <POI MapID="1226" xpos="-829.476" ypos="21.7531" zpos="780.666" type="achievement.path_of_fire.the_desolation.acrid_springs_recovery" GUID="L99Zb3QP0kSYSyfWJEz6Fg=="/>
    <POI MapID="1226" xpos="-720.204" ypos="78.0301" zpos="891.922" type="achievement.path_of_fire.the_desolation.acrid_springs_recovery" GUID="yj9wQZNv9UmgZW5A4HxrXg=="/>
    <POI MapID="1226" xpos="1050.99" ypos="53.6706" zpos="1450.97" type="achievement.path_of_fire.the_desolation.dance_till_you_drop" GUID="xdcwG7143Uy8ilmoykRcVQ=="/>
    <POI MapID="1226" xpos="108.694" ypos="269.451" zpos="493.8" type="achievement.path_of_fire.the_desolation.jackal_reconnaissance" GUID="gH7IXw0GxUC3VBfwlbsAhw=="/>
    <POI MapID="1226" xpos="183.248" ypos="7.85591" zpos="1338.68" type="achievement.path_of_fire.the_desolation.jackal_reconnaissance" GUID="Co51dWK3z0aDZWe5B21riw=="/>
    <POI MapID="1226" xpos="-843.873" ypos="14.9822" zpos="1131.27" type="achievement.path_of_fire.the_desolation.jackal_reconnaissance" GUID="cUWpPpY9HkSHHvmaejuEQg=="/>
    <POI MapID="1226" xpos="847.211" ypos="211.855" zpos="-834.721" type="achievement.path_of_fire.the_desolation.jokos_hidden_chamber" GUID="qM/b48VtUEq1pEYUbeWe8A=="/>
    <POI MapID="1226" xpos="935.989" ypos="201.353" zpos="946.564" type="achievement.path_of_fire.the_desolation.lost_lore_of_the_desolation" GUID="EAxfZG2VvkyNVuzJXTKLwQ=="/>
    <POI MapID="1211" xpos="-701.328" ypos="194.25" zpos="-250.525" type="achievement.path_of_fire.the_desolation.lost_lore_of_the_desolation" GUID="a0irWTqIbkmMO7riRieyew=="/>
    <POI MapID="1211" xpos="468.203" ypos="288.928" zpos="589.64" type="achievement.path_of_fire.the_desolation.lost_lore_of_the_desolation" GUID="TBe8uf4giEGFnKlLMZ3nYQ=="/>
    <POI MapID="1226" xpos="773.957" ypos="294.429" zpos="-459.56" type="achievement.path_of_fire.the_desolation.lost_lore_of_the_desolation" GUID="WXAeuNJqxEiF4BZxOEEAeQ=="/>
    <POI MapID="1226" xpos="334.619" ypos="291.403" zpos="-956.602" type="achievement.path_of_fire.the_desolation.lost_lore_of_the_desolation" GUID="EFOsyz2J50KdX3pqWTiIEg=="/>
    <POI MapID="1226" xpos="-500.796" ypos="83.1122" zpos="762.428" type="achievement.path_of_fire.the_desolation.lost_lore_of_the_desolation" GUID="1+3irVuG00qA8QGqUgCyGg=="/>
    <POI MapID="1226" xpos="-928.07" ypos="86.7223" zpos="793.657" type="achievement.path_of_fire.the_desolation.lost_lore_of_the_desolation" GUID="W8lzzdac2Eqlq7Xubr2LgA=="/>
    <POI MapID="1226" xpos="19.7468" ypos="273.992" zpos="202.212" type="achievement.path_of_fire.the_desolation.path_of_the_gods.statue_of_grenth" GUID="9xCOKj2qM0alrfwikK0Vyw=="/>
    <POI MapID="1226" xpos="-57.5948" ypos="265.11" zpos="9.47855" type="achievement.path_of_fire.the_desolation.path_of_the_gods.statue_of_balthazar" GUID="r80JixCmPkaQuTyoRhxbWg=="/>
    <POI MapID="1226" xpos="733.917" ypos="23.3775" zpos="1520.04" type="achievement.path_of_fire.the_desolation.path_of_the_gods.statue_of_kormir" GUID="tTaXNsbi70euQKmaEdA/NA=="/>
    <POI MapID="1226" xpos="1050.99" ypos="53.6706" zpos="1450.97" type="achievement.path_of_fire.the_desolation.path_of_the_gods.statue_of_abaddon" GUID="xdcwG7143Uy8ilmoykRcVQ=="/>
    <POI MapID="1226" xpos="-645.787" ypos="0.127311" zpos="1387.66" type="achievement.path_of_fire.the_desolation.path_of_the_gods.statue_of_lyssa" GUID="+/nXnwkQHk6UWupIJHPuJw=="/>
    <POI MapID="1226" xpos="-644.375" ypos="284.311" zpos="-731.234" type="achievement.path_of_fire.the_desolation.path_of_the_gods.statue_of_dwayna" GUID="eqTuj72ASUqIlsIJdZwEdA=="/>
    <POI MapID="1226" xpos="-1031.44" ypos="268.994" zpos="-724.644" type="achievement.path_of_fire.the_desolation.path_of_the_gods.statue_of_melandru" GUID="8MdSL57u9UmYp03vnry1ww=="/>
    <POI MapID="1226" xpos="-161.045" ypos="354.546" zpos="-1314.17" type="achievement.path_of_fire.the_desolation.shadows_provisions" GUID="mdY+QQlQeUynsrR3MROpmg=="/>
    <POI MapID="1226" xpos="21.2053" ypos="256.372" zpos="-99.2542" type="achievement.path_of_fire.the_desolation.shadows_provisions" GUID="nqaCwWF+VEShveZAdI32Xg=="/>
    <POI MapID="1226" xpos="550.732" ypos="264.642" zpos="446.173" type="achievement.path_of_fire.the_desolation.shadows_provisions" GUID="V8+ZDEFbhUabFWQyPY0coA=="/>
    <POI MapID="1226" xpos="-903.346" ypos="150.809" zpos="145.691" type="achievement.path_of_fire.the_desolation.shadows_provisions" GUID="9qHz3O/YSkqiqDI1SwtcDg=="/>
    <POI MapID="1226" xpos="-447.945" ypos="228.84" zpos="-1041.8" type="achievement.path_of_fire.the_desolation.shadows_provisions" GUID="tCnJl3kLgUW0lIiaaEvH8Q=="/>
    <POI MapID="1226" xpos="442.428" ypos="158.387" zpos="872.893" type="achievement.path_of_fire.the_desolation.shadows_provisions" GUID="C/7ka7JZ80KNmLlgftEBPg=="/>
    <POI MapID="1226" xpos="-610.99" ypos="341.714" zpos="-516.497" type="achievement.path_of_fire.the_desolation.shadows_provisions" GUID="Y1BrTBNy6E6Ga3rCFiL3ng=="/>
    <POI MapID="1226" xpos="-544.513" ypos="328.583" zpos="172.419" type="achievement.path_of_fire.the_desolation.shadows_provisions" GUID="VSlsr8i1GUOKZGKDWunoPQ=="/>
    <POI MapID="1226" xpos="284.215" ypos="294.038" zpos="-1151.38" type="achievement.path_of_fire.the_desolation.shadows_provisions" GUID="9+UdC0twTUW5rrmEdsiEhw=="/>
    <POI MapID="1226" xpos="627.859" ypos="8.85463" zpos="1419.79" type="achievement.path_of_fire.the_desolation.shadows_provisions" GUID="1JcMChWKTEWJ/RfdK/iV5w=="/>
    <POI MapID="1226" xpos="-544.226" ypos="328.649" zpos="171.819" type="achievement.path_of_fire.the_desolation.shadows_provisions" GUID="txSb9nrpV0mJBZIA47WmWw=="/>
    <POI MapID="1226" xpos="-431.764" ypos="245.145" zpos="699.79" type="achievement.path_of_fire.the_desolation.shadows_provisions" GUID="fSsqjzYxLUWnxIcfDZPGuw=="/>
    <POI MapID="1226" xpos="-645.506" ypos="50.7297" zpos="925.527" type="achievement.path_of_fire.the_desolation.shadows_provisions" GUID="S1g2dRot/0aSFvyXaV96Mg=="/>
    <POI MapID="1226" xpos="-448.421" ypos="228.796" zpos="-1042.87" type="achievement.path_of_fire.the_desolation.shadows_provisions" GUID="I4zzVkDulUG5/GE/zH2Pzg=="/>
    <POI MapID="1226" xpos="-893.521" ypos="289.368" zpos="-663.446" type="achievement.path_of_fire.the_desolation.shadows_provisions" GUID="9sum3m7+6UWTC4aRdplXZA=="/>
    <POI MapID="1226" xpos="-74.0118" ypos="266.749" zpos="-570.406" type="achievement.path_of_fire.the_desolation.shadows_provisions" GUID="FW2GoYeuf0mYCjgqtHkyjw=="/>
    <POI MapID="1226" xpos="1050.27" ypos="304.247" zpos="-281.213" type="achievement.path_of_fire.the_desolation.shadows_provisions" GUID="xLlSFZDQ1UagImKoEjEzjg=="/>
    <POI MapID="1226" xpos="176.452" ypos="272.25" zpos="452.866" type="achievement.path_of_fire.the_desolation.shadows_provisions" GUID="npCe6zbIbU2s2ctm5fUPhQ=="/>
    <POI MapID="1226" xpos="628.145" ypos="8.86291" zpos="1420.35" type="achievement.path_of_fire.the_desolation.shadows_provisions" GUID="50TTghFKuUOYipfT088ffQ=="/>
    <POI MapID="1226" xpos="947.275" ypos="199.757" zpos="1106.26" type="achievement.path_of_fire.the_desolation.shadows_provisions" GUID="RfhTapiAf06Bc8GCmjSuvw=="/>
    <POI MapID="1226" xpos="311.686" ypos="279.019" zpos="-1359.35" type="achievement.path_of_fire.the_desolation.the_throne_of_bones" GUID="rGztZdzeHkGZTaqDqNIArw=="/>
  </POIs>
</OverlayData>