<OverlayData>
  <MarkerCategory name="LS" DisplayName="Living World" data-allowsub="true" iconFile="Data/LS.png" data-iconFile="Data/LS.png" fadeFar="16800" fadeNear="8400" maxSize="256">
    <MarkerCategory name="Path of Fire" data-allowsub="true" DisplayName="Path of Fire">
      <MarkerCategory name="Act 2" data-allowsub="true" DisplayName="Act 2">
        <MarkerCategory name="Facing the Truth" DisplayName="Facing the Truth">
          <MarkerCategory name="Goddess of Secrets" DisplayName="Goddess of Secrets"/>
          <MarkerCategory name="Seeker of Truth and Knowledge" data-class="fade-max2" fadeFar="42000" fadeNear="25200" DisplayName="Seeker of Truth and Knowledge"/>
          <MarkerCategory name="Wedge Symbol" DisplayName="Wedge Symbol"/>
        </MarkerCategory>
        <MarkerCategory name="The Way Forward" DisplayName="The Way Forward">
          <MarkerCategory name="Walk a Fine Line" DisplayName="Walk a Fine Line">
            <MarkerCategory name="Point"/>
          </MarkerCategory>
        </MarkerCategory>
      </MarkerCategory>
      <MarkerCategory name="Act 3" data-allowsub="true" DisplayName="Act 3">
        <MarkerCategory name="Enemy of My Enemy" DisplayName="Enemy of My Enemy">
          <MarkerCategory name="The Troopmarshal" DisplayName="The Troopmarshal">
            <MarkerCategory name="Mummy Legion" DisplayName="Mummy Legion"/>
            <MarkerCategory name="Master of Mummies" iconFile="Data/CheckPoint.png" DisplayName="Master of Mummies"/>
          </MarkerCategory>
        </MarkerCategory>
        <MarkerCategory name="The Departing" DisplayName="The Departing">
          <MarkerCategory name="CheckPoint" iconFile="Data/CheckPoint.png"/>
          <MarkerCategory name="The Whole Story" DisplayName="The Whole Story"/>
        </MarkerCategory>
      </MarkerCategory>
    </MarkerCategory>
  </MarkerCategory>
  <POIs>
    <POI MapID="1230" xpos="694.009" ypos="0.206373" zpos="356.732" type="ls.path_of_fire.act_2.facing_the_truth.goddess_of_secrets" GUID="vVfWU0e5UUm1vqbdYVkLkw=="/>
    <POI MapID="1230" xpos="649.295" ypos="13.4594" zpos="148.874" type="ls.path_of_fire.act_2.facing_the_truth.seeker_of_truth_and_knowledge" GUID="3k7GQC9dO0as/eEHVAtXgg=="/>
    <POI MapID="1230" xpos="657.353" ypos="13.0126" zpos="166.939" type="ls.path_of_fire.act_2.facing_the_truth.seeker_of_truth_and_knowledge" GUID="9vY4qxOUqE+ZNO5BksWN5A=="/>
    <POI MapID="1230" xpos="627.409" ypos="13.46" zpos="181.572" type="ls.path_of_fire.act_2.facing_the_truth.seeker_of_truth_and_knowledge" GUID="wCTHf2DRJE2p822cIfRpag=="/>
    <POI MapID="1230" xpos="672.856" ypos="129.304" zpos="160.332" type="ls.path_of_fire.act_2.facing_the_truth.seeker_of_truth_and_knowledge" GUID="TJ+4PJg+oE+RR5i/Re/k4Q=="/>
    <POI MapID="1230" xpos="667.242" ypos="16.3727" zpos="348.097" type="ls.path_of_fire.act_2.facing_the_truth.seeker_of_truth_and_knowledge" GUID="gjRjjPsgg0GepgktcYa/og=="/>
    <POI MapID="1230" xpos="455.929" ypos="2.62155" zpos="-2.89895" type="ls.path_of_fire.act_2.facing_the_truth.seeker_of_truth_and_knowledge" GUID="51DhdaFUck6l1cbhBfK3Vg=="/>
    <POI MapID="1230" xpos="409.425" ypos="2.62129" zpos="80.8921" type="ls.path_of_fire.act_2.facing_the_truth.seeker_of_truth_and_knowledge" GUID="bsnwO/Deg0eESfGRvnwAGg=="/>
    <POI MapID="1230" xpos="721.173" ypos="141.714" zpos="230.869" type="ls.path_of_fire.act_2.facing_the_truth.seeker_of_truth_and_knowledge" GUID="A8J+WRVwfk2WbiNNP/jQyA=="/>
    <POI MapID="1230" xpos="728.424" ypos="16.2393" zpos="404.032" type="ls.path_of_fire.act_2.facing_the_truth.seeker_of_truth_and_knowledge" GUID="NSy9YA+42km94xPwv1WADA=="/>
    <POI MapID="1230" xpos="715.714" ypos="16.4476" zpos="412.12" type="ls.path_of_fire.act_2.facing_the_truth.seeker_of_truth_and_knowledge" GUID="8adtA9n5p0mbgrFUNZXXhA=="/>
    <POI MapID="1230" xpos="718.31" ypos="16.3648" zpos="367.916" type="ls.path_of_fire.act_2.facing_the_truth.seeker_of_truth_and_knowledge" GUID="twiNI71yU0yy+FuddKnY4Q=="/>
    <POI MapID="1230" xpos="678.453" ypos="16.3648" zpos="374.482" type="ls.path_of_fire.act_2.facing_the_truth.seeker_of_truth_and_knowledge" GUID="GkriOuryDUeqKCMLnZ+vig=="/>
    <POI MapID="1230" xpos="691.686" ypos="17.5774" zpos="404.553" type="ls.path_of_fire.act_2.facing_the_truth.seeker_of_truth_and_knowledge" GUID="t1Im/xZGAE27qqC27VzBKw=="/>
    <POI MapID="1230" xpos="697.454" ypos="16.4476" zpos="421.555" type="ls.path_of_fire.act_2.facing_the_truth.seeker_of_truth_and_knowledge" GUID="lkvZFq+cWkWitXUj+FPcXA=="/>
    <POI MapID="1230" xpos="671.049" ypos="16.3648" zpos="419.24" type="ls.path_of_fire.act_2.facing_the_truth.seeker_of_truth_and_knowledge" GUID="DtsiqpSBrESLQk1mtIp5PQ=="/>
    <POI MapID="1230" xpos="-768.423" ypos="55.7006" zpos="-215.084" type="ls.path_of_fire.act_2.facing_the_truth.wedge_symbol" GUID="rdBAP1FwW0WYGBIQCQ+JqQ=="/>
    <POI MapID="1230" xpos="-682" ypos="2.90631" zpos="-301.862" type="ls.path_of_fire.act_2.facing_the_truth.wedge_symbol" GUID="0+XdpPxbukmSsB3ero7ePQ=="/>
    <POI MapID="1230" xpos="-671.799" ypos="97.2519" zpos="-188.469" type="ls.path_of_fire.act_2.facing_the_truth.wedge_symbol" GUID="w/HBULSxyUCG8A4FRqrG1Q=="/>
    <POI MapID="1221" xpos="-313.851" ypos="68.6376" zpos="-373.969" type="ls.path_of_fire.act_2.the_way_forward.walk_a_fine_line.point" GUID="EGXWIK4t40iitJGCYB0XzA=="/>
    <POI MapID="1221" xpos="-323.55" ypos="90.5741" zpos="-382.813" type="ls.path_of_fire.act_2.the_way_forward.walk_a_fine_line.point" GUID="4+DgLXen6UazPLhJilotpg=="/>
    <POI MapID="1221" xpos="-369.829" ypos="100.95" zpos="-394.938" type="ls.path_of_fire.act_2.the_way_forward.walk_a_fine_line.point" GUID="MHXZpC0XQU2Q4romQW6nPQ=="/>
    <POI MapID="1221" xpos="-313.624" ypos="147.575" zpos="-310.865" type="ls.path_of_fire.act_2.the_way_forward.walk_a_fine_line.point" GUID="+QY6va0vAk+CjaVHv+BL0Q=="/>
    <POI MapID="1221" xpos="-367.135" ypos="125.153" zpos="-392.133" type="ls.path_of_fire.act_2.the_way_forward.walk_a_fine_line.point" GUID="2EdRNiVV7keX0G1mofaSjg=="/>
    <POI MapID="1221" xpos="-313.767" ypos="127.554" zpos="-335.734" type="ls.path_of_fire.act_2.the_way_forward.walk_a_fine_line.point" GUID="82K70kY7M0aO1Uyt9gpnDg=="/>
    <POI MapID="1221" xpos="-308.786" ypos="152.515" zpos="-287.617" type="ls.path_of_fire.act_2.the_way_forward.walk_a_fine_line.point" GUID="WryA1k7bfEyAVNzbPqOwuQ=="/>
    <POI MapID="1221" xpos="-316.689" ypos="165.187" zpos="-316.04" type="ls.path_of_fire.act_2.the_way_forward.walk_a_fine_line.point" GUID="Q/H8JiJTzkG/MvX17dgHyw=="/>
    <POI MapID="1221" xpos="-352.202" ypos="177.899" zpos="-371.685" type="ls.path_of_fire.act_2.the_way_forward.walk_a_fine_line.point" GUID="EnJROokxHEKIPAYrE4AABg=="/>
    <POI MapID="1221" xpos="-384.63" ypos="181.197" zpos="-385.438" type="ls.path_of_fire.act_2.the_way_forward.walk_a_fine_line.point" GUID="evFXm+ngl0WZC35+DNJm7Q=="/>
    <POI MapID="1221" xpos="-439.382" ypos="191.814" zpos="-376.591" type="ls.path_of_fire.act_2.the_way_forward.walk_a_fine_line.point" GUID="ZmnygUMP+UGAREt5jEbtKA=="/>
    <POI MapID="1221" xpos="-454.168" ypos="209.915" zpos="-358.775" type="ls.path_of_fire.act_2.the_way_forward.walk_a_fine_line.point" GUID="L0JUP8fMREegk+SKNShj8Q=="/>
    <POI MapID="1221" xpos="-416.579" ypos="213.335" zpos="-312.525" type="ls.path_of_fire.act_2.the_way_forward.walk_a_fine_line" GUID="HZGTyAxqf0S/WEDKm9dpNg=="/>
    <POI MapID="1255" xpos="-1112.81" ypos="118.845" zpos="-209.64" type="ls.path_of_fire.act_3.enemy_of_my_enemy.the_troopmarshal.mummy_legion" GUID="5OGN8MKQskO+wCK2/xTbRw=="/>
    <POI MapID="1255" xpos="-1296.97" ypos="69.6077" zpos="-237.435" type="ls.path_of_fire.act_3.enemy_of_my_enemy.the_troopmarshal.mummy_legion" GUID="Z9Vc4sRbtUKA7HK6A/qrcQ=="/>
    <POI MapID="1255" xpos="-1292.46" ypos="69.6077" zpos="-204.859" type="ls.path_of_fire.act_3.enemy_of_my_enemy.the_troopmarshal.mummy_legion" GUID="wQUSQLUGiUaLWwkd0iwePA=="/>
    <POI MapID="1255" xpos="-1412.55" ypos="107.729" zpos="-294.853" type="ls.path_of_fire.act_3.enemy_of_my_enemy.the_troopmarshal.mummy_legion" GUID="NhlXWnSOT0uw+4QoLQAXfw=="/>
    <POI MapID="1255" xpos="-1390.1" ypos="127.175" zpos="-226.326" type="ls.path_of_fire.act_3.enemy_of_my_enemy.the_troopmarshal.mummy_legion" GUID="AV+zE7PgAUK2awdakXLbDQ=="/>
    <POI MapID="1255" xpos="-1292.45" ypos="118.811" zpos="-347.169" type="ls.path_of_fire.act_3.enemy_of_my_enemy.the_troopmarshal.mummy_legion" GUID="kPgrl/s+sUSoXolZ1e0Pyw=="/>
    <POI MapID="1255" xpos="-1307.51" ypos="69.6267" zpos="-197.715" type="ls.path_of_fire.act_3.enemy_of_my_enemy.the_troopmarshal.mummy_legion" GUID="8zJIPAq98E2axbEPTpPhBg=="/>
    <POI MapID="1255" xpos="-1327.38" ypos="69.6267" zpos="-190.362" type="ls.path_of_fire.act_3.enemy_of_my_enemy.the_troopmarshal.mummy_legion" GUID="iEuD7+Q+lUaN8uKiuD4DpQ=="/>
    <POI MapID="1255" xpos="-1347.64" ypos="123.564" zpos="-260.186" type="ls.path_of_fire.act_3.enemy_of_my_enemy.the_troopmarshal.master_of_mummies" GUID="Sfi9RYjwc0qSl/xT38Zgxg=="/>
    <POI MapID="1255" xpos="-1235.93" ypos="135.418" zpos="-264.932" type="ls.path_of_fire.act_3.enemy_of_my_enemy.the_troopmarshal.mummy_legion" GUID="Am+xoqdMdEmVhChb/P0kXQ=="/>
    <POI MapID="1245" xpos="410.471" ypos="124.779" zpos="-197.299" type="ls.path_of_fire.act_3.the_departing.checkpoint" GUID="jRuJl0GB/0WG1axN0l1TCg=="/>
    <POI MapID="1245" xpos="270.74" ypos="128.251" zpos="-227.328" type="ls.path_of_fire.act_3.the_departing.checkpoint" GUID="lC2PtBU0wEmgaF5ojDzN7g=="/>
    <POI MapID="1245" xpos="182.999" ypos="99.7043" zpos="-75.3963" type="ls.path_of_fire.act_3.the_departing.checkpoint" GUID="374rFf+FuEK6KMRssDUhPw=="/>
    <POI MapID="1245" xpos="212.111" ypos="125.158" zpos="-177.302" type="ls.path_of_fire.act_3.the_departing.the_whole_story" GUID="sDHCAHW2IEaC0kgeC9COfg=="/>
    <POI MapID="1245" xpos="294.287" ypos="127.766" zpos="-182.319" type="ls.path_of_fire.act_3.the_departing.the_whole_story" GUID="OOF7kNTJ2UOI+gVCPs7e0g=="/>
    <POI MapID="1245" xpos="343.03" ypos="127.602" zpos="-189.361" type="ls.path_of_fire.act_3.the_departing.the_whole_story" GUID="u6nClDHayk+Ix1rta5qt1w=="/>
    <POI MapID="1245" xpos="397.009" ypos="125.327" zpos="-171.624" type="ls.path_of_fire.act_3.the_departing.the_whole_story" GUID="icXGriPsp0CSYeNZGPio5w=="/>
    <POI MapID="1245" xpos="426.367" ypos="125.831" zpos="-201.588" type="ls.path_of_fire.act_3.the_departing.the_whole_story" GUID="08dHgTe2SkixfTwJL+iWQw=="/>
    <POI MapID="1245" xpos="415.487" ypos="131.629" zpos="-246.134" type="ls.path_of_fire.act_3.the_departing.the_whole_story" GUID="YF/RVSAvdkigyJoqx/bMkw=="/>
    <POI MapID="1245" xpos="390.129" ypos="127.154" zpos="-259.407" type="ls.path_of_fire.act_3.the_departing.the_whole_story" GUID="8OLGd0Er9UOnC2kgBVRNtQ=="/>
    <POI MapID="1245" xpos="359.127" ypos="126.838" zpos="-251.487" type="ls.path_of_fire.act_3.the_departing.the_whole_story" GUID="ceIo+x3rMEa4ymQ4accXPw=="/>
    <POI MapID="1245" xpos="321.579" ypos="128.677" zpos="-272.775" type="ls.path_of_fire.act_3.the_departing.the_whole_story" GUID="bAWqP1P4aki5xVbHqtqeyg=="/>
    <POI MapID="1245" xpos="280.053" ypos="128.047" zpos="-257.383" type="ls.path_of_fire.act_3.the_departing.the_whole_story" GUID="o8e1gkxiEUau/2Necj8Fog=="/>
    <POI MapID="1245" xpos="245.042" ypos="128.842" zpos="-287.131" type="ls.path_of_fire.act_3.the_departing.the_whole_story" GUID="rHNz8Djc90SaTzYXJAemIw=="/>
    <POI MapID="1245" xpos="245.907" ypos="129.036" zpos="-312.907" type="ls.path_of_fire.act_3.the_departing.the_whole_story" GUID="QRKC6Os0ck2FIAq7ds6pxg=="/>
    <POI MapID="1245" xpos="273.551" ypos="126.803" zpos="-325.68" type="ls.path_of_fire.act_3.the_departing.the_whole_story" GUID="tqsMrTV75kmwdo/vKyVOjA=="/>
    <POI MapID="1245" xpos="339.85" ypos="134.854" zpos="-332.348" type="ls.path_of_fire.act_3.the_departing.the_whole_story" GUID="W/WJwQ4UqEG6UudoHdjHyg=="/>
    <POI MapID="1245" xpos="327.472" ypos="126.807" zpos="-388.521" type="ls.path_of_fire.act_3.the_departing.the_whole_story" GUID="EFNCNI0bLk2s50TP/Nlb1w=="/>
    <POI MapID="1245" xpos="276.259" ypos="128.689" zpos="-389.668" type="ls.path_of_fire.act_3.the_departing.the_whole_story" GUID="gsdZ/1zQxk2K+wxuDn6vQw=="/>
    <POI MapID="1245" xpos="237.535" ypos="128.64" zpos="-379.354" type="ls.path_of_fire.act_3.the_departing.the_whole_story" GUID="M2QAy0lQ/E6rVxkeMbsSnw=="/>
    <POI MapID="1245" xpos="189.56" ypos="126.293" zpos="-360.518" type="ls.path_of_fire.act_3.the_departing.the_whole_story" GUID="uVQvpJKAJEu4OoT3BGKccg=="/>
    <POI MapID="1245" xpos="154.14" ypos="129.17" zpos="-331.081" type="ls.path_of_fire.act_3.the_departing.the_whole_story" GUID="X5zbU37oOE+cgt3nUpCSuQ=="/>
    <POI MapID="1245" xpos="137.783" ypos="129.136" zpos="-275.109" type="ls.path_of_fire.act_3.the_departing.the_whole_story" GUID="vZqPTYfT/0ySR6hHJivDQA=="/>
    <POI MapID="1245" xpos="121.246" ypos="127.229" zpos="-250.07" type="ls.path_of_fire.act_3.the_departing.the_whole_story" GUID="A6bKGl8VBkaI9IU89yu2zw=="/>
    <POI MapID="1245" xpos="101.075" ypos="130.797" zpos="-246.531" type="ls.path_of_fire.act_3.the_departing.the_whole_story" GUID="HiiGMatqO0ez32jFBdovMg=="/>
    <POI MapID="1245" xpos="104.1" ypos="123.34" zpos="-199.829" type="ls.path_of_fire.act_3.the_departing.the_whole_story" GUID="niHAOGXsSkWUiAPd3ke91Q=="/>
    <POI MapID="1245" xpos="93.3783" ypos="117.833" zpos="-148.588" type="ls.path_of_fire.act_3.the_departing.the_whole_story" GUID="Uwuuiz7tbEuadiisPzQIyA=="/>
    <POI MapID="1245" xpos="99.6178" ypos="128.501" zpos="-122.556" type="ls.path_of_fire.act_3.the_departing.the_whole_story" GUID="fnRP3ZD2Qku7Rzw7spNyZw=="/>
    <POI MapID="1245" xpos="117.682" ypos="135.092" zpos="-126.17" type="ls.path_of_fire.act_3.the_departing.the_whole_story" GUID="oYMPWKxaxEqqK0+X5tUwdQ=="/>
    <POI MapID="1245" xpos="127.774" ypos="143.047" zpos="-110.166" type="ls.path_of_fire.act_3.the_departing.the_whole_story" GUID="PVSdTZQWxUaNae/nymcGCQ=="/>
    <POI MapID="1245" xpos="126.536" ypos="148.121" zpos="-130.23" type="ls.path_of_fire.act_3.the_departing.the_whole_story" GUID="F0fAo6dN+E++Wf1M1BMaIQ=="/>
    <POI MapID="1245" xpos="122.488" ypos="152.764" zpos="-105.995" type="ls.path_of_fire.act_3.the_departing.the_whole_story" GUID="QF0xhy9uqUCDW9sVwUPXFA=="/>
    <POI MapID="1245" xpos="128.962" ypos="162.431" zpos="-116.097" type="ls.path_of_fire.act_3.the_departing.the_whole_story" GUID="KTYpxcaDekOkY+sOLduqHA=="/>
    <POI MapID="1245" xpos="120.375" ypos="165.319" zpos="-113.247" type="ls.path_of_fire.act_3.the_departing.the_whole_story" GUID="M9qvb0wJKEi/tcflP8OA5g=="/>
    <POI MapID="1245" xpos="293.09" ypos="125.816" zpos="-72.5387" type="ls.path_of_fire.act_3.the_departing.checkpoint" GUID="y4u41alyyESZQKQhzgDpcA=="/>
    <POI MapID="1245" xpos="318.499" ypos="128.013" zpos="-52.3074" type="ls.path_of_fire.act_3.the_departing.checkpoint" GUID="FM43Xi6nSEa6UxKt4gxZIg=="/>
    <POI MapID="1245" xpos="253.868" ypos="129.678" zpos="-160.049" type="ls.path_of_fire.act_3.the_departing.the_whole_story" GUID="/e7ro3K/FUeYKInj3LsAJw=="/>
  </POIs>
</OverlayData>