<OverlayData>
  <MarkerCategory name="Achievement" fadeFar="16800" fadeNear="8400" iconFile="Data/Achievement.png" maxSize="256" data-allowsub="true" data-iconFile="Data/Achievement.png">
    <MarkerCategory name="The Silverwastes" DisplayName="The Silverwastes" iconFile="Data/Achievement/The_Silverwastes.png" data-iconFile="Data/Achievement/The_Silverwastes.png">
      <MarkerCategory name="Go for the Gold" DisplayName="Go for the Gold"/>
    </MarkerCategory>
  </MarkerCategory>
  <POIs>
    <POI MapID="1015" xpos="492.934" ypos="442.504" zpos="-348.352" type="achievement.the_silverwastes.go_for_the_gold" GUID="/u19ZfKdAUynqnNv5fFvKQ=="/>
  </POIs>
</OverlayData>