<OverlayData>
  <MarkerCategory name="Tactical" DisplayName="Tactical" fadeFar="16800" fadeNear="8400" maxSize="256" data-sort="true">
    <MarkerCategory name="Juvenile Pets" DisplayName="Juvenile Pets" iconFile="Data/Tactical/Juvenile Pets.png" heightOffset="3" data-iconFile="Data/Tactical/Juvenile Pets.png">
      <MarkerCategory name="Path of Fire" DisplayName="Path of Fire" data-allowsub="true" data-sort="true">
        <MarkerCategory name="Cheetah"/>
      </MarkerCategory>
    </MarkerCategory>
  </MarkerCategory>
  <POIs>
    <POI MapID="1228" xpos="1033.37" ypos="-0.0609184" zpos="-107.601" type="tactical.juvenile_pets.path_of_fire.cheetah" GUID="V+kd5otuQ0+3zbjMjk6X2g=="/>
  </POIs>
</OverlayData>