<OverlayData>
  <MarkerCategory name="Tactical" DisplayName="Tactical" fadeFar="16800" fadeNear="8400" maxSize="256" data-sort="true">
    <MarkerCategory name="Juvenile Pets" DisplayName="Juvenile Pets" iconFile="Data/Tactical/Juvenile Pets.png" heightOffset="3" data-iconFile="Data/Tactical/Juvenile Pets.png">
      <MarkerCategory name="Path of Fire" DisplayName="Path of Fire" data-allowsub="true" data-sort="true">
        <MarkerCategory name="Rock Gazalle" DisplayName="Rock Gazalle"/>
      </MarkerCategory>
    </MarkerCategory>
  </MarkerCategory>
  <POIs>
    <POI MapID="1226" xpos="465.742" ypos="311.705" zpos="-910.407" type="tactical.juvenile_pets.path_of_fire.rock_gazalle" GUID="keLfEl+m3EmuETLqb3S3Pg=="/>
  </POIs>
</OverlayData>