<OverlayData>
  <MarkerCategory name="Tactical" DisplayName="Tactical" data-sort="true" fadeFar="16800" fadeNear="8400" maxSize="256">
    <MarkerCategory name="Juvenile Pets" heightOffset="3" iconFile="Data/Tactical/Juvenile Pets.png" data-iconFile="Data/Tactical/Juvenile Pets.png" DisplayName="Juvenile Pets">
      <MarkerCategory name="Path of Fire" data-sort="true" data-allowsub="true" DisplayName="Path of Fire">
        <MarkerCategory name="Sand Lion" DisplayName="Sand Lion"/>
      </MarkerCategory>
    </MarkerCategory>
  </MarkerCategory>
  <POIs>
    <POI MapID="1210" xpos="-276.003" ypos="33.1166" zpos="380.828" type="tactical.juvenile_pets.path_of_fire.sand_lion" GUID="wAP4KCryf0GveBqXzEjPUA=="/>
    <POI MapID="1210" xpos="75.9275" ypos="20.5585" zpos="11.3321" type="tactical.juvenile_pets.path_of_fire.sand_lion" GUID="xqu9C4LqL0CHBFbUflYGSQ=="/>
  </POIs>
</OverlayData>