<OverlayData>
  <MarkerCategory name="Achievement" data-allowsub="true" iconFile="Data/Achievement.png" data-iconFile="Data/Achievement.png" fadeFar="16800" fadeNear="8400" maxSize="256">
    <MarkerCategory name="Path of Fire" iconFile="Data/Achievement/Path of Fire.png" data-iconFile="Data/Achievement/Path of Fire.png" DisplayName="Path of Fire">
      <MarkerCategory name="Desert Highlands" iconFile="Data/Achievement/Path of Fire/Desert_Highlands.png" data-iconFile="Data/Achievement/Path of Fire/Desert_Highlands.png" DisplayName="Desert Highlands">
        <MarkerCategory name="Lost Lore of Desert Highlands" DisplayName="Lost Lore of Desert Highlands"/>
      </MarkerCategory>
    </MarkerCategory>
  </MarkerCategory>
  <POIs>
    <POI MapID="1211" xpos="-484.505" ypos="278.928" zpos="-18.2637" type="achievement.path_of_fire.desert_highlands.lost_lore_of_desert_highlands" GUID="V8LPa2TNRUK7GlKzrBrNZw=="/>
    <POI MapID="1211" xpos="-1294.38" ypos="434.532" zpos="313.497" type="achievement.path_of_fire.desert_highlands.lost_lore_of_desert_highlands" GUID="Qtg7vggnvE+gQh7T8DZdMw=="/>
    <POI MapID="1211" xpos="-1239.44" ypos="277.569" zpos="157.191" type="achievement.path_of_fire.desert_highlands.lost_lore_of_desert_highlands" GUID="dRAD8XyPiEGoCqs6dNu3aw=="/>
  </POIs>
</OverlayData>