<OverlayData>
  <MarkerCategory name="Festivals" DisplayName="Festivals" fadeFar="16800" fadeNear="8400" maxSize="256">
    <MarkerCategory name="Halloween" data-sort="true" iconFile="Data/Festivals/Halloween.png" data-iconFile="Data/Festivals/Halloween.png">
      <MarkerCategory name="Lunatic Wardrobe" iconFile="Data/Festivals/Halloween/Lunatic_Wardrobe.png" data-iconFile="Data/Festivals/Halloween/Lunatic_Wardrobe.png" DisplayName="Lunatic Wardrobe">
        <MarkerCategory name="Lunatic Racer" DisplayName="Lunatic Racer"/>
      </MarkerCategory>
    </MarkerCategory>
  </MarkerCategory>
  <POIs>
    <POI MapID="866" xpos="0.542229" ypos="192.673" zpos="56.0757" type="festivals.halloween.lunatic_wardrobe.lunatic_racer" GUID="kahW+UcUGk64eRLw3zWHxA=="/>
  </POIs>
</OverlayData>