<OverlayData>
  <MarkerCategory name="LS" DisplayName="Living World" fadeFar="16800" fadeNear="8400" iconFile="Data/LS.png" maxSize="256" data-allowsub="true" data-iconFile="Data/LS.png">
    <MarkerCategory name="Path of Fire" DisplayName="Path of Fire" data-allowsub="true">
      <MarkerCategory name="Act 2" DisplayName="Act 2" data-allowsub="true">
        <MarkerCategory name="Facing the Truth" DisplayName="Facing the Truth">
          <MarkerCategory name="Goddess of Secrets" DisplayName="Goddess of Secrets"/>
        </MarkerCategory>
      </MarkerCategory>
    </MarkerCategory>
  </MarkerCategory>
  <POIs>
    <POI MapID="1230" xpos="694.009" ypos="0.206373" zpos="356.732" type="ls.path_of_fire.act_2.facing_the_truth.goddess_of_secrets" GUID="vVfWU0e5UUm1vqbdYVkLkw=="/>
  </POIs>
</OverlayData>