<OverlayData>
  <MarkerCategory name="ResourceNode" DisplayName="Resource Nodes" fadeFar="16800" fadeNear="8400" iconFile="Data/ResourceNode.png" maxSize="256" behavior="1" data-class="fade-1" data-iconFile="Data/ResourceNode.png">
    <MarkerCategory name="Plant" iconFile="Data/ResourceNode/Plant.png" heightOffset="1.6" data-class="iconsize-0.35 poi-plant" data-iconFile="Data/Plant.png">
      <MarkerCategory name="Copper">
        <MarkerCategory name="BlueberryBush" DisplayName="Blueberry Bush"/>
      </MarkerCategory>
    </MarkerCategory>
  </MarkerCategory>
  <POIs>
    <POI MapID="968" xpos="34.3289" ypos="151.344" zpos="562.548" type="resourcenode.plant.copper.blueberrybush" GUID="9AmdDkWU0UeyJejODa9YZQ=="/>
  </POIs>
</OverlayData>