<OverlayData>
  <MarkerCategory name="ResourceNode" DisplayName="Resource Nodes" fadeFar="16800" fadeNear="8400" iconFile="Data/ResourceNode.png" maxSize="256" behavior="1" data-class="fade-1" data-iconFile="Data/ResourceNode.png">
    <MarkerCategory name="Plant" iconFile="Data/ResourceNode/Plant.png" heightOffset="1.6" data-class="iconsize-0.35 poi-plant" data-iconFile="Data/Plant.png">
      <MarkerCategory name="Darksteel">
        <MarkerCategory name="VariegatedTaproots" DisplayName="Variegated Taproots"/>
      </MarkerCategory>
    </MarkerCategory>
  </MarkerCategory>
  <POIs>
    <POI MapID="73" xpos="239.92" ypos="1.80505" zpos="-79.1002" type="resourcenode.plant.darksteel.variegatedtaproots" GUID="nCnMZHLjx0aBHzu5Z86lYA=="/>
    <POI MapID="73" xpos="562.046" ypos="31.2318" zpos="885.583" type="resourcenode.plant.darksteel.variegatedtaproots" GUID="1cE7buStmE26PRGzeXkSsg=="/>
  </POIs>
</OverlayData>