<OverlayData>
  <MarkerCategory name="ResourceNode" DisplayName="Resource Nodes" data-class="fade-1" behavior="1" iconFile="Data/ResourceNode.png" data-iconFile="Data/ResourceNode.png" fadeFar="16800" fadeNear="8400">
    <MarkerCategory name="Plant" iconFile="Data/ResourceNode/Plant.png" data-class="iconsize-0.35 poi-plant" data-iconFile="Data/Plant.png" heightOffset="1.6">
      <MarkerCategory name="Darksteel">
        <MarkerCategory name="VariegatedTaproots" DisplayName="Variegated Taproots"/>
      </MarkerCategory>
    </MarkerCategory>
  </MarkerCategory>
  <POIs>
    <POI MapID="73" xpos="239.92" ypos="1.80505" zpos="-79.1002" type="resourcenode.plant.darksteel.variegatedtaproots" GUID="nCnMZHLjx0aBHzu5Z86lYA=="/>
  </POIs>
</OverlayData>