<OverlayData>
  <MarkerCategory name="ResourceNode" DisplayName="Resource Nodes" data-class="fade-1" behavior="1" iconFile="Data/ResourceNode.png" data-iconFile="Data/ResourceNode.png" fadeFar="16800" fadeNear="8400">
    <MarkerCategory name="Plant" iconFile="Data/ResourceNode/Plant.png" data-class="iconsize-0.35 poi-plant" data-iconFile="Data/Plant.png" heightOffset="1.6">
      <MarkerCategory name="Darksteel">
        <MarkerCategory name="Scallions"/>
      </MarkerCategory>
    </MarkerCategory>
  </MarkerCategory>
  <POIs>
    <POI MapID="73" xpos="-260.993" ypos="2.5529" zpos="304.307" type="resourcenode.plant.darksteel.scallions" GUID="314ceeibzEux6HuYXDdRcw=="/>
    <POI MapID="25" xpos="-428.276" ypos="56.6355" zpos="-768.739" type="resourcenode.plant.darksteel.scallions" GUID="0sbbJEWRi0ez66V2454gMg=="/>
    <POI MapID="73" xpos="520.349" ypos="25.2934" zpos="-478.165" type="resourcenode.plant.darksteel.scallions" GUID="8dH+GWp7K0+Nk+YxFG6dtg=="/>
    <POI MapID="73" xpos="322.857" ypos="6.34195" zpos="-569.522" type="resourcenode.plant.darksteel.scallions" GUID="/pkWO4XJQUmL3Mxam6dO7A=="/>
  </POIs>
</OverlayData>