<OverlayData>
  <MarkerCategory name="ResourceNode" DisplayName="Resource Nodes" data-class="fade-1" behavior="1" iconFile="Data/ResourceNode.png" data-iconFile="Data/ResourceNode.png" fadeFar="16800" fadeNear="8400">
    <MarkerCategory name="Plant" iconFile="Data/ResourceNode/Plant.png" data-class="iconsize-0.35" data-iconFile="Data/Plant.png">
      <MarkerCategory name="Mithril">
        <MarkerCategory name="CayennePepper" DisplayName="Cayenne Pepper"/>
      </MarkerCategory>
    </MarkerCategory>
  </MarkerCategory>
  <POIs>
    <POI MapID="51" xpos="-548.181" ypos="22.8801" zpos="-306.433" type="resourcenode.plant.mithril.cayennepepper" GUID="47D9mp+uA0WawsO5OQTllA=="/>
  </POIs>
</OverlayData>