<OverlayData>
  <MarkerCategory name="ResourceNode" DisplayName="Resource Nodes" data-class="fade-1" behavior="1" iconFile="Data/ResourceNode.png" data-iconFile="Data/ResourceNode.png" fadeFar="16800" fadeNear="8400">
    <MarkerCategory name="Plant" iconFile="Data/ResourceNode/Plant.png" data-class="iconsize-0.35" data-iconFile="Data/Plant.png">
      <MarkerCategory name="Mithril">
        <MarkerCategory name="Asparagus"/>
      </MarkerCategory>
    </MarkerCategory>
  </MarkerCategory>
  <POIs>
    <POI MapID="51" xpos="-590.915" ypos="31.9134" zpos="-355.105" type="resourcenode.plant.mithril.asparagus" GUID="Mj2UAbuk6kSX1k1EB7yYlQ=="/>
  </POIs>
</OverlayData>