<OverlayData>
  <MarkerCategory name="Chest" iconFile="Data/Chest.png" data-class="fade-1 poi-chest" data-iconFile="Data/Chest.png" heightOffset="1.6" fadeFar="16800" fadeNear="8400" maxSize="256">
    <MarkerCategory name="Permanent"/>
    <MarkerCategory name="Meta" fadeFar="8400" fadeNear="2100" behavior="4" resetLength="30" heightOffset="3.5" iconFile="Data/Chest-Meta.png" data-iconFile="Data/Chest-Meta.png"/>
  </MarkerCategory>
  <POIs>
    <POI MapID="26" xpos="-581.276" ypos="66.56" zpos="-836.618" type="chest.permanent" GUID="soT7EC358Ui7K6K/5/5EQQ=="/>
    <POI MapID="26" xpos="-418.758" ypos="83.4887" zpos="819.538" type="chest.permanent" GUID="V39obeFBb0y0PtMyDZxB0A=="/>
    <POI MapID="26" xpos="-625.838" ypos="88.5589" zpos="-625.081" type="chest.permanent" GUID="JNSdhVCpV02zZmd+ElraCQ=="/>
    <POI MapID="26" xpos="-532.521" ypos="29.7478" zpos="-881.432" type="chest.meta" GUID="9to8+AFBFUqprFdL7fmpjw=="/>
    <POI MapID="26" xpos="-1.90543" ypos="123.605" zpos="-156.641" type="chest.permanent" GUID="wzFM2c+lek6silEKLd/naw=="/>
  </POIs>
</OverlayData>