<OverlayData>
  <MarkerCategory name="ResourceNode" DisplayName="Resource Nodes" data-class="fade-1" behavior="1" iconFile="Data/ResourceNode.png" data-iconFile="Data/ResourceNode.png" fadeFar="16800" fadeNear="8400">
    <MarkerCategory name="Plant" iconFile="Data/ResourceNode/Plant.png" data-class="iconsize-0.35 poi-plant" data-iconFile="Data/Plant.png" heightOffset="1.6">
      <MarkerCategory name="Orichalcum" data-sort="true">
        <MarkerCategory name="Flax" iconFile="Data/ResourceNode/Plant/Orichalcum/Flax.png" data-iconFile="Data/ResourceNode/Plant/Orichalcum/Flax.png" iconSize="0.35"/>
      </MarkerCategory>
    </MarkerCategory>
  </MarkerCategory>
  <POIs>
    <POI MapID="1043" xpos="426.777" ypos="273.666" zpos="88.2746" type="resourcenode.plant.orichalcum.flax" GUID="za93gLPvLEqx22tXl/blPA=="/>
    <POI MapID="1043" xpos="407.438" ypos="274.746" zpos="118.677" type="resourcenode.plant.orichalcum.flax" GUID="qcPRbNXyL0uhZNejRXAoAQ=="/>
    <POI MapID="1043" xpos="300.809" ypos="268.464" zpos="-514.77" type="resourcenode.plant.orichalcum.flax" GUID="wfwadkgzFE6zZUKCEuzvxg=="/>
    <POI MapID="1045" xpos="-643.855" ypos="219.974" zpos="82.6563" type="resourcenode.plant.orichalcum.flax" GUID="wfjIZFl7IkyM1h+cbJ5bmA=="/>
    <POI MapID="1052" xpos="-33.0315" ypos="368.282" zpos="-77.9411" type="resourcenode.plant.orichalcum.flax" GUID="UUvnD1XJ30ihM8I39W82pQ=="/>
    <POI MapID="1052" xpos="-546.252" ypos="339.79" zpos="-141.466" type="resourcenode.plant.orichalcum.flax" GUID="ln8jnwVZrUKnanu6Dh0Dzg=="/>
    <POI MapID="1052" xpos="899.922" ypos="354.185" zpos="226.084" type="resourcenode.plant.orichalcum.flax" GUID="7kF7dsbe10G7QIsGgpFEdg=="/>
    <POI MapID="1052" xpos="976.312" ypos="383.86" zpos="335.269" type="resourcenode.plant.orichalcum.flax" GUID="ND5jaZBeq0Op4RfRk0Twlw=="/>
    <POI MapID="1052" xpos="-421.831" ypos="594.496" zpos="294.254" type="resourcenode.plant.orichalcum.flax" GUID="g+ZzKLtZRUij/kHsNhzFPw=="/>
    <POI MapID="1052" xpos="-459.118" ypos="715.661" zpos="-145.094" type="resourcenode.plant.orichalcum.flax" GUID="JYa/jWWJEkybqi3KtbFMTA=="/>
    <POI MapID="1052" xpos="-132.408" ypos="737.928" zpos="-6.89909" type="resourcenode.plant.orichalcum.flax" GUID="meOcRNtHaE2eJJOa+VxWLw=="/>
    <POI MapID="1052" xpos="441.365" ypos="446.356" zpos="299.229" type="resourcenode.plant.orichalcum.flax" GUID="RMHnjVNLoUeA/roH9IGHnA=="/>
    <POI MapID="1052" xpos="300.693" ypos="373.112" zpos="238.999" type="resourcenode.plant.orichalcum.flax" GUID="NhCIJngVRkqH1y1Bzoj17A=="/>
    <POI MapID="1052" xpos="194.812" ypos="380.408" zpos="227.577" type="resourcenode.plant.orichalcum.flax" GUID="r8FhgXMx4kaGZoPNAkHE9w=="/>
    <POI MapID="1052" xpos="-46.5125" ypos="431.216" zpos="154.802" type="resourcenode.plant.orichalcum.flax" GUID="8Vm4q+enGEy8vYS3LTB+xA=="/>
    <POI MapID="1052" xpos="-182.844" ypos="355.885" zpos="-20.1715" type="resourcenode.plant.orichalcum.flax" GUID="9r6gshjN1UKJ7lkK6LcGYA=="/>
    <POI MapID="1043" xpos="377.518" ypos="280.518" zpos="84.0572" type="resourcenode.plant.orichalcum.flax" GUID="fkM8LzUps0OLCJJkLh+RrQ=="/>
    <POI MapID="1041" xpos="461.8" ypos="89.2162" zpos="-240.514" type="resourcenode.plant.orichalcum.flax" GUID="hEeIwdBoFE+cnHekucCgYA=="/>
    <POI MapID="1041" xpos="540.503" ypos="75.9146" zpos="-124.378" type="resourcenode.plant.orichalcum.flax" GUID="UWIJJzEvs0OSvBVKroWWrw=="/>
    <POI MapID="1052" xpos="918.403" ypos="356.533" zpos="150.902" type="resourcenode.plant.orichalcum.flax" GUID="FWY0mspna0OAVlILNksvAg=="/>
    <POI MapID="1052" xpos="809.367" ypos="366.256" zpos="74.0838" type="resourcenode.plant.orichalcum.flax" GUID="FpEw+DWb/kqnnW6lHsi2Iw=="/>
    <POI MapID="1052" xpos="-174.889" ypos="408.167" zpos="218.563" type="resourcenode.plant.orichalcum.flax" GUID="sB/X+mwuW0+B60k/404qJw=="/>
    <POI MapID="1052" xpos="-189.096" ypos="521.613" zpos="198.408" type="resourcenode.plant.orichalcum.flax" GUID="9AVYzndQA0+po7e3BwUd0g=="/>
    <POI MapID="1052" xpos="-511.962" ypos="718.867" zpos="-166.951" type="resourcenode.plant.orichalcum.flax" GUID="JL3Lzjvc9ky8h06ewZEBIw=="/>
    <POI MapID="1052" xpos="720.375" ypos="14.2243" zpos="418.106" type="resourcenode.plant.orichalcum.flax" GUID="JT77lzsoQ06Ifpw4KvSxMQ=="/>
    <POI MapID="1052" xpos="716.782" ypos="14.038" zpos="414.444" type="resourcenode.plant.orichalcum.flax" GUID="JfC7YbVOME6+q2ca3liGvQ=="/>
    <POI MapID="1052" xpos="718.527" ypos="14.1288" zpos="412.017" type="resourcenode.plant.orichalcum.flax" GUID="KjF0GYQerkKXU6hmofkkdQ=="/>
    <POI MapID="1052" xpos="723.974" ypos="14.6831" zpos="415.317" type="resourcenode.plant.orichalcum.flax" GUID="ntCeaNVCPEy0z+RYSK+wwA=="/>
    <POI MapID="1052" xpos="725.567" ypos="14.7853" zpos="410.5" type="resourcenode.plant.orichalcum.flax" GUID="nCGPRwiIckiRNLr1DQhO5w=="/>
    <POI MapID="1052" xpos="725.018" ypos="14.9838" zpos="406.237" type="resourcenode.plant.orichalcum.flax" GUID="baQMEMXe3EWjCD2Ce5WNWA=="/>
    <POI MapID="1052" xpos="727.63" ypos="15.2537" zpos="408.536" type="resourcenode.plant.orichalcum.flax" GUID="20BguqkIikCBRGveuRxK6w=="/>
    <POI MapID="1052" xpos="729.799" ypos="15.43" zpos="410.912" type="resourcenode.plant.orichalcum.flax" GUID="PMISrRyRs02I03ycQLP30Q=="/>
    <POI MapID="1043" xpos="63.7022" ypos="242.33" zpos="-654.157" type="resourcenode.plant.orichalcum.flax" GUID="Pbo1oBm14E+/sy+T//497A=="/>
    <POI MapID="1052" xpos="977.323" ypos="400.872" zpos="386.932" type="resourcenode.plant.orichalcum.flax" GUID="dThX88hQ+k6x9de90dtYSg=="/>
    <POI MapID="1052" xpos="970.477" ypos="361.235" zpos="249.584" type="resourcenode.plant.orichalcum.flax" GUID="8jDz5Rs29kyQ6utxqzd6FQ=="/>
    <POI MapID="1052" xpos="853.6" ypos="361.142" zpos="147.773" type="resourcenode.plant.orichalcum.flax" GUID="Vr5Y31gC8Uq+TrhdAudTXw=="/>
    <POI MapID="1052" xpos="835.776" ypos="381.942" zpos="-22.6427" type="resourcenode.plant.orichalcum.flax" GUID="F/2oiQdzXkKY/HqV7A6Hvg=="/>
    <POI MapID="1052" xpos="931.244" ypos="393.726" zpos="-143.079" type="resourcenode.plant.orichalcum.flax" GUID="nY4suWagS0CRNNhY+bxxWQ=="/>
    <POI MapID="1052" xpos="-226.827" ypos="437.737" zpos="-391.71" type="resourcenode.plant.orichalcum.flax" GUID="oK4X2F5gQEemO9gxditPBQ=="/>
    <POI MapID="1052" xpos="-115.479" ypos="413.631" zpos="-298.432" type="resourcenode.plant.orichalcum.flax" GUID="blwgXCsGMkOiSNN1a1TYbw=="/>
    <POI MapID="1052" xpos="-528.291" ypos="463.735" zpos="65.2969" type="resourcenode.plant.orichalcum.flax" GUID="/zjrwV7OzkSUYQHwRhYJcQ=="/>
    <POI MapID="1052" xpos="-186.824" ypos="543.852" zpos="133.163" type="resourcenode.plant.orichalcum.flax" GUID="2V5HCuBVuEe531Kxva6lUg=="/>
    <POI MapID="1052" xpos="774.751" ypos="341.045" zpos="-149.615" type="resourcenode.plant.orichalcum.flax" GUID="4/6mw+ljVUWjDQZU5eOrYg=="/>
    <POI MapID="1043" xpos="400.873" ypos="255.085" zpos="-74.307" type="resourcenode.plant.orichalcum.flax" GUID="VnSs8TzcW0aCTtGZVlNA7g=="/>
    <POI MapID="1043" xpos="308.99" ypos="339.735" zpos="324.228" type="resourcenode.plant.orichalcum.flax" GUID="uUGOnimiMkKNWQB8xJGkQg=="/>
    <POI MapID="1043" xpos="350.591" ypos="319.409" zpos="412.434" type="resourcenode.plant.orichalcum.flax" GUID="0jxkD9mJaUm3mLZfzfPJpg=="/>
    <POI MapID="1043" xpos="-475.963" ypos="243.95" zpos="88.8511" type="resourcenode.plant.orichalcum.flax" GUID="g+/4YqSHm0+YDpLwAWfb+w=="/>
    <POI MapID="1043" xpos="183.742" ypos="101.347" zpos="13.9501" type="resourcenode.plant.orichalcum.flax" GUID="Zo8ZGoyoJke69RAKbH7oYQ=="/>
    <POI MapID="1043" xpos="34.9227" ypos="322.673" zpos="388.881" type="resourcenode.plant.orichalcum.flax" GUID="qiJQj9XTlUWO4Fg2+4Rkuw=="/>
    <POI MapID="1043" xpos="-265.441" ypos="279.225" zpos="400.273" type="resourcenode.plant.orichalcum.flax" GUID="7HsVGCKpeUiVjlCE7OdWJA=="/>
    <POI MapID="1043" xpos="-444.07" ypos="259.039" zpos="36.7833" type="resourcenode.plant.orichalcum.flax" GUID="whPlYPIhR0Wxj4fa+NW3Ww=="/>
    <POI MapID="1043" xpos="-254.7" ypos="263.56" zpos="-433.132" type="resourcenode.plant.orichalcum.flax" GUID="1R2b2cRUO0KVF8CKfUWNGQ=="/>
    <POI MapID="1043" xpos="482.84" ypos="284.513" zpos="-9.23024" type="resourcenode.plant.orichalcum.flax" GUID="PhHqPuuQo06SRHtui9OaTw=="/>
    <POI MapID="1043" xpos="421.244" ypos="262.335" zpos="-666.25" type="resourcenode.plant.orichalcum.flax" GUID="RnxbQWa1SkCXo69UR/B3fA=="/>
    <POI MapID="1052" xpos="456.607" ypos="330.334" zpos="75.4417" type="resourcenode.plant.orichalcum.flax" GUID="ILaXpkClhEeEODhm18H9NQ=="/>
    <POI MapID="1052" xpos="-107.058" ypos="747.18" zpos="22.9373" type="resourcenode.plant.orichalcum.flax" GUID="1r6o9+WLCUG9mkBbFLfZ6g=="/>
    <POI MapID="1043" xpos="421.3" ypos="307.426" zpos="-28.2566" type="resourcenode.plant.orichalcum.flax" GUID="z/sRmoEfSkSbH/8LZrTdig=="/>
    <POI MapID="1052" xpos="720.517" ypos="14.1511" zpos="414.76" type="resourcenode.plant.orichalcum.flax" GUID="xr9Ew81JaUu/oNgMBXCs9w=="/>
    <POI MapID="1052" xpos="722.379" ypos="14.3017" zpos="410.234" type="resourcenode.plant.orichalcum.flax" GUID="7PC0Yni2UkO1z4e7lZl40w=="/>
    <POI MapID="1041" xpos="-44.9013" ypos="72.8525" zpos="329.381" type="resourcenode.plant.orichalcum.flax" GUID="YaQs8W0JfkWf8uRHiN7sVw=="/>
    <POI MapID="1041" xpos="497.407" ypos="70.9124" zpos="-201.079" type="resourcenode.plant.orichalcum.flax" GUID="LrJwZvRnPk+hguOZqNqyrQ=="/>
    <POI MapID="1043" xpos="351.84" ypos="256.693" zpos="-276.496" type="resourcenode.plant.orichalcum.flax" GUID="DiLFk8r83ku8lvIW35VIiQ=="/>
    <POI MapID="1043" xpos="-363.556" ypos="244.91" zpos="160.617" type="resourcenode.plant.orichalcum.flax" GUID="XgxOwmoilEuWxcAN3F4HOA=="/>
    <POI MapID="1043" xpos="106.349" ypos="309.811" zpos="394.99" type="resourcenode.plant.orichalcum.flax" GUID="J0RZQgWGnkOkCfES7UCsQw=="/>
    <POI MapID="1043" xpos="282.155" ypos="303.475" zpos="170.324" type="resourcenode.plant.orichalcum.flax" GUID="SrsWhYn/AUy1/Ag2bky6tQ=="/>
    <POI MapID="1052" xpos="-316.248" ypos="531.31" zpos="219.917" type="resourcenode.plant.orichalcum.flax" GUID="vugZPcbq906GlwrBW05MGA=="/>
    <POI MapID="1052" xpos="612.928" ypos="361.46" zpos="-181.519" type="resourcenode.plant.orichalcum.flax" GUID="V2nsGqggykScY3ZFKQ/6EQ=="/>
    <POI MapID="1052" xpos="322.456" ypos="342.301" zpos="42.0499" type="resourcenode.plant.orichalcum.flax" GUID="YUuyoercXEyv2wSolX3ksQ=="/>
    <POI MapID="1043" xpos="266.618" ypos="267.434" zpos="-349.263" type="resourcenode.plant.orichalcum.flax" GUID="iNGlYlaOhEGRvgKL+cLnoQ=="/>
    <POI MapID="1043" xpos="-3.46989" ypos="332.182" zpos="474.946" type="resourcenode.plant.orichalcum.flax" GUID="zfIwn48SJU+Ky7OPzvmGJA=="/>
    <POI MapID="1052" xpos="-125.573" ypos="175.242" zpos="-83.5242" type="resourcenode.plant.orichalcum.flax" GUID="M941ABbeG0qbF9kK9nFcyQ=="/>
    <POI MapID="1045" xpos="741.245" ypos="236.839" zpos="-373.489" type="resourcenode.plant.orichalcum.flax" GUID="z9E2O3XMY0uGjVifANIvQA=="/>
    <POI MapID="1045" xpos="733.752" ypos="307.739" zpos="-555.604" type="resourcenode.plant.orichalcum.flax" GUID="XkydxDda/0CG+IszWzJCpA=="/>
    <POI MapID="1045" xpos="-277.87" ypos="215.21" zpos="-299.631" type="resourcenode.plant.orichalcum.flax" GUID="YVFcTgeDIUGKtFAUtxFu8w=="/>
    <POI MapID="1041" xpos="638.021" ypos="44.0353" zpos="-58.1079" type="resourcenode.plant.orichalcum.flax" GUID="OY8Cp+fovkmxeARRozSxaw=="/>
    <POI MapID="1041" xpos="123.277" ypos="45.9795" zpos="548.716" type="resourcenode.plant.orichalcum.flax" GUID="kWOgIuAy5UeGkOS3DBwhSQ=="/>
    <POI MapID="1041" xpos="101.337" ypos="62.4946" zpos="489.469" type="resourcenode.plant.orichalcum.flax" GUID="AutRUP01wEKr2zCg0C3JMw=="/>
    <POI MapID="1041" xpos="330.511" ypos="117.592" zpos="68.7317" type="resourcenode.plant.orichalcum.flax" GUID="IIkI1f0uPUq2O+n3mHipBw=="/>
    <POI MapID="1041" xpos="423.63" ypos="86.0552" zpos="-299.427" type="resourcenode.plant.orichalcum.flax" GUID="sqovhr3yYEqlyiGfGACH8w=="/>
    <POI MapID="1052" xpos="519.125" ypos="24.8411" zpos="-47.8358" type="resourcenode.plant.orichalcum.flax" GUID="BOjZJfXT9kGB3icCJb23JA=="/>
    <POI MapID="1041" xpos="398.303" ypos="93.6543" zpos="244.425" type="resourcenode.plant.orichalcum.flax" GUID="jGRA1R3smkWWM0kxu5GRig=="/>
    <POI MapID="1041" xpos="829.708" ypos="65.5228" zpos="101.587" type="resourcenode.plant.orichalcum.flax" GUID="I+IUhsm9q0KSomjHBk8xbw=="/>
    <POI MapID="1041" xpos="822.584" ypos="61.4898" zpos="236.732" type="resourcenode.plant.orichalcum.flax" GUID="i+KpjP0mGkewuTmQ7ktJZg=="/>
    <POI MapID="1041" xpos="460.329" ypos="75.5241" zpos="-185.355" type="resourcenode.plant.orichalcum.flax" GUID="hqcae7sRAUWFLpJLH/bd/w=="/>
    <POI MapID="1041" xpos="803.6" ypos="11.4839" zpos="226.677" type="resourcenode.plant.orichalcum.flax" GUID="kVVTIWUER0eWv8JtGaBHrQ=="/>
    <POI MapID="1165" xpos="208.719" ypos="801.266" zpos="-2.19433" type="resourcenode.plant.orichalcum.flax" GUID="yc3SKl/2oUSB2MSxgvoWbQ=="/>
    <POI MapID="1165" xpos="196.094" ypos="800.214" zpos="-4.36821" type="resourcenode.plant.orichalcum.flax" GUID="rKSDVZcEs02dPyQy5eqj1g=="/>
    <POI MapID="1165" xpos="164.885" ypos="770.379" zpos="12.9245" type="resourcenode.plant.orichalcum.flax" GUID="7AA3qSXxvkm0hV7Wy58AUg=="/>
    <POI MapID="1165" xpos="164.509" ypos="769.184" zpos="6.12483" type="resourcenode.plant.orichalcum.flax" GUID="qRBzlBP7skyfNtGiJ6K7Gw=="/>
    <POI MapID="1165" xpos="144.028" ypos="825.031" zpos="135.76" type="resourcenode.plant.orichalcum.flax" GUID="pozpP7lDLUmwMRajfVsOWQ=="/>
    <POI MapID="1165" xpos="150.182" ypos="825.531" zpos="136.483" type="resourcenode.plant.orichalcum.flax" GUID="RgmKol5SPE610lQhRNg1Fw=="/>
    <POI MapID="1165" xpos="204.066" ypos="800.209" zpos="-6.88146" type="resourcenode.plant.orichalcum.flax" GUID="IDDCpJicOEOGi9aVZBZDdQ=="/>
    <POI MapID="1195" xpos="547.062" ypos="107.386" zpos="-458.511" type="resourcenode.plant.orichalcum.flax" GUID="OGfAG5uN302LO8ylurn1rQ=="/>
    <POI MapID="1195" xpos="538.512" ypos="106.021" zpos="-457.779" type="resourcenode.plant.orichalcum.flax" GUID="QSeCZnYI/U+rT3EWQyXRPw=="/>
    <POI MapID="1195" xpos="530.963" ypos="104.784" zpos="-460.298" type="resourcenode.plant.orichalcum.flax" GUID="xNdAkbF+YEynR6jpwo0+0g=="/>
    <POI MapID="1195" xpos="527.038" ypos="103.603" zpos="-465.821" type="resourcenode.plant.orichalcum.flax" GUID="KZNiWtOs00mDcjqy2xwyHw=="/>
    <POI MapID="1195" xpos="527.022" ypos="102.275" zpos="-473.715" type="resourcenode.plant.orichalcum.flax" GUID="zY9pH7xwvUaX1T0DGqSM3w=="/>
    <POI MapID="1195" xpos="532.876" ypos="102.542" zpos="-479.658" type="resourcenode.plant.orichalcum.flax" GUID="hx3HmTm8jka4OSdg3iaUug=="/>
    <POI MapID="1195" xpos="539.842" ypos="104.645" zpos="-482.462" type="resourcenode.plant.orichalcum.flax" GUID="pms5v48tFEyY7852vmNbig=="/>
    <POI MapID="1195" xpos="547.887" ypos="107.292" zpos="-481.132" type="resourcenode.plant.orichalcum.flax" GUID="NTb8ZgBKsk6dyYWU6KKbSQ=="/>
    <POI MapID="1195" xpos="553.062" ypos="108.204" zpos="-473.009" type="resourcenode.plant.orichalcum.flax" GUID="NXy8J8eLLkOVTUuTLo8nnQ=="/>
    <POI MapID="1195" xpos="554.155" ypos="108.468" zpos="-464.21" type="resourcenode.plant.orichalcum.flax" GUID="+ZVY6lhsr0K5wP8WgobCGA=="/>
    <POI MapID="1210" xpos="-400.216" ypos="50.1236" zpos="516.16" type="resourcenode.plant.orichalcum.flax" GUID="XHgr7tqgWUij63E4bx/oag=="/>
    <POI MapID="1210" xpos="-255.53" ypos="0.329947" zpos="-175.663" type="resourcenode.plant.orichalcum.flax" GUID="uLmi5MIJU0W8cARrwmafdw=="/>
    <POI MapID="1210" xpos="119.459" ypos="1.14185" zpos="281.246" type="resourcenode.plant.orichalcum.flax" GUID="NM26fhGMpEqx8a415ZRqVQ=="/>
    <POI MapID="1210" xpos="-188.991" ypos="2.07548" zpos="-88.4726" type="resourcenode.plant.orichalcum.flax" GUID="i6CkuTCVzUOD79U4ONBmkg=="/>
    <POI MapID="1210" xpos="-292.567" ypos="4.06154" zpos="-518.886" type="resourcenode.plant.orichalcum.flax" GUID="iU6hycUye0Cjn1sSnpcmyw=="/>
    <POI MapID="1041" xpos="752.975" ypos="50.1584" zpos="726.075" type="resourcenode.plant.orichalcum.flax" GUID="lgzUpctwEUGkER/A9SWkdw=="/>
    <POI MapID="1041" xpos="746.862" ypos="47.5103" zpos="746.28" type="resourcenode.plant.orichalcum.flax" GUID="Dg4QyjQRrkSrHaKnzEhUvQ=="/>
    <POI MapID="1052" xpos="188.07" ypos="380.631" zpos="-193.243" type="resourcenode.plant.orichalcum.flax" GUID="s7ZJ7mXDhU6JmNd9L6yoVw=="/>
    <POI MapID="1052" xpos="284.312" ypos="335.895" zpos="-94.5283" type="resourcenode.plant.orichalcum.flax" GUID="hPzBqg8bqEWTTufFPUeZ4Q=="/>
    <POI MapID="1041" xpos="418.525" ypos="29.9844" zpos="504.252" type="resourcenode.plant.orichalcum.flax" GUID="Dfxy37gHGkS0BDia6maOBw=="/>
    <POI MapID="1041" xpos="363.401" ypos="32.293" zpos="513.879" type="resourcenode.plant.orichalcum.flax" GUID="YwxIpqH41Ee4bjAQCrNJqg=="/>
    <POI MapID="1041" xpos="853.949" ypos="64.2473" zpos="85.7653" type="resourcenode.plant.orichalcum.flax" GUID="bFpfpJW74ke9o/i3nH37WQ=="/>
    <POI MapID="1041" xpos="745.191" ypos="54.5156" zpos="54.3187" type="resourcenode.plant.orichalcum.flax" GUID="hEaFW+9Qh06uPrbWvwjm1g=="/>
    <POI MapID="1041" xpos="-186.444" ypos="85.1336" zpos="313.174" type="resourcenode.plant.orichalcum.flax" GUID="TwDxpEAZlEm4gghuTEEstQ=="/>
    <POI MapID="1041" xpos="183.975" ypos="108.071" zpos="-15.8927" type="resourcenode.plant.orichalcum.flax" GUID="1jvuWva9NUS26TxJqkEFzg=="/>
    <POI MapID="1041" xpos="177.355" ypos="51.6282" zpos="612.917" type="resourcenode.plant.orichalcum.flax" GUID="QActq+0rFkC3PGKKXKtZhw=="/>
    <POI MapID="1045" xpos="663.15" ypos="230.209" zpos="-313.229" type="resourcenode.plant.orichalcum.flax" GUID="540k5UqK6U6+YreoE/O4qw=="/>
    <POI MapID="1045" xpos="754.017" ypos="223.149" zpos="-349.544" type="resourcenode.plant.orichalcum.flax" GUID="7xFNIeW0rE+yi79Z9DTXOQ=="/>
    <POI MapID="1043" xpos="-105.649" ypos="274.438" zpos="-448.813" type="resourcenode.plant.orichalcum.flax" GUID="Jrd5WUwgR0uKVhPSOyxpfA=="/>
    <POI MapID="1043" xpos="207.506" ypos="304.507" zpos="233.855" type="resourcenode.plant.orichalcum.flax" GUID="/dQv0UTXdkGsJrSNXkcQ9g=="/>
    <POI MapID="1210" xpos="-237.581" ypos="1.3475" zpos="-364.555" type="resourcenode.plant.orichalcum.flax" GUID="Fzly+ZghY0uxwcRSd8aZxQ=="/>
    <POI MapID="1210" xpos="47.1016" ypos="11.4927" zpos="-130.969" type="resourcenode.plant.orichalcum.flax" GUID="+4uWwHNVs0ukU10uKUb0yQ=="/>
    <POI MapID="1211" xpos="646.703" ypos="251.181" zpos="652.033" type="resourcenode.plant.orichalcum.flax" GUID="8xATCzcYe0uqzhetdG5HBA=="/>
    <POI MapID="1228" xpos="1019.14" ypos="17.18" zpos="139.228" type="resourcenode.plant.orichalcum.flax" GUID="gALzya8830Gn121L+K+Qdg=="/>
    <POI MapID="1228" xpos="1016.19" ypos="17.1781" zpos="141" type="resourcenode.plant.orichalcum.flax" GUID="u1sQ4VpnikyWO8cYsu6Bjw=="/>
    <POI MapID="1228" xpos="643.989" ypos="91.5526" zpos="642.336" type="resourcenode.plant.orichalcum.flax" GUID="RzDfDRrlxUeVoEKHmGvhdw=="/>
    <POI MapID="1248" xpos="-607.024" ypos="110.567" zpos="-499.057" type="resourcenode.plant.orichalcum.flax" GUID="RX/J/CIxS0KflRWhNDpxQw=="/>
    <POI MapID="1210" xpos="-518.308" ypos="1.2996" zpos="396.175" type="resourcenode.plant.orichalcum.flax" GUID="BvaV7KhvV0SFBnkIDKtimg=="/>
    <POI MapID="1211" xpos="64.6503" ypos="204.747" zpos="65.3082" type="resourcenode.plant.orichalcum.flax" GUID="6KWMLdpo8kWbxZQXX0gFBg=="/>
    <POI MapID="1211" xpos="114.279" ypos="272.507" zpos="417.519" type="resourcenode.plant.orichalcum.flax" GUID="OGz2mKETZEu9ApEmBb5/uw=="/>
    <POI MapID="1211" xpos="549.814" ypos="157.868" zpos="578.961" type="resourcenode.plant.orichalcum.flax" GUID="CTc/zBccIUGTGS9F2jrfVA=="/>
    <POI MapID="1211" xpos="446.206" ypos="236.172" zpos="218.322" type="resourcenode.plant.orichalcum.flax" GUID="ucixNJlAYUyirHPmsNMBsA=="/>
    <POI MapID="1211" xpos="553.176" ypos="209.736" zpos="326.623" type="resourcenode.plant.orichalcum.flax" GUID="eGAzmYFlsk6AdmfMMp+Rxg=="/>
    <POI MapID="1211" xpos="654.239" ypos="201.621" zpos="247.466" type="resourcenode.plant.orichalcum.flax" GUID="yHuaj54kq0iB63d8zb8IkQ=="/>
    <POI MapID="1210" xpos="-1001.61" ypos="0.270703" zpos="-555.34" type="resourcenode.plant.orichalcum.flax" GUID="AdlDivlOVUKOfSAVq1Jpuw=="/>
    <POI MapID="1210" xpos="-112.928" ypos="4.88089" zpos="-349.789" type="resourcenode.plant.orichalcum.flax" GUID="e05/LmL+UkK9Ycehp+Ykrg=="/>
    <POI MapID="1228" xpos="-100.617" ypos="26.1721" zpos="-113.779" type="resourcenode.plant.orichalcum.flax" GUID="WP4X4lZ/J0mJiO9mS2cB7w=="/>
    <POI MapID="1228" xpos="-923.968" ypos="0.113533" zpos="-219.301" type="resourcenode.plant.orichalcum.flax" GUID="4zfXS3ZMIEGOoFoOillvnQ=="/>
    <POI MapID="1211" xpos="-303.547" ypos="1.14532" zpos="-506.383" type="resourcenode.plant.orichalcum.flax" GUID="Ngk+3CalYke7L0JtrZjTsA=="/>
    <POI MapID="1228" xpos="1025.46" ypos="82.006" zpos="950.567" type="resourcenode.plant.orichalcum.flax" GUID="YgzIXNen/E2rd73TSWCaSw=="/>
    <POI MapID="1210" xpos="133.892" ypos="81.8817" zpos="532.232" type="resourcenode.plant.orichalcum.flax" GUID="elRnr0k1pEiWLCMYNCfmBA=="/>
    <POI MapID="1043" xpos="-588.135" ypos="202.378" zpos="-331.552" type="resourcenode.plant.orichalcum.flax" GUID="nfJPKkQQD0ic+BWgWmh4qQ=="/>
    <POI MapID="1043" xpos="553.943" ypos="323.86" zpos="-321.921" type="resourcenode.plant.orichalcum.flax" GUID="iIHPcRlWc0awMXfMgZXMhA=="/>
    <POI MapID="1043" xpos="-241.405" ypos="263.783" zpos="-746.135" type="resourcenode.plant.orichalcum.flax" GUID="dsXtJaApQUm1vXzCNKgB0g=="/>
    <POI MapID="1226" xpos="894.353" ypos="110.8" zpos="1219.84" type="resourcenode.plant.orichalcum.flax" GUID="lVAcZYlDgE+S+KTOaiItpw=="/>
    <POI MapID="1228" xpos="-653.978" ypos="39.729" zpos="321.53" type="resourcenode.plant.orichalcum.flax" GUID="7IOgaKlH+U6kJM9FS3EEjw=="/>
    <POI MapID="1211" xpos="-591.409" ypos="239.475" zpos="-160.376" type="resourcenode.plant.orichalcum.flax" GUID="j0J/BxIJkECAS9Jv3jRAHQ=="/>
    <POI MapID="1210" xpos="177.879" ypos="80.2912" zpos="-141.101" type="resourcenode.plant.orichalcum.flax" GUID="G3wJMPY/dU2pvZ3lxQNmtg=="/>
    <POI MapID="1248" xpos="-145.82" ypos="124.296" zpos="-254.89" type="resourcenode.plant.orichalcum.flax" GUID="1rBi2yVuEEiVTkmPk0PcYw=="/>
    <POI MapID="1248" xpos="-190.932" ypos="86.6707" zpos="-315.605" type="resourcenode.plant.orichalcum.flax" GUID="W+UmQzOC9km5M6DlHm3ZRA=="/>
    <POI MapID="1043" xpos="180.175" ypos="364.995" zpos="634.027" type="resourcenode.plant.orichalcum.flax" GUID="ZUq4P5kPz0OZca03obrjwQ=="/>
    <POI MapID="1043" xpos="-133.414" ypos="329.866" zpos="414.031" type="resourcenode.plant.orichalcum.flax" GUID="gfB0VbR6I0agryi9uHN+gg=="/>
    <POI MapID="1226" xpos="-14.0932" ypos="270.201" zpos="335.118" type="resourcenode.plant.orichalcum.flax" GUID="OT3nEN7O0k2jsJySBTIhqw=="/>
  </POIs>
</OverlayData>