<OverlayData>
  <MarkerCategory name="ResourceNode" DisplayName="Resource Nodes" data-class="fade-1" behavior="1" iconFile="Data/ResourceNode.png" data-iconFile="Data/ResourceNode.png" fadeFar="16800" fadeNear="8400" maxSize="256">
    <MarkerCategory name="Plant" iconFile="Data/ResourceNode/Plant.png" data-class="iconsize-0.35 poi-plant" data-iconFile="Data/Plant.png" heightOffset="1.6">
      <MarkerCategory name="Orichalcum" data-sort="true">
        <MarkerCategory name="Lotus"/>
      </MarkerCategory>
    </MarkerCategory>
  </MarkerCategory>
  <POIs>
    <POI MapID="62" xpos="-4.76945" ypos="-0.478632" zpos="236.58" type="resourcenode.plant.orichalcum.lotus" GUID="TI0EJZpp6EW6KBlg63hJuQ=="/>
    <POI MapID="62" xpos="144.148" ypos="-0.205482" zpos="-716.603" type="resourcenode.plant.orichalcum.lotus" GUID="fOI4+4bwqUiFK05tggq7Sw=="/>
    <POI MapID="62" xpos="158.014" ypos="-0.632918" zpos="-913.621" type="resourcenode.plant.orichalcum.lotus" GUID="CXnMpcev+kOygpmbNOysoA=="/>
    <POI MapID="62" xpos="-162.53" ypos="-0.485974" zpos="-569.421" type="resourcenode.plant.orichalcum.lotus" GUID="T9fOvaJ+vEu72VMy4LJ8Jw=="/>
    <POI MapID="65" xpos="749.693" ypos="0.0541735" zpos="103.368" type="resourcenode.plant.orichalcum.lotus" GUID="aZlYfwA4MEaT1CH8T53XWQ=="/>
    <POI MapID="62" xpos="-269.808" ypos="-0.734915" zpos="1021.52" type="resourcenode.plant.orichalcum.lotus" GUID="fRGPxs0s4U2vYYEFisep8Q=="/>
    <POI MapID="62" xpos="-380.175" ypos="-0.785616" zpos="1005.13" type="resourcenode.plant.orichalcum.lotus" GUID="yQSiIdqa6USdub4c4l7TQQ=="/>
    <POI MapID="248" xpos="128.866" ypos="82.5836" zpos="204.107" type="resourcenode.plant.orichalcum.lotus" GUID="PHDbZMaebkmVKMcUj17HSA=="/>
    <POI MapID="1175" xpos="-678.476" ypos="0.431942" zpos="-563.122" type="resourcenode.plant.orichalcum.lotus" GUID="wglydN5JJE2LUDHt6dgEmQ=="/>
    <POI MapID="1175" xpos="-720.085" ypos="-0.302702" zpos="-586.522" type="resourcenode.plant.orichalcum.lotus" GUID="DA+Gx60xXU2dSh2iY36YUA=="/>
    <POI MapID="1175" xpos="-557.713" ypos="0.237494" zpos="-645.2" type="resourcenode.plant.orichalcum.lotus" GUID="uVP/mnIE7kSnuxHhgtAzGQ=="/>
    <POI MapID="1175" xpos="-601.963" ypos="0.00840599" zpos="-588.438" type="resourcenode.plant.orichalcum.lotus" GUID="lOjZjGNv/Ue8nYHwnMlGFA=="/>
    <POI MapID="1185" xpos="-116.301" ypos="-0.680716" zpos="-409.853" type="resourcenode.plant.orichalcum.lotus" GUID="FsEFEplk3UGtATX/IVD0bw=="/>
    <POI MapID="1185" xpos="17.3925" ypos="31.7187" zpos="-482.162" type="resourcenode.plant.orichalcum.lotus" GUID="9sB+rfNOq0Wbe8WcMZRqmg=="/>
    <POI MapID="1185" xpos="10.6162" ypos="31.6659" zpos="-492.023" type="resourcenode.plant.orichalcum.lotus" GUID="mY5DTiMivkWm4yrQo4dTaQ=="/>
    <POI MapID="1185" xpos="-340.028" ypos="-0.680716" zpos="-614.405" type="resourcenode.plant.orichalcum.lotus" GUID="QBXxbAlaykis0TqDRWs9Mw=="/>
    <POI MapID="1185" xpos="-225.149" ypos="-0.680716" zpos="-701.255" type="resourcenode.plant.orichalcum.lotus" GUID="5bloXHyidkuJCGek8HjlKQ=="/>
    <POI MapID="1185" xpos="-124.927" ypos="88.0373" zpos="635.515" type="resourcenode.plant.orichalcum.lotus" GUID="yEbzl3Z++kKGyzEOgRQWQg=="/>
    <POI MapID="1185" xpos="-167.84" ypos="-0.654359" zpos="148.826" type="resourcenode.plant.orichalcum.lotus" GUID="s5FUUa3yXUa5/gcLL683Xw=="/>
    <POI MapID="1185" xpos="-78.3476" ypos="-0.68072" zpos="-340.052" type="resourcenode.plant.orichalcum.lotus" GUID="oNaAb9PSsEKgaNnVgZGe8w=="/>
    <POI MapID="1185" xpos="-93.8336" ypos="-0.676871" zpos="-310.243" type="resourcenode.plant.orichalcum.lotus" GUID="MPgdoXPzJU6yfSyYyJ6G8A=="/>
    <POI MapID="1210" xpos="-509.69" ypos="-10.1226" zpos="-464.308" type="resourcenode.plant.orichalcum.lotus" GUID="A2bz1rWV60WpRcq7ToFCtg=="/>
    <POI MapID="62" xpos="-21.9782" ypos="-0.624094" zpos="203.637" type="resourcenode.plant.orichalcum.lotus" GUID="3XOTnO12rkCHg4ZSW4uHlA=="/>
  </POIs>
</OverlayData>