<OverlayData>
  <MarkerCategory name="ResourceNode" DisplayName="Resource Nodes" fadeFar="16800" fadeNear="8400" iconFile="Data/ResourceNode.png" maxSize="256" behavior="1" data-class="fade-1" data-iconFile="Data/ResourceNode.png">
    <MarkerCategory name="Plant" iconFile="Data/ResourceNode/Plant.png" heightOffset="1.6" data-class="iconsize-0.35 poi-plant" data-iconFile="Data/Plant.png">
      <MarkerCategory name="Orichalcum" data-sort="true">
        <MarkerCategory name="Omnomberries" iconFile="Data/ResourceNode/Plant/Orichalcum/Omnomberries.png" iconSize="0.35" data-iconFile="Data/ResourceNode/Plant/Orichalcum/Omnomberries.png"/>
      </MarkerCategory>
    </MarkerCategory>
  </MarkerCategory>
  <POIs>
    <POI MapID="62" xpos="-107.422" ypos="8.30651" zpos="670.82" type="resourcenode.plant.orichalcum.omnomberries" GUID="wZ0WXNndIUGv+ztnEzLYZA=="/>
    <POI MapID="62" xpos="-35.9082" ypos="20.1275" zpos="85.0301" type="resourcenode.plant.orichalcum.omnomberries" GUID="XgiS6O2qAEi50jzwwZuGRA=="/>
    <POI MapID="62" xpos="-299.168" ypos="51.0741" zpos="-823.124" type="resourcenode.plant.orichalcum.omnomberries" GUID="9f4cL9CiR0aFHB/8JGqsXQ=="/>
    <POI MapID="62" xpos="-376.694" ypos="43.5309" zpos="-861.204" type="resourcenode.plant.orichalcum.omnomberries" GUID="0fu2mjDOAkyJ+NmxaqeOcw=="/>
    <POI MapID="62" xpos="-236.766" ypos="18.4599" zpos="395.239" type="resourcenode.plant.orichalcum.omnomberries" GUID="rMdyTvPj+0yl0816FlMBbQ=="/>
    <POI MapID="62" xpos="-297.056" ypos="50.7195" zpos="-784.756" type="resourcenode.plant.orichalcum.omnomberries" GUID="F6cARf0XvUCk8EJYaBqAYw=="/>
    <POI MapID="65" xpos="789.477" ypos="30.0665" zpos="-273.481" type="resourcenode.plant.orichalcum.omnomberries" GUID="wLbP9VIvIkmR/iB9huaEEw=="/>
    <POI MapID="65" xpos="791.845" ypos="39.2497" zpos="-296.076" type="resourcenode.plant.orichalcum.omnomberries" GUID="j+PVuJM7wk+dNnL5/6gIOA=="/>
    <POI MapID="65" xpos="-422.486" ypos="9.21685" zpos="-259.663" type="resourcenode.plant.orichalcum.omnomberries" GUID="eYsYPXDUR0KkLyrZMklj/g=="/>
    <POI MapID="62" xpos="-314.372" ypos="46.9891" zpos="-725.674" type="resourcenode.plant.orichalcum.omnomberries" GUID="YmM5VrZVq0mh5wMm0Z3LhQ=="/>
    <POI MapID="248" xpos="134.73" ypos="82.3594" zpos="199.747" type="resourcenode.plant.orichalcum.omnomberries" GUID="Dj9B5NztbU+y47aEAmtvFA=="/>
    <POI MapID="62" xpos="-364.891" ypos="2.19681" zpos="1001.85" type="resourcenode.plant.orichalcum.omnomberries" GUID="aiODFbiMDkikgg3/vUZYWA=="/>
    <POI MapID="62" xpos="-78.2122" ypos="15.9738" zpos="30.3581" type="resourcenode.plant.orichalcum.omnomberries" GUID="4hypODkny06b9tPuUfAStg=="/>
    <POI MapID="375" xpos="127.683" ypos="343.42" zpos="-276.493" type="resourcenode.plant.orichalcum.omnomberries" GUID="1typqUmeN0uuu/5Mclh5tQ=="/>
    <POI MapID="1203" xpos="-385.271" ypos="93.3236" zpos="1.09777" type="resourcenode.plant.orichalcum.omnomberries" GUID="+WxXOZzlvkmuBdVwKs2IHA=="/>
    <POI MapID="1203" xpos="-542.37" ypos="66.7393" zpos="-77.324" type="resourcenode.plant.orichalcum.omnomberries" GUID="ojdcF8VMCk+4IBm7ELyY3Q=="/>
    <POI MapID="1203" xpos="-602.629" ypos="67.5094" zpos="9.53037" type="resourcenode.plant.orichalcum.omnomberries" GUID="Pr34Mu7rj0C8JMz+j/hstw=="/>
    <POI MapID="1203" xpos="-245.045" ypos="15.1625" zpos="38.1827" type="resourcenode.plant.orichalcum.omnomberries" GUID="bBvo+6YaAEWc4KSAoeG7pw=="/>
    <POI MapID="1203" xpos="-151.446" ypos="7.37976" zpos="38.0731" type="resourcenode.plant.orichalcum.omnomberries" GUID="2RXoqKkd6Uy1C38S1eBMZw=="/>
    <POI MapID="1203" xpos="-911.712" ypos="68.4654" zpos="-54.796" type="resourcenode.plant.orichalcum.omnomberries" GUID="Vu9bFFbrG06GL/VhGJDnpA=="/>
    <POI MapID="1203" xpos="-203.015" ypos="17.8751" zpos="74.0351" type="resourcenode.plant.orichalcum.omnomberries" GUID="/RUHvcl8uEG/1xC6ETjZYA=="/>
    <POI MapID="1203" xpos="-315.172" ypos="32.3951" zpos="37.4668" type="resourcenode.plant.orichalcum.omnomberries" GUID="oxzzA4c0Yk+tlL/XN3idXQ=="/>
    <POI MapID="1203" xpos="-553.79" ypos="31.94" zpos="-172.696" type="resourcenode.plant.orichalcum.omnomberries" GUID="ekgjgeWxh0auxhIl253Mzg=="/>
    <POI MapID="1203" xpos="-486.07" ypos="94.7882" zpos="42.0133" type="resourcenode.plant.orichalcum.omnomberries" GUID="HHepVja/7Um7Pwkx62CWJw=="/>
    <POI MapID="1203" xpos="-338.111" ypos="31.6284" zpos="10.8116" type="resourcenode.plant.orichalcum.omnomberries" GUID="QMtCplylK0+qzQbsr+0PRQ=="/>
    <POI MapID="1203" xpos="-297.275" ypos="21.8439" zpos="-6.98736" type="resourcenode.plant.orichalcum.omnomberries" GUID="zjWJvIyUG0eahKxKk2PEmA=="/>
    <POI MapID="62" xpos="-93.5503" ypos="20.7793" zpos="74.585" type="resourcenode.plant.orichalcum.omnomberries" GUID="hGmKypEX3kW06HXgT6C7iA=="/>
  </POIs>
</OverlayData>