<OverlayData>
  <MarkerCategory name="ResourceNode" DisplayName="Resource Nodes" data-class="fade-1" behavior="1" iconFile="Data/ResourceNode.png" data-iconFile="Data/ResourceNode.png" fadeFar="16800" fadeNear="8400" maxSize="256">
    <MarkerCategory name="Plant" iconFile="Data/ResourceNode/Plant.png" data-class="iconsize-0.35 poi-plant" data-iconFile="Data/Plant.png" heightOffset="1.6">
      <MarkerCategory name="Orichalcum" data-sort="true">
        <MarkerCategory name="Lentils" iconFile="Data/ResourceNode/Plant/Orichalcum/Lentils.png" data-iconFile="Data/ResourceNode/Plant/Orichalcum/Lentils.png" iconSize="0.35"/>
      </MarkerCategory>
    </MarkerCategory>
  </MarkerCategory>
  <POIs>
    <POI MapID="1210" xpos="-110.874" ypos="10.5898" zpos="-61.0705" type="resourcenode.plant.orichalcum.lentils" GUID="iqn4tJalp06q7y5Q13e3QQ=="/>
    <POI MapID="1210" xpos="-526.517" ypos="20.1055" zpos="-647.642" type="resourcenode.plant.orichalcum.lentils" GUID="vmhsnc4QukS15IgCXUN1XQ=="/>
    <POI MapID="1210" xpos="-1230.68" ypos="5.28646" zpos="463.238" type="resourcenode.plant.orichalcum.lentils" GUID="jQs/AJg/w0SaqYVR+WIiCA=="/>
    <POI MapID="1210" xpos="-822.041" ypos="15.331" zpos="306.048" type="resourcenode.plant.orichalcum.lentils" GUID="ezC+x2vVjUChMMv76ysQ6Q=="/>
    <POI MapID="1211" xpos="580.315" ypos="251.857" zpos="681.713" type="resourcenode.plant.orichalcum.lentils" GUID="EFD3CBeG9U+iZcbVEn6bmQ=="/>
    <POI MapID="1228" xpos="680.419" ypos="0.185931" zpos="-103.446" type="resourcenode.plant.orichalcum.lentils" GUID="KbamvDT+kUmf5ll7nsFxgw=="/>
    <POI MapID="1210" xpos="212.254" ypos="80.2169" zpos="477.343" type="resourcenode.plant.orichalcum.lentils" GUID="+UgN+QwZskCwRCS9FMC9XA=="/>
    <POI MapID="1211" xpos="269.831" ypos="250.418" zpos="282.374" type="resourcenode.plant.orichalcum.lentils" GUID="u50IjH0gpUCJaNj/l20jTw=="/>
    <POI MapID="1228" xpos="-487.156" ypos="69.2183" zpos="530.46" type="resourcenode.plant.orichalcum.lentils" GUID="tt8EL7UPU0GwDmmR4bNu5w=="/>
    <POI MapID="1228" xpos="382.399" ypos="0.540925" zpos="-586.489" type="resourcenode.plant.orichalcum.lentils" GUID="bS9ALlAl50+ChgSZP/CTTw=="/>
    <POI MapID="1226" xpos="341.343" ypos="0.338248" zpos="1481.52" type="resourcenode.plant.orichalcum.lentils" GUID="Zwhf+p01jkGwoNpdbnMePg=="/>
    <POI MapID="1226" xpos="368.795" ypos="317.832" zpos="-840.293" type="resourcenode.plant.orichalcum.lentils" GUID="G5eybJE8+E63OnhPZ2I5Yw=="/>
    <POI MapID="1228" xpos="-225.408" ypos="24.2732" zpos="92.5401" type="resourcenode.plant.orichalcum.lentils" GUID="s8T2b+YiVUKNHEIQOD/6JA=="/>
    <POI MapID="1210" xpos="1097.89" ypos="44.8015" zpos="-392.391" type="resourcenode.plant.orichalcum.lentils" GUID="rtS1ivzCQUenYkp/8JkG0A=="/>
    <POI MapID="1210" xpos="1150.72" ypos="3.11863" zpos="-315.379" type="resourcenode.plant.orichalcum.lentils" GUID="B3eXJhW87k+rMH8Dn+8pfA=="/>
    <POI MapID="1248" xpos="-1197.79" ypos="154.469" zpos="473.859" type="resourcenode.plant.orichalcum.lentils" GUID="GAaSXiqlEUWwNn/ERwxZ6Q=="/>
    <POI MapID="1248" xpos="-1360.61" ypos="149.657" zpos="416.045" type="resourcenode.plant.orichalcum.lentils" GUID="m5yNxKY5dEWoEu78D8/4OA=="/>
    <POI MapID="1211" xpos="-231.169" ypos="246.697" zpos="396.315" type="resourcenode.plant.orichalcum.lentils" GUID="NhwSUzXgh0SiH8HMHnrYyQ=="/>
    <POI MapID="1211" xpos="-21.8413" ypos="249.111" zpos="205.875" type="resourcenode.plant.orichalcum.lentils" GUID="kag6Dv7m1E+LLmkvbNWmZw=="/>
    <POI MapID="1211" xpos="-486.181" ypos="1.21575" zpos="-633.646" type="resourcenode.plant.orichalcum.lentils" GUID="iunBizKwF0OgM6YtPmYgeg=="/>
    <POI MapID="1210" xpos="728.913" ypos="43.5125" zpos="226.508" type="resourcenode.plant.orichalcum.lentils" GUID="V9b5BU+6Q0CIG1y541GCog=="/>
    <POI MapID="1226" xpos="-496.471" ypos="288.677" zpos="-99.597" type="resourcenode.plant.orichalcum.lentils" GUID="d0jKOHC+OUK+R5hgrpARfw=="/>
    <POI MapID="1210" xpos="-860.189" ypos="5.32618" zpos="384.758" type="resourcenode.plant.orichalcum.lentils" GUID="oYtNS4l1akS9trDzzskFAQ=="/>
    <POI MapID="1226" xpos="-774.7" ypos="245.223" zpos="-296.414" type="resourcenode.plant.orichalcum.lentils" GUID="t6O6sF1ekEiwXNY55kc8xQ=="/>
    <POI MapID="1226" xpos="-335.449" ypos="288.884" zpos="146.545" type="resourcenode.plant.orichalcum.lentils" GUID="KarJE1CXw0WZwWRZaEmR+g=="/>
    <POI MapID="1210" xpos="-264.187" ypos="0.375501" zpos="-435.157" type="resourcenode.plant.orichalcum.lentils" GUID="4AV1irUGLkqOCCd/3m40wQ=="/>
    <POI MapID="1210" xpos="353.352" ypos="34.8161" zpos="-131.34" type="resourcenode.plant.orichalcum.lentils" GUID="/0ADyfrkTEueUI527Um47A=="/>
    <POI MapID="1210" xpos="943.246" ypos="205.215" zpos="612.529" type="resourcenode.plant.orichalcum.lentils" GUID="WJazneBqXUWoKUvMJmmYBQ=="/>
    <POI MapID="1210" xpos="850.58" ypos="203.271" zpos="597.453" type="resourcenode.plant.orichalcum.lentils" GUID="e1KqsoqJaUuLKQRB5y7WSQ=="/>
    <POI MapID="1228" xpos="754.262" ypos="100.461" zpos="661.466" type="resourcenode.plant.orichalcum.lentils" GUID="QSwiMnZEtEiUBc8pTVAvcw=="/>
    <POI MapID="1210" xpos="-183.474" ypos="0.665243" zpos="-241.951" type="resourcenode.plant.orichalcum.lentils" GUID="DC2d4ONOkE6/oCBFaza7tg=="/>
    <POI MapID="1210" xpos="-201.953" ypos="1.04575" zpos="-180.682" type="resourcenode.plant.orichalcum.lentils" GUID="06blIhspXkalrx8NxF7Vvg=="/>
    <POI MapID="1228" xpos="1049.74" ypos="52.1189" zpos="449.397" type="resourcenode.plant.orichalcum.lentils" GUID="tfTkQtfHakGr1oMNuoUShw=="/>
    <POI MapID="1226" xpos="582.136" ypos="253.122" zpos="-939.101" type="resourcenode.plant.orichalcum.lentils" GUID="S0TPK2ZYyEm9WZDSlqZu6Q=="/>
    <POI MapID="1226" xpos="-578.472" ypos="233.259" zpos="-604.083" type="resourcenode.plant.orichalcum.lentils" GUID="K75P2UFS2Ua1lnaTsA07Ew=="/>
    <POI MapID="1226" xpos="-887.826" ypos="288.3" zpos="-537.024" type="resourcenode.plant.orichalcum.lentils" GUID="HbUJvfFHQUGaAE8y7sj+Qw=="/>
    <POI MapID="1228" xpos="246.832" ypos="74.6982" zpos="382.702" type="resourcenode.plant.orichalcum.lentils" GUID="C3M9pq4FLUKLYQQbw6G3Aw=="/>
    <POI MapID="1210" xpos="1137.73" ypos="178.036" zpos="390.943" type="resourcenode.plant.orichalcum.lentils" GUID="TNG1Y9haZky8AxOOhAbv/A=="/>
    <POI MapID="1211" xpos="-93.799" ypos="140.058" zpos="-215.698" type="resourcenode.plant.orichalcum.lentils" GUID="UGdGtKwALk6RGEwOFZzoag=="/>
    <POI MapID="1211" xpos="594.758" ypos="148.324" zpos="290.306" type="resourcenode.plant.orichalcum.lentils" GUID="Sa6v82DqG0CK+reZXzSI6w=="/>
    <POI MapID="1210" xpos="-1203.09" ypos="2.06162" zpos="20.5171" type="resourcenode.plant.orichalcum.lentils" GUID="cRCEYGeJhkqtFqBTxpp1Hg=="/>
    <POI MapID="1228" xpos="1017.07" ypos="17.4347" zpos="144.931" type="resourcenode.plant.orichalcum.lentils" GUID="hCHzi+Aqj0CK5CDyCfFNfg=="/>
    <POI MapID="1210" xpos="820.358" ypos="166.941" zpos="76.8984" type="resourcenode.plant.orichalcum.lentils" GUID="eoFem6zf3k674fagZJpC1Q=="/>
    <POI MapID="1226" xpos="708.93" ypos="272.126" zpos="-581.063" type="resourcenode.plant.orichalcum.lentils" GUID="zURjXlI8JUOwdCWq1sVDZQ=="/>
    <POI MapID="1226" xpos="180.483" ypos="261.314" zpos="-518.646" type="resourcenode.plant.orichalcum.lentils" GUID="TURCUOwRhEKCeuOqQwaiKA=="/>
    <POI MapID="1226" xpos="158.937" ypos="266.091" zpos="335.505" type="resourcenode.plant.orichalcum.lentils" GUID="Pzb1hTIRJESrn8yKh+8T6w=="/>
    <POI MapID="1226" xpos="655.014" ypos="252.482" zpos="386.565" type="resourcenode.plant.orichalcum.lentils" GUID="1CiUsibGrEiJFxBmwIKadA=="/>
  </POIs>
</OverlayData>