<OverlayData>
  <MarkerCategory name="ResourceNode" DisplayName="Resource Nodes" fadeFar="16800" fadeNear="8400" iconFile="Data/ResourceNode.png" maxSize="256" behavior="1" data-class="fade-1" data-iconFile="Data/ResourceNode.png">
    <MarkerCategory name="Plant" iconFile="Data/ResourceNode/Plant.png" heightOffset="1.6" data-class="iconsize-0.35 poi-plant" data-iconFile="Data/Plant.png">
      <MarkerCategory name="Orichalcum" data-sort="true">
        <MarkerCategory name="JunglePlants" DisplayName="Jungle Plants" iconFile="Data/ResourceNode/Plant/Orichalcum/JunglePlants.png" iconSize="0.35" data-iconFile="Data/ResourceNode/Plant/Orichalcum/JunglePlants.png"/>
      </MarkerCategory>
    </MarkerCategory>
  </MarkerCategory>
  <POIs>
    <POI MapID="1165" xpos="122.081" ypos="741.618" zpos="145.334" type="resourcenode.plant.orichalcum.jungleplants" GUID="c0RxbZTDhU+aMgnvOD9HXg=="/>
    <POI MapID="1165" xpos="-29.1776" ypos="542.964" zpos="-112.728" type="resourcenode.plant.orichalcum.jungleplants" GUID="XWLPsf+dy0W3CksWcEVKHA=="/>
    <POI MapID="1165" xpos="-92.6468" ypos="534.419" zpos="-47.9845" type="resourcenode.plant.orichalcum.jungleplants" GUID="8fmGe502sE2zD+EU3PUkrQ=="/>
    <POI MapID="1165" xpos="-176.148" ypos="537.567" zpos="-58.9358" type="resourcenode.plant.orichalcum.jungleplants" GUID="aKGzrxd1MUuIve5t8UGjkA=="/>
    <POI MapID="1175" xpos="-702.432" ypos="43.0535" zpos="-729.236" type="resourcenode.plant.orichalcum.jungleplants" GUID="FjH+OfekykemyZt0rzyHBg=="/>
    <POI MapID="1175" xpos="-701.677" ypos="14.7328" zpos="-668.608" type="resourcenode.plant.orichalcum.jungleplants" GUID="KXUdpWcmzUqIqvVbc5WsZA=="/>
    <POI MapID="1175" xpos="-650.801" ypos="58.1725" zpos="-784.963" type="resourcenode.plant.orichalcum.jungleplants" GUID="DGglyyRoqkiRQYULrr0ogw=="/>
    <POI MapID="1175" xpos="-666.638" ypos="45.7223" zpos="-718.602" type="resourcenode.plant.orichalcum.jungleplants" GUID="M/HOJITqHEyg+SLahM1JDA=="/>
    <POI MapID="1043" xpos="375.069" ypos="283.988" zpos="161.39" type="resourcenode.plant.orichalcum.jungleplants" GUID="o34LVGRTbUeQ2mQvXAKArA=="/>
    <POI MapID="1043" xpos="471.97" ypos="293.376" zpos="80.7663" type="resourcenode.plant.orichalcum.jungleplants" GUID="1Kfc7P3PvUCzdcksBaKnnA=="/>
    <POI MapID="1043" xpos="-17.7637" ypos="77.1278" zpos="-35.9226" type="resourcenode.plant.orichalcum.jungleplants" GUID="Y42uyBiFjE24XLk2az3bYQ=="/>
    <POI MapID="1043" xpos="-37.0076" ypos="74.8161" zpos="20.7071" type="resourcenode.plant.orichalcum.jungleplants" GUID="ZgQLjecLMUyUCE8cXZmytA=="/>
    <POI MapID="1045" xpos="-152.767" ypos="233.041" zpos="-183.403" type="resourcenode.plant.orichalcum.jungleplants" GUID="8STR0wn320izf4Kj+5B2og=="/>
    <POI MapID="1045" xpos="-222.95" ypos="222.172" zpos="-325.905" type="resourcenode.plant.orichalcum.jungleplants" GUID="SZBJ7eT43UO60ElKNisEzg=="/>
    <POI MapID="1045" xpos="-39.3135" ypos="220.707" zpos="-250.517" type="resourcenode.plant.orichalcum.jungleplants" GUID="ZCFzQIzNW02MeuQzl2VHYw=="/>
    <POI MapID="1041" xpos="229.492" ypos="119.128" zpos="39.4219" type="resourcenode.plant.orichalcum.jungleplants" GUID="ycOvkE/hWEqCtHPy7w5rXA=="/>
    <POI MapID="1041" xpos="478.815" ypos="92.7136" zpos="-249.586" type="resourcenode.plant.orichalcum.jungleplants" GUID="lzWZ90rVB0C86/X9hMeOqg=="/>
    <POI MapID="1041" xpos="405.326" ypos="88.9062" zpos="-285.646" type="resourcenode.plant.orichalcum.jungleplants" GUID="1soZ49hkjU24lvoiLo1+KA=="/>
    <POI MapID="1041" xpos="331.197" ypos="109.365" zpos="84.1812" type="resourcenode.plant.orichalcum.jungleplants" GUID="gIsC50pe70qiHquipLuQwQ=="/>
    <POI MapID="1041" xpos="61.9134" ypos="55.0585" zpos="606.583" type="resourcenode.plant.orichalcum.jungleplants" GUID="eBiE60S3z0KHYiOL1QfQ0Q=="/>
    <POI MapID="1041" xpos="28.496" ypos="68.1816" zpos="535.492" type="resourcenode.plant.orichalcum.jungleplants" GUID="k6JzIG4CRkemDJLcjFJWSg=="/>
    <POI MapID="1041" xpos="392.511" ypos="124.631" zpos="165.698" type="resourcenode.plant.orichalcum.jungleplants" GUID="QUY5MEIdIkGsnpAbCPLGoQ=="/>
    <POI MapID="1043" xpos="-360.99" ypos="281.145" zpos="-771.186" type="resourcenode.plant.orichalcum.jungleplants" GUID="lCX8VuKTbkmGdKsgcJbfjw=="/>
    <POI MapID="1045" xpos="-325.941" ypos="197.185" zpos="-326.212" type="resourcenode.plant.orichalcum.jungleplants" GUID="rm1Mg+E/oE2h++1CUUKRAw=="/>
    <POI MapID="1041" xpos="-30.4942" ypos="102.342" zpos="742.462" type="resourcenode.plant.orichalcum.jungleplants" GUID="z88ztEfy0k2Yq4zmmBWAGA=="/>
    <POI MapID="1041" xpos="514.659" ypos="0.240887" zpos="400.136" type="resourcenode.plant.orichalcum.jungleplants" GUID="/u2osEgFL0emGzCKQMQRRQ=="/>
    <POI MapID="1041" xpos="437.195" ypos="0.839401" zpos="391.62" type="resourcenode.plant.orichalcum.jungleplants" GUID="FlFEfPFVdU+yGi1eSNl8rQ=="/>
    <POI MapID="1041" xpos="-164.195" ypos="65.787" zpos="289.124" type="resourcenode.plant.orichalcum.jungleplants" GUID="HzMTJpNP2kqDs7wakFIzzA=="/>
    <POI MapID="1041" xpos="162.628" ypos="106.498" zpos="-26.5553" type="resourcenode.plant.orichalcum.jungleplants" GUID="nUqMsI4x4kmkuFD+uYXgLw=="/>
    <POI MapID="1041" xpos="450.421" ypos="84.1416" zpos="-286.352" type="resourcenode.plant.orichalcum.jungleplants" GUID="js86TxKL1ESohVM+Rl174g=="/>
    <POI MapID="1041" xpos="489.55" ypos="76.5826" zpos="290.573" type="resourcenode.plant.orichalcum.jungleplants" GUID="/H5N66HNV0ydp8kO6cN3kQ=="/>
    <POI MapID="1052" xpos="-490.898" ypos="717.998" zpos="-185.282" type="resourcenode.plant.orichalcum.jungleplants" GUID="n3LwI/Uwwkizf6eoXdAZJw=="/>
    <POI MapID="1052" xpos="-368.11" ypos="526.154" zpos="-360.623" type="resourcenode.plant.orichalcum.jungleplants" GUID="XSXTizlmXUuMJ+3T9OsdZw=="/>
    <POI MapID="1052" xpos="946.776" ypos="380.709" zpos="-8.4639" type="resourcenode.plant.orichalcum.jungleplants" GUID="1hhLUzni8Uu6iUe7mamLWA=="/>
    <POI MapID="1195" xpos="297.626" ypos="252.477" zpos="-669.658" type="resourcenode.plant.orichalcum.jungleplants" GUID="iWmIMvn5dEun1xMNnYRcQA=="/>
    <POI MapID="1195" xpos="255.446" ypos="181.776" zpos="-854.515" type="resourcenode.plant.orichalcum.jungleplants" GUID="fFAvm6QoW0mqjPqQ17m38g=="/>
    <POI MapID="1195" xpos="-255.695" ypos="51.1307" zpos="-605.928" type="resourcenode.plant.orichalcum.jungleplants" GUID="O9YFC7T66EesEuLTi5+J3A=="/>
    <POI MapID="1195" xpos="-175.874" ypos="152.832" zpos="-721.594" type="resourcenode.plant.orichalcum.jungleplants" GUID="nJt08feYnEOHkxXCmt4awQ=="/>
    <POI MapID="1195" xpos="617.709" ypos="242.667" zpos="-279.922" type="resourcenode.plant.orichalcum.jungleplants" GUID="ceNIgH4Ej0qatrqZ4nQYtA=="/>
    <POI MapID="1165" xpos="175.392" ypos="762.298" zpos="-21.9004" type="resourcenode.plant.orichalcum.jungleplants" GUID="8p/R2Qq3xUu7SmVSgUXknA=="/>
    <POI MapID="1195" xpos="-358.079" ypos="107.426" zpos="-337.068" type="resourcenode.plant.orichalcum.jungleplants" GUID="qqt3JDZGUECD6FkCSWQJXw=="/>
    <POI MapID="1195" xpos="-402.031" ypos="97.7848" zpos="-256.502" type="resourcenode.plant.orichalcum.jungleplants" GUID="51TrfFetCE+ggQ666vJ5Bg=="/>
    <POI MapID="1195" xpos="-317.242" ypos="69.7057" zpos="-236.362" type="resourcenode.plant.orichalcum.jungleplants" GUID="v0DdaAnI302vEcVPPWMB4A=="/>
    <POI MapID="1195" xpos="-248.835" ypos="29.4897" zpos="-240.894" type="resourcenode.plant.orichalcum.jungleplants" GUID="CrtUvmKL5UC+G5VeO1wmbA=="/>
    <POI MapID="1195" xpos="-338.574" ypos="41.7353" zpos="-617.399" type="resourcenode.plant.orichalcum.jungleplants" GUID="g9j8EVVT0UuM6fhU9ZM8ig=="/>
    <POI MapID="1195" xpos="-43.2998" ypos="281.31" zpos="128.144" type="resourcenode.plant.orichalcum.jungleplants" GUID="H7C1zMIMT0a+YMyDzudhFw=="/>
    <POI MapID="1195" xpos="-93.3744" ypos="235.477" zpos="-135.45" type="resourcenode.plant.orichalcum.jungleplants" GUID="pbAKsmtMnUK9mqCF9LOZ9g=="/>
    <POI MapID="1195" xpos="-254.977" ypos="38.4689" zpos="-561.581" type="resourcenode.plant.orichalcum.jungleplants" GUID="wOTMa5wq00O+Bpo98RuJcw=="/>
    <POI MapID="1195" xpos="-114.449" ypos="160.064" zpos="-632.723" type="resourcenode.plant.orichalcum.jungleplants" GUID="4Axub0w4IEaGyRzkPKsRpg=="/>
    <POI MapID="1195" xpos="-132.301" ypos="259.279" zpos="189.874" type="resourcenode.plant.orichalcum.jungleplants" GUID="GaSKOVkil0mUc23oVFEaRw=="/>
    <POI MapID="1195" xpos="-220.676" ypos="95.0114" zpos="-695.078" type="resourcenode.plant.orichalcum.jungleplants" GUID="UKn4jodJ8EWx/of0zJRjXg=="/>
    <POI MapID="1195" xpos="-66.2658" ypos="170.484" zpos="-591.185" type="resourcenode.plant.orichalcum.jungleplants" GUID="yhPQ+vqhd0eIFbFxKWeDqQ=="/>
    <POI MapID="1195" xpos="-80.6835" ypos="163.664" zpos="-710.095" type="resourcenode.plant.orichalcum.jungleplants" GUID="7YX68gTlwEmA1iPwNa3UrQ=="/>
    <POI MapID="1195" xpos="-101.645" ypos="126.097" zpos="-952.423" type="resourcenode.plant.orichalcum.jungleplants" GUID="gDNWh40J4ECK6BzcEt+dwg=="/>
    <POI MapID="1195" xpos="588.655" ypos="242.663" zpos="-301.061" type="resourcenode.plant.orichalcum.jungleplants" GUID="9uXwyq/1WkelehPLRV7q8g=="/>
    <POI MapID="1195" xpos="554.955" ypos="220.82" zpos="-455.265" type="resourcenode.plant.orichalcum.jungleplants" GUID="qWB5BWs5j0uDpTYDpQD+ow=="/>
    <POI MapID="1195" xpos="622.471" ypos="230.063" zpos="-467.015" type="resourcenode.plant.orichalcum.jungleplants" GUID="4FPhAT/yv0Cpp0xlE6JWaQ=="/>
    <POI MapID="1195" xpos="116.235" ypos="227.185" zpos="69.9773" type="resourcenode.plant.orichalcum.jungleplants" GUID="FnHBJD1Wx0KG+VyxA1acRA=="/>
    <POI MapID="1195" xpos="380.958" ypos="274.475" zpos="36.7388" type="resourcenode.plant.orichalcum.jungleplants" GUID="xn5HInOOcUawC860VKy3zA=="/>
    <POI MapID="1195" xpos="-204.365" ypos="115.839" zpos="-768.376" type="resourcenode.plant.orichalcum.jungleplants" GUID="hkurK6LCGkud4kx3+ns/bw=="/>
    <POI MapID="1195" xpos="-83.1649" ypos="126.323" zpos="-1030.92" type="resourcenode.plant.orichalcum.jungleplants" GUID="DZKUAiQ/k02ozqkeHR7HZQ=="/>
    <POI MapID="1195" xpos="28.6699" ypos="154.645" zpos="-543.705" type="resourcenode.plant.orichalcum.jungleplants" GUID="qYXhJW8mpEK2wAvlyMYr5Q=="/>
    <POI MapID="1195" xpos="-41.0332" ypos="127.214" zpos="-915.539" type="resourcenode.plant.orichalcum.jungleplants" GUID="AZ7GUtkgKkKglNATtaVTQg=="/>
    <POI MapID="1195" xpos="-12.6979" ypos="296.74" zpos="74.4396" type="resourcenode.plant.orichalcum.jungleplants" GUID="TLgR5l86tUKkCFwNcS6Mrw=="/>
    <POI MapID="1195" xpos="-22.1158" ypos="297.458" zpos="-835.156" type="resourcenode.plant.orichalcum.jungleplants" GUID="cyIgRRK5uUCNZ4lcnIxKXg=="/>
    <POI MapID="1195" xpos="227.44" ypos="167.305" zpos="-433.793" type="resourcenode.plant.orichalcum.jungleplants" GUID="RqRil7oDlkWdQgB0lA+BTA=="/>
    <POI MapID="1195" xpos="406.177" ypos="207.94" zpos="-436.657" type="resourcenode.plant.orichalcum.jungleplants" GUID="33TKrPOguU28GEMzoHu7Gg=="/>
    <POI MapID="1195" xpos="495.663" ypos="216.803" zpos="-378.439" type="resourcenode.plant.orichalcum.jungleplants" GUID="BW5lywP0HEK0JyxMECvROg=="/>
    <POI MapID="1195" xpos="-78.9827" ypos="170.942" zpos="-573.863" type="resourcenode.plant.orichalcum.jungleplants" GUID="1ZJgkjOr/EWbyL/qlG/n7g=="/>
    <POI MapID="1195" xpos="-60.3449" ypos="278.873" zpos="136.058" type="resourcenode.plant.orichalcum.jungleplants" GUID="sNPbHtrOeUmDAN35NCiq+g=="/>
    <POI MapID="1195" xpos="-129.953" ypos="251.345" zpos="26.9575" type="resourcenode.plant.orichalcum.jungleplants" GUID="yQWXQC/WokuKfzoTT4JbLA=="/>
    <POI MapID="1195" xpos="22.4979" ypos="154.286" zpos="-683.384" type="resourcenode.plant.orichalcum.jungleplants" GUID="mW+IPyBuL0e0tnldBLGGcA=="/>
    <POI MapID="1195" xpos="-111.062" ypos="286.106" zpos="-765.412" type="resourcenode.plant.orichalcum.jungleplants" GUID="XLx30L+XC0KTErS4rCTRdA=="/>
    <POI MapID="1195" xpos="329.22" ypos="176.722" zpos="-349.823" type="resourcenode.plant.orichalcum.jungleplants" GUID="Ehh6Y0xowki0b5KEyuPZjw=="/>
    <POI MapID="1195" xpos="415.514" ypos="211.874" zpos="-497.814" type="resourcenode.plant.orichalcum.jungleplants" GUID="MJRA1oaNbEKKROaE4cvT5g=="/>
    <POI MapID="1195" xpos="512.25" ypos="111.656" zpos="-249.158" type="resourcenode.plant.orichalcum.jungleplants" GUID="gAFyDC8PYke8m1vX3FNNFQ=="/>
    <POI MapID="1195" xpos="57.2661" ypos="184.544" zpos="-690.635" type="resourcenode.plant.orichalcum.jungleplants" GUID="9fBK4eQ82k6Zlex2+B3SZg=="/>
    <POI MapID="1195" xpos="532.745" ypos="220.756" zpos="-452.984" type="resourcenode.plant.orichalcum.jungleplants" GUID="aF0XIiNmZU2HXfzdYLl75w=="/>
    <POI MapID="1195" xpos="-252.286" ypos="72.8932" zpos="-646.139" type="resourcenode.plant.orichalcum.jungleplants" GUID="H6mxU6biFECbYqgeOArW9Q=="/>
    <POI MapID="1195" xpos="-252.368" ypos="80.4803" zpos="-692.489" type="resourcenode.plant.orichalcum.jungleplants" GUID="8H/iFGsvjUWEmwDjJYJvZA=="/>
    <POI MapID="1195" xpos="-325.145" ypos="22.4558" zpos="-550.442" type="resourcenode.plant.orichalcum.jungleplants" GUID="N4H4xy3Ja0GJ7vDM46Cp/A=="/>
    <POI MapID="1052" xpos="-491.312" ypos="718.007" zpos="-184.933" type="resourcenode.plant.orichalcum.jungleplants" GUID="gV2pANlQI0OSjSPLdFTk5g=="/>
    <POI MapID="1052" xpos="946.413" ypos="380.757" zpos="-8.21772" type="resourcenode.plant.orichalcum.jungleplants" GUID="2zlODLbKsk+QL3BtedQJVw=="/>
    <POI MapID="1052" xpos="383.412" ypos="338.189" zpos="-84.1425" type="resourcenode.plant.orichalcum.jungleplants" GUID="jJw7uPzd3E6wtRSvbh9vHw=="/>
    <POI MapID="1052" xpos="722.403" ypos="340.536" zpos="-136.371" type="resourcenode.plant.orichalcum.jungleplants" GUID="wswQ4eDkx0y2T8Kv4Trleg=="/>
    <POI MapID="1052" xpos="865.1" ypos="378.7" zpos="-116.943" type="resourcenode.plant.orichalcum.jungleplants" GUID="V1phGkyf40udHSPEvoPxjQ=="/>
    <POI MapID="1052" xpos="-95.2355" ypos="754.364" zpos="-7.67925" type="resourcenode.plant.orichalcum.jungleplants" GUID="lXcp+pVPmEGiTu5IaiqyAw=="/>
    <POI MapID="1041" xpos="484.562" ypos="0.293655" zpos="482.716" type="resourcenode.plant.orichalcum.jungleplants" GUID="6FgM/Esox0Gbp4RNiQi8dg=="/>
    <POI MapID="1041" xpos="885.237" ypos="72.2799" zpos="87.397" type="resourcenode.plant.orichalcum.jungleplants" GUID="Xbbr8rzZn0y4KIX1EY1wSw=="/>
    <POI MapID="1041" xpos="146.728" ypos="58.8544" zpos="659.884" type="resourcenode.plant.orichalcum.jungleplants" GUID="LvVzFmV32kaq6vvzGGSQvg=="/>
    <POI MapID="1045" xpos="691.169" ypos="223.947" zpos="-345.085" type="resourcenode.plant.orichalcum.jungleplants" GUID="WD3hjR0BYUadzm+lN9/drg=="/>
    <POI MapID="1045" xpos="752.654" ypos="224.218" zpos="-354.046" type="resourcenode.plant.orichalcum.jungleplants" GUID="f1YaBbW3TEWSL9aXcv34pw=="/>
    <POI MapID="1043" xpos="433.461" ypos="243.688" zpos="-259.443" type="resourcenode.plant.orichalcum.jungleplants" GUID="z5caJSRc1ECRkZC4GAKKDA=="/>
    <POI MapID="1043" xpos="337.826" ypos="247.886" zpos="-162.018" type="resourcenode.plant.orichalcum.jungleplants" GUID="dwnGWzYjZkiHc4aRpQQssw=="/>
    <POI MapID="1043" xpos="371.42" ypos="282.447" zpos="89.408" type="resourcenode.plant.orichalcum.jungleplants" GUID="NnOQxsV+8k+Mj1hLWKCjsw=="/>
    <POI MapID="1043" xpos="-308.255" ypos="252.633" zpos="77.5768" type="resourcenode.plant.orichalcum.jungleplants" GUID="Z5CKmCmLPkapxmB9O/vT+w=="/>
    <POI MapID="1045" xpos="695.519" ypos="230.888" zpos="-415.389" type="resourcenode.plant.orichalcum.jungleplants" GUID="fq/AapCYSk+S4ICnoijW0w=="/>
    <POI MapID="1043" xpos="240.466" ypos="311.618" zpos="192.502" type="resourcenode.plant.orichalcum.jungleplants" GUID="i210SLusB0ihSjBSfRKM3Q=="/>
    <POI MapID="1043" xpos="34.0749" ypos="322.812" zpos="391.369" type="resourcenode.plant.orichalcum.jungleplants" GUID="yw0EGfy2WkC96mCPNJ0pZg=="/>
    <POI MapID="1195" xpos="-81.4042" ypos="252.31" zpos="34.2982" type="resourcenode.plant.orichalcum.jungleplants" GUID="nFBE61yMv0OmPtze9IAE2A=="/>
    <POI MapID="1195" xpos="-171.937" ypos="251.766" zpos="2.97939" type="resourcenode.plant.orichalcum.jungleplants" GUID="qL8nPPwKHU2Ntw5icT4bJA=="/>
    <POI MapID="1043" xpos="-535.904" ypos="210.909" zpos="-308.004" type="resourcenode.plant.orichalcum.jungleplants" GUID="XBCWWPxnO0C3xcxGbMUfQA=="/>
    <POI MapID="1043" xpos="305.408" ypos="383.315" zpos="657.538" type="resourcenode.plant.orichalcum.jungleplants" GUID="DUuWBaX7YEuDNSa50gW3iQ=="/>
    <POI MapID="1043" xpos="593.716" ypos="352.17" zpos="210.885" type="resourcenode.plant.orichalcum.jungleplants" GUID="KQrDqdex5UCRd+HODs/0gA=="/>
    <POI MapID="1045" xpos="-748.878" ypos="240.559" zpos="155.386" type="resourcenode.plant.orichalcum.jungleplants" GUID="a7JU05v870yMGT/X8OgBJg=="/>
    <POI MapID="1043" xpos="149.083" ypos="311.857" zpos="348.959" type="resourcenode.plant.orichalcum.jungleplants" GUID="PFgmIgZQW0KaEbQYvHeSSw=="/>
    <POI MapID="1043" xpos="-146.102" ypos="330.476" zpos="274.215" type="resourcenode.plant.orichalcum.jungleplants" GUID="7BhqDB8fMk2v6DvfY3s5Sg=="/>
    <POI MapID="1043" xpos="-510.466" ypos="272.656" zpos="87.8639" type="resourcenode.plant.orichalcum.jungleplants" GUID="Vsr/WX6o/Uy1i6GPYfnxQA=="/>
    <POI MapID="1045" xpos="-279.235" ypos="213.225" zpos="-297.157" type="resourcenode.plant.orichalcum.jungleplants" GUID="ro6y7mppQUakXU2+6OTvgg=="/>
    <POI MapID="1045" xpos="-750.59" ypos="233.421" zpos="124.694" type="resourcenode.plant.orichalcum.jungleplants" GUID="VpFm+IOQ+UK8ft59ZOOXYg=="/>
  </POIs>
</OverlayData>