<OverlayData>
  <MarkerCategory name="ResourceNode" DisplayName="Resource Nodes" data-class="fade-1" behavior="1" iconFile="Data/ResourceNode.png" data-iconFile="Data/ResourceNode.png" fadeFar="16800" fadeNear="8400">
    <MarkerCategory name="Plant" iconFile="Data/ResourceNode/Plant.png" data-class="iconsize-0.35" data-iconFile="Data/Plant.png">
      <MarkerCategory name="Orichalcum">
        <MarkerCategory name="Mussels" iconFile="Data/ResourceNode/Plant/Orichalcum/Mussels.png" data-iconFile="Data/ResourceNode/Plant/Orichalcum/Mussels.png" iconSize="0.35"/>
      </MarkerCategory>
    </MarkerCategory>
  </MarkerCategory>
  <POIs>
    <POI MapID="1052" xpos="967.865" ypos="391.411" zpos="-3.10853" type="resourcenode.plant.orichalcum.mussels" GUID="9lF1nHSmbEir/XNoLbfVXw=="/>
    <POI MapID="1052" xpos="947.94" ypos="355.601" zpos="-0.554832" type="resourcenode.plant.orichalcum.mussels" GUID="NEB/okAYdU2zI1uEIh1M3w=="/>
    <POI MapID="1052" xpos="937.697" ypos="355.348" zpos="7.05883" type="resourcenode.plant.orichalcum.mussels" GUID="6ljQggAfH0K1Tov5ZlHQYg=="/>
    <POI MapID="1052" xpos="901.159" ypos="327.002" zpos="26.8435" type="resourcenode.plant.orichalcum.mussels" GUID="B0WJK8mqZE2wO33o8C4U2w=="/>
    <POI MapID="1052" xpos="867.437" ypos="322.862" zpos="31.9177" type="resourcenode.plant.orichalcum.mussels" GUID="18OIQmI0zUKP6UjBzVleNw=="/>
    <POI MapID="1052" xpos="855.857" ypos="322.871" zpos="43.4282" type="resourcenode.plant.orichalcum.mussels" GUID="UpqrQmg33U6USfSC+WyCRA=="/>
    <POI MapID="1043" xpos="404.92" ypos="242.098" zpos="-189.6" type="resourcenode.plant.orichalcum.mussels" GUID="4IrfmauDZEK0g5aWewiuBw=="/>
    <POI MapID="1043" xpos="455.265" ypos="242.883" zpos="-186.849" type="resourcenode.plant.orichalcum.mussels" GUID="SctVQAqBHEWoo3z/nzBWIw=="/>
    <POI MapID="1043" xpos="-63.8319" ypos="-3.51066" zpos="-53.3511" type="resourcenode.plant.orichalcum.mussels" GUID="ua01exXys0WG88xTb+N/zg=="/>
    <POI MapID="1043" xpos="-87.4451" ypos="-3.02181" zpos="-98.777" type="resourcenode.plant.orichalcum.mussels" GUID="PHmVrq5ZqU6hxV9I5V7+Kw=="/>
    <POI MapID="1052" xpos="924.632" ypos="349.582" zpos="286.041" type="resourcenode.plant.orichalcum.mussels" GUID="wiDsWQsGQEOi5uDdQPVZcQ=="/>
    <POI MapID="1052" xpos="934.552" ypos="353.813" zpos="265.909" type="resourcenode.plant.orichalcum.mussels" GUID="Ky2ZC82CdEymoGQmZA02rg=="/>
    <POI MapID="1052" xpos="942.959" ypos="348.715" zpos="121.952" type="resourcenode.plant.orichalcum.mussels" GUID="dqqFfMJ6lUGyq2Ebwph47w=="/>
    <POI MapID="1165" xpos="-227.722" ypos="502.292" zpos="-76.3404" type="resourcenode.plant.orichalcum.mussels" GUID="3ijrJXF6B0SZm5tptdDMWw=="/>
    <POI MapID="1165" xpos="-277.045" ypos="503.213" zpos="-78.1009" type="resourcenode.plant.orichalcum.mussels" GUID="v7OhnZ8WN0exasBUFEMSiA=="/>
    <POI MapID="1165" xpos="-327.536" ypos="521.321" zpos="-84.1568" type="resourcenode.plant.orichalcum.mussels" GUID="pTMK0S9wlEyRZ88oJLQsGg=="/>
    <POI MapID="1165" xpos="-354.886" ypos="534.344" zpos="-93.201" type="resourcenode.plant.orichalcum.mussels" GUID="MfzeBMp6HUuUeAoFHlkd+g=="/>
    <POI MapID="1165" xpos="-228.931" ypos="502.296" zpos="-91.0705" type="resourcenode.plant.orichalcum.mussels" GUID="R1aqxOIyUE6X/2+yixb7zA=="/>
    <POI MapID="1165" xpos="-380.412" ypos="541.925" zpos="-105.176" type="resourcenode.plant.orichalcum.mussels" GUID="Pzq26DFqiUu7dLOTlYQXNQ=="/>
    <POI MapID="1175" xpos="98.5544" ypos="-24.3195" zpos="-441.902" type="resourcenode.plant.orichalcum.mussels" GUID="oTTX26Rny0+2/06s+0YXng=="/>
    <POI MapID="1175" xpos="-760.1" ypos="-30.6811" zpos="-500.135" type="resourcenode.plant.orichalcum.mussels" GUID="de1RaDoM7kyBpGPuy7XyvA=="/>
    <POI MapID="1175" xpos="-736.698" ypos="-23.902" zpos="-473.026" type="resourcenode.plant.orichalcum.mussels" GUID="bkl4N5G4xU2aqwuvrZBKUg=="/>
    <POI MapID="1175" xpos="-781.869" ypos="-9.70722" zpos="-436.616" type="resourcenode.plant.orichalcum.mussels" GUID="remNb2p5OUaCUpStJERivQ=="/>
    <POI MapID="1175" xpos="779.28" ypos="-13.0924" zpos="-310.025" type="resourcenode.plant.orichalcum.mussels" GUID="ZZNwyq1kdU+imaHJjKSpoA=="/>
    <POI MapID="1175" xpos="-95.2206" ypos="-42.5907" zpos="-757.843" type="resourcenode.plant.orichalcum.mussels" GUID="GEQNlkWwSECB9pS4dl6mKQ=="/>
    <POI MapID="1043" xpos="203.016" ypos="121.763" zpos="-16.2892" type="resourcenode.plant.orichalcum.mussels" GUID="qmnevemwCEa5jYXabrPFeA=="/>
    <POI MapID="1043" xpos="195.369" ypos="122.033" zpos="36.245" type="resourcenode.plant.orichalcum.mussels" GUID="nwqzWSfo7kyNmKvMPQ6WEw=="/>
    <POI MapID="1043" xpos="-82.7208" ypos="-3.44319" zpos="-54.1988" type="resourcenode.plant.orichalcum.mussels" GUID="KsKfIY62yE+47vYIjZFCRQ=="/>
    <POI MapID="1041" xpos="570.925" ypos="49.5083" zpos="-90.4865" type="resourcenode.plant.orichalcum.mussels" GUID="tbniRM/AiEy+j1N0aRvlfA=="/>
    <POI MapID="1041" xpos="535.85" ypos="55.883" zpos="-127.781" type="resourcenode.plant.orichalcum.mussels" GUID="XE9JYcTbi0OChZm+U1ZM7w=="/>
    <POI MapID="1041" xpos="84.6153" ypos="49.857" zpos="676.2" type="resourcenode.plant.orichalcum.mussels" GUID="OLWnq1/f9EKHtjZ06kZeYQ=="/>
    <POI MapID="1041" xpos="462.484" ypos="0.0283797" zpos="380.569" type="resourcenode.plant.orichalcum.mussels" GUID="y6yza5B1wk+XAY4dFlL91Q=="/>
    <POI MapID="1041" xpos="464.813" ypos="-0.23172" zpos="401.021" type="resourcenode.plant.orichalcum.mussels" GUID="c5MBjU/UGUm5PwoqzB1dsw=="/>
    <POI MapID="1041" xpos="255.022" ypos="39.8032" zpos="427.816" type="resourcenode.plant.orichalcum.mussels" GUID="Vl/YF/3uLEi6agKF3jEW7A=="/>
    <POI MapID="1041" xpos="143.994" ypos="42.6516" zpos="547.693" type="resourcenode.plant.orichalcum.mussels" GUID="LkjFt5uOFk66DUkMFyTxHA=="/>
    <POI MapID="1041" xpos="4.41766" ypos="50.6915" zpos="746.722" type="resourcenode.plant.orichalcum.mussels" GUID="H18IVHKIbkWXlV5As5ZU9g=="/>
    <POI MapID="1041" xpos="43.415" ypos="50.6179" zpos="784.001" type="resourcenode.plant.orichalcum.mussels" GUID="PvF10EO7+U2K2R9LgyhiAg=="/>
    <POI MapID="1041" xpos="496.709" ypos="0.452027" zpos="355.594" type="resourcenode.plant.orichalcum.mussels" GUID="S4Dkvc77F0mQFZBmsfAoRw=="/>
    <POI MapID="1041" xpos="515.313" ypos="0.0388099" zpos="335.251" type="resourcenode.plant.orichalcum.mussels" GUID="1G8Y549sbUe1dFD8EESHZQ=="/>
    <POI MapID="1041" xpos="628.753" ypos="42.2422" zpos="-55.9153" type="resourcenode.plant.orichalcum.mussels" GUID="n72gO/wlq0iJ8kUzVEDYoA=="/>
    <POI MapID="1041" xpos="146.934" ypos="43.1965" zpos="581.198" type="resourcenode.plant.orichalcum.mussels" GUID="QVgooBoxbkCjfUidjco13Q=="/>
    <POI MapID="1041" xpos="462.629" ypos="-0.131945" zpos="426.778" type="resourcenode.plant.orichalcum.mussels" GUID="ydAVahgGwEqN+DiK6+R2FA=="/>
    <POI MapID="1052" xpos="823.586" ypos="322.361" zpos="36.6118" type="resourcenode.plant.orichalcum.mussels" GUID="UcPQkYRmSEeGt59S2Ss4Yw=="/>
    <POI MapID="1052" xpos="893.869" ypos="348.153" zpos="86.9939" type="resourcenode.plant.orichalcum.mussels" GUID="A6jP87lBIEKWZsMUMlPewA=="/>
    <POI MapID="1052" xpos="895.144" ypos="348.604" zpos="244.61" type="resourcenode.plant.orichalcum.mussels" GUID="LAnQTSVhykCU864ndSWAGA=="/>
    <POI MapID="1052" xpos="866.132" ypos="339.95" zpos="239.6" type="resourcenode.plant.orichalcum.mussels" GUID="NGEHQOMb20KELgAbNnXLJA=="/>
    <POI MapID="1052" xpos="80.7656" ypos="374.799" zpos="9.79056" type="resourcenode.plant.orichalcum.mussels" GUID="QHUKitXLm0SWMPrr5Khmqw=="/>
    <POI MapID="1210" xpos="-709.969" ypos="-8.44262" zpos="91.3775" type="resourcenode.plant.orichalcum.mussels" GUID="N1MB3NZRK0q5gb+YbXODVw=="/>
    <POI MapID="1210" xpos="-643.771" ypos="-2.88991" zpos="102.67" type="resourcenode.plant.orichalcum.mussels" GUID="CXQgkSfvekebMdoEpr05QA=="/>
    <POI MapID="1210" xpos="-584.35" ypos="-0.641193" zpos="61.7038" type="resourcenode.plant.orichalcum.mussels" GUID="0VhvnEfczUOslIH5LApu4w=="/>
    <POI MapID="1210" xpos="156.677" ypos="-0.473859" zpos="292.119" type="resourcenode.plant.orichalcum.mussels" GUID="a7ONgNITyUe+nWkAQhln4A=="/>
    <POI MapID="1210" xpos="-328.635" ypos="-0.455468" zpos="-401.259" type="resourcenode.plant.orichalcum.mussels" GUID="SzSyL+XaI0mbSMzpqHStgA=="/>
    <POI MapID="1210" xpos="-454.633" ypos="-1.74699" zpos="-262.796" type="resourcenode.plant.orichalcum.mussels" GUID="Cjw/5YwcGkmeG8u1bBRimw=="/>
    <POI MapID="1052" xpos="140.485" ypos="340.414" zpos="-165.137" type="resourcenode.plant.orichalcum.mussels" GUID="fZvw5ZpTuEqe1vnp03YzHQ=="/>
    <POI MapID="1052" xpos="142.456" ypos="341.172" zpos="-197.412" type="resourcenode.plant.orichalcum.mussels" GUID="NQj6xt7/AUiX9iNx0ik13Q=="/>
    <POI MapID="1052" xpos="137.192" ypos="341.882" zpos="-226.797" type="resourcenode.plant.orichalcum.mussels" GUID="E8LngAJN6E271FoWhvrrYg=="/>
    <POI MapID="1052" xpos="67.1626" ypos="342.417" zpos="-253.292" type="resourcenode.plant.orichalcum.mussels" GUID="KFN7lB+OEk63ZZ4+YX3uSg=="/>
    <POI MapID="1052" xpos="915.62" ypos="348.03" zpos="109.698" type="resourcenode.plant.orichalcum.mussels" GUID="0VIRqecmiE2kaw7fQLqe0g=="/>
    <POI MapID="1052" xpos="893.824" ypos="348.135" zpos="86.6028" type="resourcenode.plant.orichalcum.mussels" GUID="8iSoRHHK6k+MfY0qXqe0VQ=="/>
    <POI MapID="1052" xpos="855.933" ypos="322.87" zpos="43.6646" type="resourcenode.plant.orichalcum.mussels" GUID="9xvrFRnnsUah3ZWLcMvsLg=="/>
    <POI MapID="1052" xpos="900.597" ypos="327.019" zpos="27.6613" type="resourcenode.plant.orichalcum.mussels" GUID="3kRBkALwFEOrN7VkoWpL+Q=="/>
    <POI MapID="1052" xpos="63.0916" ypos="374.751" zpos="-3.95982" type="resourcenode.plant.orichalcum.mussels" GUID="FXiEUSUqHEiE0QRe1Q8s/Q=="/>
    <POI MapID="1052" xpos="750.119" ypos="327.376" zpos="151.909" type="resourcenode.plant.orichalcum.mussels" GUID="WU2g60Y3okuzRNQ8e4gpOg=="/>
    <POI MapID="1052" xpos="775.696" ypos="327.549" zpos="184.182" type="resourcenode.plant.orichalcum.mussels" GUID="I1WIru6iIEScmqMjx3LdjQ=="/>
    <POI MapID="1052" xpos="806.201" ypos="328.247" zpos="207.571" type="resourcenode.plant.orichalcum.mussels" GUID="DpnN+8Mip0SF83KbPE7Qkw=="/>
    <POI MapID="1043" xpos="136.095" ypos="288.84" zpos="257.413" type="resourcenode.plant.orichalcum.mussels" GUID="OMSQ3mo6Mkui9DW6i44c4Q=="/>
    <POI MapID="1043" xpos="453.857" ypos="242.738" zpos="-180.222" type="resourcenode.plant.orichalcum.mussels" GUID="+BWmE5jvkkmbUP6dTqC+0g=="/>
    <POI MapID="1041" xpos="377.817" ypos="-0.0349046" zpos="440.286" type="resourcenode.plant.orichalcum.mussels" GUID="AGQ8FtKBt0eGqaOppiKjzQ=="/>
    <POI MapID="1041" xpos="615.741" ypos="43.3494" zpos="-73.4622" type="resourcenode.plant.orichalcum.mussels" GUID="FzZSMrH7lkulSD6jKV4epg=="/>
    <POI MapID="1041" xpos="98.2494" ypos="47.7361" zpos="651.316" type="resourcenode.plant.orichalcum.mussels" GUID="3IcyeKvSSUCBdFOfXRN3GA=="/>
    <POI MapID="1043" xpos="385.606" ypos="242.086" zpos="-227.376" type="resourcenode.plant.orichalcum.mussels" GUID="SILVR43w6UW9aXxSgkNwAw=="/>
    <POI MapID="1043" xpos="-431.98" ypos="290.974" zpos="-445.719" type="resourcenode.plant.orichalcum.mussels" GUID="3F6ByoCMIkaNiySgGx77Tw=="/>
    <POI MapID="1043" xpos="316.253" ypos="142.474" zpos="1.62642" type="resourcenode.plant.orichalcum.mussels" GUID="QNJZPtxWs0GQ3eCPPaELGA=="/>
    <POI MapID="1043" xpos="473.068" ypos="242.074" zpos="-230.038" type="resourcenode.plant.orichalcum.mussels" GUID="/E3150NP/EW6z3ycCdSN1g=="/>
    <POI MapID="1043" xpos="475.769" ypos="242.078" zpos="-240.719" type="resourcenode.plant.orichalcum.mussels" GUID="/0PtfX7QI0uZYktdreIWcw=="/>
    <POI MapID="1043" xpos="434.625" ypos="242.061" zpos="-221.175" type="resourcenode.plant.orichalcum.mussels" GUID="JSsrdS4liUWemHsc4UC6ug=="/>
    <POI MapID="1210" xpos="-380.873" ypos="-0.49805" zpos="-23.6737" type="resourcenode.plant.orichalcum.mussels" GUID="EYyklm8K9kSzrioENAIVyQ=="/>
    <POI MapID="1210" xpos="-321.007" ypos="-0.441706" zpos="-236.49" type="resourcenode.plant.orichalcum.mussels" GUID="uT/WlRuMGEqcxlTRtfi2Xw=="/>
    <POI MapID="1210" xpos="603.425" ypos="-0.818624" zpos="-282.354" type="resourcenode.plant.orichalcum.mussels" GUID="S0/HVVEmsU+lglJA5c4nQQ=="/>
    <POI MapID="1210" xpos="558.793" ypos="-0.275083" zpos="-278.919" type="resourcenode.plant.orichalcum.mussels" GUID="SIcPu2SyxUyJd9jdClpvfA=="/>
    <POI MapID="1210" xpos="352.214" ypos="-7.77665" zpos="-362.443" type="resourcenode.plant.orichalcum.mussels" GUID="pXuAh+d1cEmBd6hQZWUoJg=="/>
    <POI MapID="1210" xpos="92.7018" ypos="-0.653682" zpos="357.354" type="resourcenode.plant.orichalcum.mussels" GUID="XzOP5Ye2dEqJ4R3Iah86XQ=="/>
    <POI MapID="1226" xpos="664.287" ypos="-15.0584" zpos="1422.48" type="resourcenode.plant.orichalcum.mussels" GUID="tkCWYr0IJUyFQFNCB5w4ag=="/>
    <POI MapID="1210" xpos="-290.936" ypos="-0.468321" zpos="-69.6714" type="resourcenode.plant.orichalcum.mussels" GUID="l0ZJkHcIK0Kcyytm55oF9A=="/>
    <POI MapID="1210" xpos="-498.87" ypos="-0.445474" zpos="386.592" type="resourcenode.plant.orichalcum.mussels" GUID="1eSD/oVTCUmqC0bJ0Kzjlg=="/>
    <POI MapID="1210" xpos="598.108" ypos="89.1242" zpos="589.244" type="resourcenode.plant.orichalcum.mussels" GUID="HtCYTxdfZEajx2Spy9d1Ig=="/>
    <POI MapID="1211" xpos="-912.794" ypos="-0.10541" zpos="-525.104" type="resourcenode.plant.orichalcum.mussels" GUID="OC/HAcWmWEW9e8JcuSVHqg=="/>
    <POI MapID="1211" xpos="-1030.39" ypos="-0.052195" zpos="-520.509" type="resourcenode.plant.orichalcum.mussels" GUID="su53XI2xZkGtNlfvTSHwHg=="/>
    <POI MapID="1228" xpos="-68.8105" ypos="-0.776161" zpos="-262.084" type="resourcenode.plant.orichalcum.mussels" GUID="4DcFP87hNE2ZXc3BqaKXoQ=="/>
    <POI MapID="1211" xpos="-1125.6" ypos="272.299" zpos="-254.677" type="resourcenode.plant.orichalcum.mussels" GUID="ZdfLeAU+wU6h9f5qf/QABw=="/>
    <POI MapID="1210" xpos="-762.01" ypos="-0.144852" zpos="340.833" type="resourcenode.plant.orichalcum.mussels" GUID="UN4BwX3ktkWWhk6cA3nxkQ=="/>
    <POI MapID="1210" xpos="703.876" ypos="117.328" zpos="602.38" type="resourcenode.plant.orichalcum.mussels" GUID="vAG5J8Bu20iswqikNYhVbA=="/>
    <POI MapID="1226" xpos="258.056" ypos="0.0135346" zpos="1514.9" type="resourcenode.plant.orichalcum.mussels" GUID="A05AcPKs/kyiwezNysPE8w=="/>
    <POI MapID="1210" xpos="-542.277" ypos="-0.676987" zpos="63.0631" type="resourcenode.plant.orichalcum.mussels" GUID="O/rEdUHFnEWV3a1bYI05TQ=="/>
    <POI MapID="1210" xpos="-438.72" ypos="-0.866566" zpos="25.4623" type="resourcenode.plant.orichalcum.mussels" GUID="w6bonu7oq067zzfuV6M9JQ=="/>
    <POI MapID="1210" xpos="-432.011" ypos="-5.33981" zpos="-19.4851" type="resourcenode.plant.orichalcum.mussels" GUID="0QbpHMAmpkCK4oopDP6o7A=="/>
    <POI MapID="1210" xpos="-158.64" ypos="-0.453544" zpos="-393.62" type="resourcenode.plant.orichalcum.mussels" GUID="N/GMwh/cS02M5HvoL7zeow=="/>
    <POI MapID="1210" xpos="229.736" ypos="-0.680494" zpos="351.833" type="resourcenode.plant.orichalcum.mussels" GUID="m+5qls0VW0qgL5ISIaaxIA=="/>
    <POI MapID="1210" xpos="38.3636" ypos="-0.48977" zpos="-478.79" type="resourcenode.plant.orichalcum.mussels" GUID="z/6QXY2k80mS3w7A3nUZRw=="/>
    <POI MapID="1210" xpos="403.831" ypos="-0.0712701" zpos="-365.824" type="resourcenode.plant.orichalcum.mussels" GUID="20W+tkK5zUK7RqetYNj+SQ=="/>
    <POI MapID="1211" xpos="-1227.65" ypos="271.406" zpos="-338.413" type="resourcenode.plant.orichalcum.mussels" GUID="CPmhD35ruUen+GTD9pC3pg=="/>
    <POI MapID="1211" xpos="-301.95" ypos="-0.278699" zpos="-580.849" type="resourcenode.plant.orichalcum.mussels" GUID="4gsvkjjzq02kHdmX8GWUlw=="/>
    <POI MapID="1211" xpos="-448.798" ypos="-0.582225" zpos="-456.449" type="resourcenode.plant.orichalcum.mussels" GUID="gxDAdytBJE6abXunKCiEWA=="/>
    <POI MapID="1210" xpos="-424.916" ypos="-0.351399" zpos="-143.035" type="resourcenode.plant.orichalcum.mussels" GUID="s0Gt60zZGEy2A2msWgpyiQ=="/>
    <POI MapID="1210" xpos="658.943" ypos="88.4694" zpos="612.075" type="resourcenode.plant.orichalcum.mussels" GUID="ZQeCh8EdRU2M/QC7jUvlQA=="/>
    <POI MapID="1226" xpos="306.117" ypos="-0.0191725" zpos="1402.23" type="resourcenode.plant.orichalcum.mussels" GUID="J9+SZXxUZ0ya7spiFo1naQ=="/>
    <POI MapID="1228" xpos="-868.535" ypos="-0.343212" zpos="-321.537" type="resourcenode.plant.orichalcum.mussels" GUID="TI9/VtzQ8E+tL/bTWMimbA=="/>
    <POI MapID="1210" xpos="1120.06" ypos="0.00214491" zpos="-519.885" type="resourcenode.plant.orichalcum.mussels" GUID="PnPUbjxDvke9eOd4vHXhug=="/>
    <POI MapID="1228" xpos="-841.672" ypos="-0.343437" zpos="-170.835" type="resourcenode.plant.orichalcum.mussels" GUID="Gs0t7dbxS06rrpz7BfOlZg=="/>
    <POI MapID="1210" xpos="-1209.55" ypos="-7.32642" zpos="-584.046" type="resourcenode.plant.orichalcum.mussels" GUID="E5uJxUCWfUSz34Z3WRABrA=="/>
    <POI MapID="1210" xpos="-1297.44" ypos="-7.05631" zpos="-528.05" type="resourcenode.plant.orichalcum.mussels" GUID="uffvtgeHQUmSoZVDchKBNw=="/>
    <POI MapID="1210" xpos="-697.287" ypos="-0.00448026" zpos="416.049" type="resourcenode.plant.orichalcum.mussels" GUID="R30AnNpy7km6fVsLd5Twdg=="/>
    <POI MapID="1045" xpos="-484.58" ypos="-131.271" zpos="-116.559" type="resourcenode.plant.orichalcum.mussels" GUID="4t1frKr2xUqlIvZHq6VAmg=="/>
    <POI MapID="1045" xpos="-519.018" ypos="-154.724" zpos="433.863" type="resourcenode.plant.orichalcum.mussels" GUID="3RYU5VI64kesIpEkt960xw=="/>
    <POI MapID="1043" xpos="380.412" ypos="242.385" zpos="-216.283" type="resourcenode.plant.orichalcum.mussels" GUID="n07+Ry4am0a/mBRvXpzKLw=="/>
    <POI MapID="1228" xpos="889.254" ypos="6.3698" zpos="-125.571" type="resourcenode.plant.orichalcum.mussels" GUID="2Z2XB7L1mEqIhNNUUeE72g=="/>
    <POI MapID="1226" xpos="-24.562" ypos="-12.548" zpos="1460.33" type="resourcenode.plant.orichalcum.mussels" GUID="FxxrU51Wd0C9vyxBxoU6Sw=="/>
    <POI MapID="1210" xpos="1160.34" ypos="-0.278803" zpos="-501.014" type="resourcenode.plant.orichalcum.mussels" GUID="lKLyYDyQ00KKA2XJgzgOMg=="/>
    <POI MapID="1210" xpos="1141.28" ypos="-0.738666" zpos="-266.434" type="resourcenode.plant.orichalcum.mussels" GUID="l6gvkfL9tUCRYXjE8DB8QA=="/>
    <POI MapID="1228" xpos="1025.64" ypos="-0.369256" zpos="-104.406" type="resourcenode.plant.orichalcum.mussels" GUID="EIH4dDM+pU+XuLIA0KpSNw=="/>
    <POI MapID="1211" xpos="-627.451" ypos="-0.552772" zpos="-616.918" type="resourcenode.plant.orichalcum.mussels" GUID="BZoW21owNU6lK3aWJ6PL7w=="/>
    <POI MapID="1210" xpos="-430.43" ypos="-0.643467" zpos="92.0126" type="resourcenode.plant.orichalcum.mussels" GUID="nHeuHhAH/Uu0xLNDv7yrsQ=="/>
    <POI MapID="1210" xpos="1358.29" ypos="-0.669078" zpos="-82.3488" type="resourcenode.plant.orichalcum.mussels" GUID="aTeLn/a3CUe3zU4agzJGjw=="/>
  </POIs>
</OverlayData>