<OverlayData>
  <MarkerCategory name="ResourceNode" DisplayName="Resource Nodes" data-class="fade-1" behavior="1" iconFile="Data/ResourceNode.png" data-iconFile="Data/ResourceNode.png" fadeFar="16800" fadeNear="8400">
    <MarkerCategory name="Plant" iconFile="Data/ResourceNode/Plant.png" data-class="iconsize-0.35" heightOffset="2" data-iconFile="Data/Plant.png">
      <MarkerCategory name="Orichalcum" data-sort="true">
        <MarkerCategory name="OrrianTruffle" DisplayName="Orrian Truffle"/>
      </MarkerCategory>
    </MarkerCategory>
  </MarkerCategory>
  <POIs>
    <POI MapID="62" xpos="-114.47" ypos="26.7249" zpos="976.256" type="resourcenode.plant.orichalcum.orriantruffle" GUID="BkU8pBOlGEaOpNH+iIzQXA=="/>
    <POI MapID="62" xpos="-108.941" ypos="28.0582" zpos="980.532" type="resourcenode.plant.orichalcum.orriantruffle" GUID="RXuUrJtKkEWZ5WpEt6iz3Q=="/>
    <POI MapID="375" xpos="124.195" ypos="343.3" zpos="-276.687" type="resourcenode.plant.orichalcum.orriantruffle" GUID="qfqtrYlXoUqz+qdCc8XPAQ=="/>
    <POI MapID="62" xpos="348.346" ypos="58.7195" zpos="760.313" type="resourcenode.plant.orichalcum.orriantruffle" GUID="nt9Rd8fQL06i5eENs3jI3w=="/>
    <POI MapID="248" xpos="128.773" ypos="82.662" zpos="199.195" type="resourcenode.plant.orichalcum.orriantruffle" GUID="iQLOaBIhTUSrriG1ANOxZA=="/>
    <POI MapID="62" xpos="115.252" ypos="25.7823" zpos="343.36" type="resourcenode.plant.orichalcum.orriantruffle" GUID="w8ZWALNnx0mdJJVddbDuMA=="/>
    <POI MapID="62" xpos="171.671" ypos="18.5443" zpos="185.171" type="resourcenode.plant.orichalcum.orriantruffle" GUID="p8of6gW/sEWZZrRGAommOA=="/>
    <POI MapID="62" xpos="396.645" ypos="14.0211" zpos="-846.54" type="resourcenode.plant.orichalcum.orriantruffle" GUID="BqmuBxpAw0OxaqVP7pXYzw=="/>
    <POI MapID="62" xpos="186.354" ypos="8.52628" zpos="255.785" type="resourcenode.plant.orichalcum.orriantruffle" GUID="I/ReJE1vGEGpDQsiaoDohg=="/>
    <POI MapID="62" xpos="218.465" ypos="14.3354" zpos="288.675" type="resourcenode.plant.orichalcum.orriantruffle" GUID="vrBtN7INh0uJKO7yyUPRXg=="/>
    <POI MapID="62" xpos="164.352" ypos="11.3466" zpos="283.674" type="resourcenode.plant.orichalcum.orriantruffle" GUID="PlIoPGZMMUKJRsl0JQJ48g=="/>
    <POI MapID="62" xpos="295.424" ypos="27.8993" zpos="231.618" type="resourcenode.plant.orichalcum.orriantruffle" GUID="xiDhCjTDQ0eVNCMXRbXb2w=="/>
    <POI MapID="62" xpos="144.061" ypos="9.87117" zpos="214.104" type="resourcenode.plant.orichalcum.orriantruffle" GUID="wf144P3w/0GBopma+ZibLg=="/>
    <POI MapID="1203" xpos="-57.0322" ypos="33.5182" zpos="268.705" type="resourcenode.plant.orichalcum.orriantruffle" GUID="dbVSzvVbBEOin4oV/yFAVg=="/>
    <POI MapID="1203" xpos="-269.817" ypos="92.0648" zpos="-202.252" type="resourcenode.plant.orichalcum.orriantruffle" GUID="UmTQdBS+bE2KTikmndI5pg=="/>
    <POI MapID="1203" xpos="-287.391" ypos="105.351" zpos="-297.779" type="resourcenode.plant.orichalcum.orriantruffle" GUID="6/BQVLXh+kKFGAh7Z3E/Hw=="/>
    <POI MapID="1203" xpos="-158.078" ypos="38.3777" zpos="-85.4736" type="resourcenode.plant.orichalcum.orriantruffle" GUID="grybnirLlkuKvIcg81MtMQ=="/>
    <POI MapID="1203" xpos="-874.131" ypos="34.095" zpos="-133.645" type="resourcenode.plant.orichalcum.orriantruffle" GUID="NMUbSoeFs0ytMIJCXVTSUA=="/>
    <POI MapID="1203" xpos="-530.006" ypos="66.8575" zpos="-94.1058" type="resourcenode.plant.orichalcum.orriantruffle" GUID="EgAP8F0k+E+7utfJJ34vOg=="/>
    <POI MapID="1203" xpos="-863.685" ypos="58.0118" zpos="76.8601" type="resourcenode.plant.orichalcum.orriantruffle" GUID="74c4vmDJjk+qK+Mt56Cw2A=="/>
    <POI MapID="1203" xpos="-653.212" ypos="66.2512" zpos="-52.3165" type="resourcenode.plant.orichalcum.orriantruffle" GUID="CkOUhG5XU0e0scr9aFDoqA=="/>
    <POI MapID="1203" xpos="-621.915" ypos="72.071" zpos="-1.14889" type="resourcenode.plant.orichalcum.orriantruffle" GUID="eXfMLY2/00Scs7jtIAjO5g=="/>
    <POI MapID="1203" xpos="-298.319" ypos="65.0579" zpos="88.0498" type="resourcenode.plant.orichalcum.orriantruffle" GUID="gDLQ4T5hb0iGuz+GT6NuTg=="/>
  </POIs>
</OverlayData>