<OverlayData>
  <MarkerCategory name="ResourceNode" DisplayName="Resource Nodes" data-class="fade-1" behavior="1" iconFile="Data/ResourceNode.png" data-iconFile="Data/ResourceNode.png" fadeFar="16800" fadeNear="8400" maxSize="256">
    <MarkerCategory name="Wood" iconFile="Data/ResourceNode/Wood.png" data-iconFile="Data/Wood.png">
      <MarkerCategory name="Ancient" data-class="fade-max" behavior="0" iconFile="Data/ResourceNode/Wood.Ancient.png" data-iconFile="Data/ResourceNode/Wood.Ancient.png" fadeFar="25200" fadeNear="16800"/>
    </MarkerCategory>
  </MarkerCategory>
  <POIs>
    <POI MapID="1043" xpos="310.13" ypos="268.797" zpos="-293.716" type="resourcenode.wood.ancient" GUID="YFCBUWrzykanNEoifUB4Sw=="/>
    <POI MapID="62" xpos="297.595" ypos="40.8697" zpos="956.537" type="resourcenode.wood.ancient" GUID="Y37w5T64Q02I/41dZD3wmA=="/>
    <POI MapID="62" xpos="-59.3328" ypos="31.3" zpos="-487.3" type="resourcenode.wood.ancient" GUID="9HBSy9fZ5kC+94qBGaRXww=="/>
    <POI MapID="62" xpos="86.0997" ypos="17.8205" zpos="-540.412" type="resourcenode.wood.ancient" GUID="Od/+XvjBfkiXGim+jKM1zA=="/>
    <POI MapID="62" xpos="-168.098" ypos="1.06492" zpos="-623.348" type="resourcenode.wood.ancient" GUID="jIzzZ2xuZUKFvLVCapTbgQ=="/>
    <POI MapID="62" xpos="-59.2978" ypos="16.9932" zpos="-281.638" type="resourcenode.wood.ancient" GUID="dVe/WdW1fE2STjxKCURpLg=="/>
    <POI MapID="62" xpos="101.656" ypos="17.993" zpos="301.651" type="resourcenode.wood.ancient" GUID="0TRrd/eK9Ee6rZ9GcaUrfg=="/>
    <POI MapID="62" xpos="81.6125" ypos="24.3142" zpos="-285.606" type="resourcenode.wood.ancient" GUID="ECKID+2rP0OE4FyOdN0u2w=="/>
    <POI MapID="1045" xpos="-711.56" ypos="224.196" zpos="161.625" type="resourcenode.wood.ancient" GUID="lQSacVaA/Eyqm3iLbIg6Aw=="/>
    <POI MapID="1052" xpos="877.951" ypos="401.989" zpos="130.612" type="resourcenode.wood.ancient" GUID="zNZJthPBqk+m+aAU/UM2hQ=="/>
    <POI MapID="1043" xpos="486.173" ypos="286.778" zpos="-62.455" type="resourcenode.wood.ancient" GUID="BYI3InZfCUa7PdBNIgLNcQ=="/>
    <POI MapID="873" xpos="-108.304" ypos="38.3102" zpos="-272.576" type="resourcenode.wood.ancient" GUID="4MQUpWBTV0mMyxVMpCD3zQ=="/>
    <POI MapID="873" xpos="-172.478" ypos="43.3598" zpos="-204.266" type="resourcenode.wood.ancient" GUID="xI/stE0fUEKIMsrzY/efbQ=="/>
    <POI MapID="1052" xpos="642.674" ypos="422.861" zpos="219.116" type="resourcenode.wood.ancient" GUID="HPVXoO+zBk+eZeFyMwgT+w=="/>
    <POI MapID="873" xpos="-433.34" ypos="44.2801" zpos="-94.3103" type="resourcenode.wood.ancient" GUID="Y4ev5o63XE6ltyl+yVDvaQ=="/>
    <POI MapID="62" xpos="186.4" ypos="32.8155" zpos="-572.546" type="resourcenode.wood.ancient" GUID="MboW9IEBOkSnztcIpQJR+A=="/>
    <POI MapID="62" xpos="117.675" ypos="8.47419" zpos="-618.607" type="resourcenode.wood.ancient" GUID="PM3Byl94nEK36y5cDpkS6Q=="/>
    <POI MapID="1015" xpos="-370.079" ypos="439.913" zpos="-47.4028" type="resourcenode.wood.ancient" GUID="QslQvtE8MkKSEwGdURDNPg=="/>
    <POI MapID="1015" xpos="162.579" ypos="412.687" zpos="-204.316" type="resourcenode.wood.ancient" GUID="UFZJgG6imU+X6wSKPTpd1w=="/>
    <POI MapID="873" xpos="-441.303" ypos="36.409" zpos="-297.894" type="resourcenode.wood.ancient" GUID="EkkoyjLJJkKUM6T6dovzeA=="/>
    <POI MapID="65" xpos="-297.638" ypos="30.3461" zpos="-310.347" type="resourcenode.wood.ancient" GUID="oLxRMFqi80qh6lSw2taozA=="/>
    <POI MapID="65" xpos="749.011" ypos="0.205086" zpos="206.422" type="resourcenode.wood.ancient" GUID="jQ5QaxCU1EyinF3wcsqjRw=="/>
    <POI MapID="1043" xpos="429.237" ypos="254.697" zpos="-76.6024" type="resourcenode.wood.ancient" GUID="Siv9zpmFnEOii0QdfgcDDw=="/>
    <POI MapID="1043" xpos="381.592" ypos="286.328" zpos="-50.4313" type="resourcenode.wood.ancient" GUID="lvDxRFNLZUq+LbU8IBcrLw=="/>
    <POI MapID="1043" xpos="140.644" ypos="227.024" zpos="-746.432" type="resourcenode.wood.ancient" GUID="jvUFT5eG4U6KE+gUBZTxRA=="/>
    <POI MapID="1043" xpos="77.8878" ypos="228.885" zpos="-763.687" type="resourcenode.wood.ancient" GUID="H2qysXFqBEWa1z5/hmc3ZQ=="/>
    <POI MapID="1043" xpos="-326.353" ypos="253.134" zpos="308.213" type="resourcenode.wood.ancient" GUID="jFBsQjMdYEm0w/lLM7bvqw=="/>
    <POI MapID="1043" xpos="42.4772" ypos="309.01" zpos="295.916" type="resourcenode.wood.ancient" GUID="nfw5e3aLxkG+ROg8fZnjPg=="/>
    <POI MapID="873" xpos="43.9809" ypos="35.0507" zpos="26.7055" type="resourcenode.wood.ancient" GUID="2mxJcZa5PEqEFgqxXU9Olg=="/>
    <POI MapID="62" xpos="-371.773" ypos="15.0541" zpos="883.448" type="resourcenode.wood.ancient" GUID="YBiHFefnx0edxlKrXs6lpg=="/>
    <POI MapID="248" xpos="215.171" ypos="75.3185" zpos="163.86" type="resourcenode.wood.ancient" GUID="n+tQ8Ydv00635WNVeYYMUw=="/>
    <POI MapID="1043" xpos="369.256" ypos="350.516" zpos="326.127" type="resourcenode.wood.ancient" GUID="iP/rOuP/dESpmhgpjJkQjA=="/>
    <POI MapID="1043" xpos="277.623" ypos="309.985" zpos="367.819" type="resourcenode.wood.ancient" GUID="JSQwFsBz7UasFPOpvmqOtg=="/>
    <POI MapID="1043" xpos="298.664" ypos="238.499" zpos="-722.422" type="resourcenode.wood.ancient" GUID="MrDlegNXY0yFSrVSaZiDAg=="/>
    <POI MapID="1043" xpos="-397.198" ypos="245.326" zpos="155.385" type="resourcenode.wood.ancient" GUID="uJRHVSFaF02ETxn3QV+sww=="/>
    <POI MapID="1043" xpos="-490.275" ypos="244.506" zpos="56.9497" type="resourcenode.wood.ancient" GUID="49PR9SjiGkWUcygdoW1dWA=="/>
    <POI MapID="0" xpos="0" ypos="0" zpos="0" type="resourcenode.wood.ancient" GUID="FUtdBg2l5kqWegbzfulLTA=="/>
    <POI MapID="873" xpos="-318.755" ypos="50.0048" zpos="-62.9857" type="resourcenode.wood.ancient" GUID="7Hx4X68JkEWXTPYlgCBM2g=="/>
    <POI MapID="873" xpos="479.173" ypos="43.7588" zpos="-235.351" type="resourcenode.wood.ancient" GUID="nENOoi04UU+lLySqQJKpmA=="/>
    <POI MapID="30" xpos="526.271" ypos="42.2786" zpos="434.612" type="resourcenode.wood.ancient" GUID="tE2t8JRlhUm876NvTxxmsw=="/>
    <POI MapID="873" xpos="-365.138" ypos="50.8177" zpos="-216.993" type="resourcenode.wood.ancient" GUID="qW+zjR+QN0KVE1JqpivVVg=="/>
    <POI MapID="1043" xpos="465.786" ypos="297.267" zpos="100.744" type="resourcenode.wood.ancient" GUID="SfNibZEmOECoZhsZRBmnXQ=="/>
    <POI MapID="1043" xpos="392.196" ypos="283.517" zpos="153.423" type="resourcenode.wood.ancient" GUID="RSfMcYgvZ0eH//apfDyibQ=="/>
    <POI MapID="1043" xpos="283.153" ypos="278.649" zpos="-263.155" type="resourcenode.wood.ancient" GUID="GPHSFKPZoU2o65c2hPhH8g=="/>
    <POI MapID="30" xpos="572.688" ypos="30.3231" zpos="333.781" type="resourcenode.wood.ancient" GUID="Tqfmi/jMckmWDBHWcUzASw=="/>
    <POI MapID="30" xpos="548.538" ypos="44.1015" zpos="486.42" type="resourcenode.wood.ancient" GUID="Z9b5vTMs7U2Vy0Xa9QKNUw=="/>
    <POI MapID="1015" xpos="-120.706" ypos="413.972" zpos="-347.13" type="resourcenode.wood.ancient" GUID="F1g7OCJztUaPg7ZnUwL0aw=="/>
    <POI MapID="1015" xpos="-309.209" ypos="429.781" zpos="89.9304" type="resourcenode.wood.ancient" GUID="+lx0NhyQ2UOIaAQAf4whyA=="/>
    <POI MapID="30" xpos="555.411" ypos="26.8142" zpos="137.438" type="resourcenode.wood.ancient" GUID="TYC+NLY0S0qR/faLuQGczA=="/>
    <POI MapID="1043" xpos="485.515" ypos="303.869" zpos="-148.838" type="resourcenode.wood.ancient" GUID="HD5CbKQDHES3fPWBgwePfA=="/>
    <POI MapID="1043" xpos="142.244" ypos="308.727" zpos="334.752" type="resourcenode.wood.ancient" GUID="ccDqozWkkEu3geKny1FBtg=="/>
    <POI MapID="62" xpos="440.829" ypos="17.4226" zpos="-849.312" type="resourcenode.wood.ancient" GUID="JIQajAac4kCUyjvRXbEdjw=="/>
    <POI MapID="62" xpos="13.4636" ypos="12.007" zpos="133.42" type="resourcenode.wood.ancient" GUID="+5JGkuT7W0y2YkCa44yTHg=="/>
    <POI MapID="1043" xpos="-120.079" ypos="334.609" zpos="298.165" type="resourcenode.wood.ancient" GUID="qKJeHfOZ50uuDTFJnAEV/w=="/>
    <POI MapID="30" xpos="432.172" ypos="29.5219" zpos="324.544" type="resourcenode.wood.ancient" GUID="s0/8xCV2cUSv6aDiKIgOtA=="/>
    <POI MapID="375" xpos="94.7836" ypos="342.179" zpos="-300.58" type="resourcenode.wood.ancient" GUID="f+R5x7rxDkGTkdyP+vxaNQ=="/>
    <POI MapID="1043" xpos="-285.991" ypos="272.473" zpos="-743.086" type="resourcenode.wood.ancient" GUID="nTf2zic+OUGGbv7d9VMFfA=="/>
    <POI MapID="1043" xpos="91.4867" ypos="258.815" zpos="-385.894" type="resourcenode.wood.ancient" GUID="9ShxwTlVdEutSH/n9oilZg=="/>
    <POI MapID="1165" xpos="-141.08" ypos="546.216" zpos="138.677" type="resourcenode.wood.ancient" GUID="j23dRtYdIkOV7Kz7SOG2FA=="/>
    <POI MapID="1165" xpos="127.105" ypos="747.875" zpos="141.262" type="resourcenode.wood.ancient" GUID="9a/tjsHQw06Hb3hAOlRGmg=="/>
    <POI MapID="1165" xpos="-190.49" ypos="539.143" zpos="-38.2847" type="resourcenode.wood.ancient" GUID="jw+TemT/yk+9x7Vwzwhk+A=="/>
    <POI MapID="1045" xpos="687.224" ypos="226.498" zpos="-358.392" type="resourcenode.wood.ancient" GUID="CYv7xiZEEkudCv+BvDtTzg=="/>
    <POI MapID="1175" xpos="-813.772" ypos="14.3273" zpos="-293.111" type="resourcenode.wood.ancient" GUID="Il9hC2jW70q2t3pXGrwwFg=="/>
    <POI MapID="1175" xpos="-952.654" ypos="10.0151" zpos="47.3737" type="resourcenode.wood.ancient" GUID="fBAJkxlyD0KAd+/UHY+m5Q=="/>
    <POI MapID="1175" xpos="-862.617" ypos="1.745" zpos="159.661" type="resourcenode.wood.ancient" GUID="mpsuwg/m906T5bn6IvX1Hg=="/>
    <POI MapID="1175" xpos="660.462" ypos="1.56475" zpos="-1.34187" type="resourcenode.wood.ancient" GUID="5uxjpBDM+UOCA1pBPr9TNg=="/>
    <POI MapID="1175" xpos="772.199" ypos="1.1626" zpos="-30.9422" type="resourcenode.wood.ancient" GUID="dXyIBkp9skGhOcgPaz+6jA=="/>
    <POI MapID="1175" xpos="-897.373" ypos="8.69358" zpos="-65.2095" type="resourcenode.wood.ancient" GUID="/yWTX004MUmgh54LtWZuug=="/>
    <POI MapID="1175" xpos="763.825" ypos="1.47135" zpos="149.947" type="resourcenode.wood.ancient" GUID="kk0sIRCre0uWHaXGbQmiNw=="/>
    <POI MapID="1165" xpos="146.985" ypos="693.739" zpos="-115.186" type="resourcenode.wood.ancient" GUID="RQ63bZjuA02iM40fzrdaAg=="/>
    <POI MapID="1175" xpos="-318.504" ypos="38.753" zpos="-278.772" type="resourcenode.wood.ancient" GUID="BAcQW5q65kG274us1Yxcyw=="/>
    <POI MapID="1043" xpos="542.801" ypos="242.031" zpos="374.463" type="resourcenode.wood.ancient" GUID="Jg3vwPaK/U2gVR2NgWtS6w=="/>
    <POI MapID="1043" xpos="244.237" ypos="259.337" zpos="-536.917" type="resourcenode.wood.ancient" GUID="udd/xOssmUqh7orCCDNbkg=="/>
    <POI MapID="1052" xpos="-708.43" ypos="309.85" zpos="316.457" type="resourcenode.wood.ancient" GUID="P72o9vl9JUCjlgfjQkgWJA=="/>
    <POI MapID="1052" xpos="535.773" ypos="385.835" zpos="232.228" type="resourcenode.wood.ancient" GUID="NGkMSIzWqEubQjPYxkY5xg=="/>
    <POI MapID="62" xpos="342.738" ypos="29.8914" zpos="255.345" type="resourcenode.wood.ancient" GUID="zeL+qKFzCUmWetP6frZ8FA=="/>
    <POI MapID="62" xpos="162.037" ypos="31.8648" zpos="706.931" type="resourcenode.wood.ancient" GUID="tPzMtbbVr0+cE9usMBuXeQ=="/>
    <POI MapID="62" xpos="357.39" ypos="7.33693" zpos="-881.65" type="resourcenode.wood.ancient" GUID="Rb9DeN5ea0KPgZl+hJNYqg=="/>
    <POI MapID="62" xpos="367.391" ypos="17.0111" zpos="-846.201" type="resourcenode.wood.ancient" GUID="ikUpSCvT/EOUasL5y21uiw=="/>
    <POI MapID="62" xpos="28.0542" ypos="17.0174" zpos="-138.179" type="resourcenode.wood.ancient" GUID="w5BVepycgEe0dA15N8VXqA=="/>
    <POI MapID="62" xpos="1.86541" ypos="24.1732" zpos="-422.967" type="resourcenode.wood.ancient" GUID="MTGK3mVBpE+FvJyEyWWcGw=="/>
    <POI MapID="62" xpos="401.928" ypos="41.0131" zpos="409.317" type="resourcenode.wood.ancient" GUID="FvxgQXRXZ0ebO+IGhtMNFg=="/>
    <POI MapID="62" xpos="404.904" ypos="2.98977" zpos="-914.478" type="resourcenode.wood.ancient" GUID="el96Xv6Mn0iMezT8Qsy5Qw=="/>
    <POI MapID="62" xpos="298.049" ypos="10.0441" zpos="-830.158" type="resourcenode.wood.ancient" GUID="JPu4m6MFB0G7RQ4xq13+Pg=="/>
    <POI MapID="62" xpos="-61.2128" ypos="5.23626" zpos="672.729" type="resourcenode.wood.ancient" GUID="Sq7XuI5vw0+gr9Vtf34uUg=="/>
    <POI MapID="1175" xpos="-149.505" ypos="31.4787" zpos="-308.278" type="resourcenode.wood.ancient" GUID="fvdTrwiwlkiiMTAw+cgJ0Q=="/>
    <POI MapID="62" xpos="11.3545" ypos="20.9487" zpos="-366.645" type="resourcenode.wood.ancient" GUID="b8R2xb33ukmiHZflvYTAnQ=="/>
    <POI MapID="1045" xpos="-141.289" ypos="223.576" zpos="-249.803" type="resourcenode.wood.ancient" GUID="l9ce9gz+rUGOWzk1fOuw+Q=="/>
    <POI MapID="1045" xpos="642.592" ypos="223.98" zpos="-467.906" type="resourcenode.wood.ancient" GUID="kiXeXI/ZREOWkw9ZbvnFxA=="/>
    <POI MapID="1041" xpos="-174.875" ypos="116.493" zpos="590.059" type="resourcenode.wood.ancient" GUID="Rjc4q/FLaEiYEl9ljV8D6w=="/>
    <POI MapID="1015" xpos="32.8988" ypos="418.23" zpos="149.14" type="resourcenode.wood.ancient" GUID="iUGppwqtnEe/7GYTRjhEmg=="/>
    <POI MapID="1052" xpos="562.292" ypos="17.3222" zpos="-27.8879" type="resourcenode.wood.ancient" GUID="sItyBMt5w0yzQ0OrJoeRCg=="/>
    <POI MapID="1043" xpos="41.3547" ypos="285.367" zpos="-501.706" type="resourcenode.wood.ancient" GUID="1i1yKRruY0K4Yff1IbD7rw=="/>
    <POI MapID="1015" xpos="436.861" ypos="414.589" zpos="-399.298" type="resourcenode.wood.ancient" GUID="D6LM2W6Uc02UrR0IrXma2w=="/>
    <POI MapID="1015" xpos="-205.107" ypos="418.214" zpos="-133.653" type="resourcenode.wood.ancient" GUID="StqWNX2XGkCNniR+tQeADw=="/>
    <POI MapID="873" xpos="-51.9321" ypos="36.1568" zpos="-164.034" type="resourcenode.wood.ancient" GUID="jkuGtih/1EOvY9cE3UxFGw=="/>
    <POI MapID="1043" xpos="489.251" ypos="314.708" zpos="-289.031" type="resourcenode.wood.ancient" GUID="PX8wgcWPK0qLku8K5Mcqaw=="/>
    <POI MapID="1043" xpos="403.604" ypos="281.038" zpos="-296.406" type="resourcenode.wood.ancient" GUID="UsVYIKc2ckmMySTjHNB+jA=="/>
    <POI MapID="1178" xpos="-890.668" ypos="107.911" zpos="-193.717" type="resourcenode.wood.ancient" GUID="GVn2Uc5anEaTBGseNSrCnQ=="/>
    <POI MapID="1178" xpos="786.985" ypos="84.0351" zpos="-132.802" type="resourcenode.wood.ancient" GUID="KCbn9kej8kqyqdDlwUoLCg=="/>
    <POI MapID="1178" xpos="674.841" ypos="105.568" zpos="-92.1132" type="resourcenode.wood.ancient" GUID="UUnJg7Rjn0mk6tLILik6JQ=="/>
    <POI MapID="62" xpos="202.374" ypos="19.1318" zpos="-619.811" type="resourcenode.wood.ancient" GUID="SRzGhBuvx0qXxBp6OhWgog=="/>
    <POI MapID="1185" xpos="172.826" ypos="31.6143" zpos="-707.663" type="resourcenode.wood.ancient" GUID="QZI3kmBJH0GUy4BaYaDgBw=="/>
    <POI MapID="1185" xpos="164.852" ypos="44.2055" zpos="-448.98" type="resourcenode.wood.ancient" GUID="vN9uWLQW5UWi1NWLXr6d3w=="/>
    <POI MapID="1195" xpos="-71.5971" ypos="309.282" zpos="-70.8764" type="resourcenode.wood.ancient" GUID="SJ9d3Wzfx0eBZeyD2gv1Jw=="/>
    <POI MapID="1185" xpos="-278.09" ypos="104.722" zpos="555.681" type="resourcenode.wood.ancient" GUID="SjWB8KC2P0+afkUit0T34Q=="/>
    <POI MapID="1203" xpos="37.5499" ypos="26.9055" zpos="198.842" type="resourcenode.wood.ancient" GUID="1Nk+ukcGpUWt9UXsaslfwg=="/>
    <POI MapID="1203" xpos="-181.798" ypos="29.2038" zpos="-104.315" type="resourcenode.wood.ancient" GUID="7iIYRWovvUmzZ3EDYxNzHQ=="/>
    <POI MapID="1203" xpos="-33.3838" ypos="18.3911" zpos="-56.1547" type="resourcenode.wood.ancient" GUID="+V/VXMkFSE2RGQfZks1gVA=="/>
    <POI MapID="1203" xpos="-147.084" ypos="32.733" zpos="198.326" type="resourcenode.wood.ancient" GUID="bp+5nqwl+Em74mTJGskCjQ=="/>
    <POI MapID="1195" xpos="542.23" ypos="448.255" zpos="-201.682" type="resourcenode.wood.ancient" GUID="xHh0b3VATUCFQf90UMijVQ=="/>
    <POI MapID="1203" xpos="-158.161" ypos="48.6746" zpos="-15.5859" type="resourcenode.wood.ancient" GUID="2znmwV441ECTrwEw3aYTbA=="/>
    <POI MapID="1203" xpos="-333.695" ypos="24.0305" zpos="-30.5187" type="resourcenode.wood.ancient" GUID="w4TcOTMnKE2N4sFcmR6mPQ=="/>
    <POI MapID="1195" xpos="-397.663" ypos="477.624" zpos="-312.949" type="resourcenode.wood.ancient" GUID="lT26A+OIbEOJtNQfKg6xbw=="/>
    <POI MapID="1185" xpos="255.398" ypos="72.2302" zpos="-50.1545" type="resourcenode.wood.ancient" GUID="sB4Geb7Sy0mOrEUebnqf3Q=="/>
    <POI MapID="1185" xpos="327.016" ypos="66.2038" zpos="20.5945" type="resourcenode.wood.ancient" GUID="wi0k4Z7S6ES1NC+w8DcMJQ=="/>
    <POI MapID="1195" xpos="-267.76" ypos="496.633" zpos="-432.707" type="resourcenode.wood.ancient" GUID="73fYQsTff0SN7CV/5QQidw=="/>
    <POI MapID="1185" xpos="250.006" ypos="30.7306" zpos="-700.662" type="resourcenode.wood.ancient" GUID="zODiZ+Fta0+dxArHdrD6lA=="/>
    <POI MapID="1185" xpos="22.8394" ypos="36.1731" zpos="357.282" type="resourcenode.wood.ancient" GUID="KkbSO9Jtwke9tScRLBURQw=="/>
    <POI MapID="1210" xpos="47.1879" ypos="8.6704" zpos="-173.433" type="resourcenode.wood.ancient" GUID="yc/BlxPUTEag2khqhi3urQ=="/>
    <POI MapID="1210" xpos="-595.067" ypos="19.5048" zpos="341.488" type="resourcenode.wood.ancient" GUID="ReeDwtKxuk+CnooRgd3BzQ=="/>
    <POI MapID="1210" xpos="77.3445" ypos="4.04975" zpos="328.305" type="resourcenode.wood.ancient" GUID="n1HaG6VgZ0O73Q7hPg4zWg=="/>
    <POI MapID="1210" xpos="-315.126" ypos="38.887" zpos="424.932" type="resourcenode.wood.ancient" GUID="pK635sD/JEG8xJgieb3FoA=="/>
    <POI MapID="1210" xpos="-339.558" ypos="3.85723" zpos="-119.683" type="resourcenode.wood.ancient" GUID="tSswxQvByUuJzXyl+Ixt8w=="/>
    <POI MapID="1195" xpos="595.789" ypos="130.785" zpos="-408.495" type="resourcenode.wood.ancient" GUID="VsPpX/8QvEe8Dj1HloH4iw=="/>
    <POI MapID="1185" xpos="133.105" ypos="101.693" zpos="453.139" type="resourcenode.wood.ancient" GUID="uysbi6btf0CtKprjr/zmCQ=="/>
    <POI MapID="1185" xpos="-4.92643" ypos="81.1498" zpos="436.308" type="resourcenode.wood.ancient" GUID="B9fGl78uz06JbsUGi2em0g=="/>
    <POI MapID="1185" xpos="-181.651" ypos="57.0699" zpos="469.304" type="resourcenode.wood.ancient" GUID="dETZ3DBzc0qjfCPTFeL9pw=="/>
    <POI MapID="1203" xpos="-43.8483" ypos="24.2578" zpos="-22.3592" type="resourcenode.wood.ancient" GUID="QSUojr9pHUOZ16LbouLMVA=="/>
    <POI MapID="1185" xpos="213.855" ypos="70.2216" zpos="-25.7211" type="resourcenode.wood.ancient" GUID="79PxJsfON0SgvikjCGoiGw=="/>
    <POI MapID="1185" xpos="338.614" ypos="73.8958" zpos="-46.7775" type="resourcenode.wood.ancient" GUID="6AiU6RUu0km2UDkxGLCYsA=="/>
    <POI MapID="1203" xpos="-359.581" ypos="37.1888" zpos="-149.706" type="resourcenode.wood.ancient" GUID="2LL86+chYkSLOJ25/XkqlQ=="/>
    <POI MapID="1203" xpos="-353.126" ypos="27.5202" zpos="-9.7914" type="resourcenode.wood.ancient" GUID="swOetMWX2Uevt8QdoTQGSg=="/>
    <POI MapID="1043" xpos="279.408" ypos="310.288" zpos="366.07" type="resourcenode.wood.ancient" GUID="XrFuK7fc1EWu4kZa3Aa+Zw=="/>
    <POI MapID="1185" xpos="-140.412" ypos="68.203" zpos="513.127" type="resourcenode.wood.ancient" GUID="kudE/mnkwUaqdjaGnV3DoQ=="/>
    <POI MapID="1185" xpos="-165.686" ypos="86.2193" zpos="548.168" type="resourcenode.wood.ancient" GUID="ieozJc6ud0m8IeaJNP5F6Q=="/>
    <POI MapID="1015" xpos="-373.213" ypos="428.102" zpos="-192.29" type="resourcenode.wood.ancient" GUID="if8i1s3qn0yBo3lNFDPQ7A=="/>
    <POI MapID="1185" xpos="225.755" ypos="74.9591" zpos="-381.193" type="resourcenode.wood.ancient" GUID="mM5RC1chtUe1oKa3IFhBVw=="/>
    <POI MapID="1185" xpos="108.622" ypos="30.8873" zpos="-690.311" type="resourcenode.wood.ancient" GUID="DBwvDiHNvEWnwZfniuxdxw=="/>
    <POI MapID="1203" xpos="-367.054" ypos="17.6905" zpos="-53.1876" type="resourcenode.wood.ancient" GUID="09wo5GtIjE2UHkfNL4BX6A=="/>
    <POI MapID="1043" xpos="-276.788" ypos="275.988" zpos="-471.582" type="resourcenode.wood.ancient" GUID="IzcO/zoRc02aiIVKyD5yfg=="/>
    <POI MapID="1043" xpos="37.4245" ypos="302.351" zpos="560.982" type="resourcenode.wood.ancient" GUID="8ED+Hh/P0UCMuIMM/yPK1A=="/>
    <POI MapID="1043" xpos="-264.628" ypos="307.257" zpos="441.141" type="resourcenode.wood.ancient" GUID="6+yEQywkuUWQcPjjyIE0+w=="/>
    <POI MapID="65" xpos="895.132" ypos="67.294" zpos="-334.26" type="resourcenode.wood.ancient" GUID="Rw31d8XHREObS0jA15pP7w=="/>
    <POI MapID="1052" xpos="224.762" ypos="608.208" zpos="-208.231" type="resourcenode.wood.ancient" GUID="tzAFt6Knjk6wXGUzvXxWhQ=="/>
    <POI MapID="1185" xpos="170.243" ypos="46.9979" zpos="-510.072" type="resourcenode.wood.ancient" GUID="h2ejxiEBbEOAsKwbDudUzg=="/>
    <POI MapID="1045" xpos="736.318" ypos="226.613" zpos="-310.749" type="resourcenode.wood.ancient" GUID="IEy8sUIiaEKZ2K8K62d0TA=="/>
    <POI MapID="1210" xpos="-301.527" ypos="4.4559" zpos="120.247" type="resourcenode.wood.ancient" GUID="cOYDvHagWECSzlSQiHRhJQ=="/>
    <POI MapID="1211" xpos="225.942" ypos="166.893" zpos="-25.0729" type="resourcenode.wood.ancient" GUID="ow2nI/lDckGPXOLdEqoJzw=="/>
    <POI MapID="1211" xpos="194.565" ypos="256.453" zpos="277.378" type="resourcenode.wood.ancient" GUID="8ABBBMhwLk2gheUXXIEq2w=="/>
    <POI MapID="1211" xpos="-98.4613" ypos="229.978" zpos="272.162" type="resourcenode.wood.ancient" GUID="LeMbOOqUZ0uPss3+ckpPhg=="/>
    <POI MapID="1211" xpos="539" ypos="158.441" zpos="580.765" type="resourcenode.wood.ancient" GUID="TfpIFRtf20WdsjqeUIUGzg=="/>
    <POI MapID="1211" xpos="1120.81" ypos="220.953" zpos="-205.223" type="resourcenode.wood.ancient" GUID="9GF0Phdwe0yIElfaneWa3A=="/>
    <POI MapID="1211" xpos="662.442" ypos="191.444" zpos="-66.0686" type="resourcenode.wood.ancient" GUID="frEbeGMHA0i4rEewPedfgQ=="/>
    <POI MapID="1228" xpos="-512.344" ypos="70.994" zpos="534.345" type="resourcenode.wood.ancient" GUID="9mPi0eXt50eP2wakIbjSxg=="/>
    <POI MapID="1228" xpos="-1040.23" ypos="83.0708" zpos="766.12" type="resourcenode.wood.ancient" GUID="6BvNXZvwqEGBHK0r6HcjlQ=="/>
    <POI MapID="1228" xpos="948.028" ypos="52.5027" zpos="-39.031" type="resourcenode.wood.ancient" GUID="g7yfcKQuZkCqm/JSLZq1TQ=="/>
    <POI MapID="1211" xpos="822.438" ypos="215.66" zpos="465.635" type="resourcenode.wood.ancient" GUID="f5/1+YObnECvM79eJ/NN6A=="/>
    <POI MapID="1226" xpos="971.785" ypos="259.332" zpos="-1330.42" type="resourcenode.wood.ancient" GUID="IrQ2zKaA4k+yFToeaTpmeA=="/>
    <POI MapID="1226" xpos="916.106" ypos="270.838" zpos="-441.022" type="resourcenode.wood.ancient" GUID="oHoyh1tyzEO7Aoo/ts8zbQ=="/>
    <POI MapID="1210" xpos="29.9756" ypos="15.7173" zpos="29.8437" type="resourcenode.wood.ancient" GUID="i/K3XU/ZG0iVDI5scbSgrQ=="/>
    <POI MapID="1211" xpos="206.752" ypos="182.883" zpos="-298.948" type="resourcenode.wood.ancient" GUID="V2vDgeFcL0a03i1o7nlBpA=="/>
    <POI MapID="1211" xpos="-137.878" ypos="258.577" zpos="450.67" type="resourcenode.wood.ancient" GUID="fJrxWq64f0qYck1lQycNLg=="/>
    <POI MapID="1211" xpos="-677.81" ypos="377.152" zpos="438.554" type="resourcenode.wood.ancient" GUID="5iQJAYyqtUuXtieNdigu3Q=="/>
    <POI MapID="1211" xpos="-240.94" ypos="259.731" zpos="485.644" type="resourcenode.wood.ancient" GUID="iY/ALIBUxUW2tCNcoH3HFQ=="/>
    <POI MapID="1211" xpos="-564.643" ypos="287.087" zpos="-8.41669" type="resourcenode.wood.ancient" GUID="sPEiKJqa2Eqr0yya6hOEtw=="/>
    <POI MapID="1211" xpos="635.809" ypos="157.495" zpos="-56.1148" type="resourcenode.wood.ancient" GUID="RdhY7keRpk2nrcOqq12dJg=="/>
    <POI MapID="1211" xpos="-1287.35" ypos="2.3761" zpos="-593.308" type="resourcenode.wood.ancient" GUID="onUQemtYrEuc8ua/njWIGg=="/>
    <POI MapID="1210" xpos="-1103.91" ypos="19.391" zpos="342.518" type="resourcenode.wood.ancient" GUID="9ZPtjh0Rs0y4j8MoQ5n/jQ=="/>
    <POI MapID="1210" xpos="-897.612" ypos="13.4857" zpos="380.937" type="resourcenode.wood.ancient" GUID="AFFZQ23d406gXg0vhBJWIw=="/>
    <POI MapID="1210" xpos="-417.22" ypos="17.0491" zpos="-558.895" type="resourcenode.wood.ancient" GUID="sLF8rzJszkS54yXcWgfreQ=="/>
    <POI MapID="1228" xpos="677.469" ypos="3.48309" zpos="-377.096" type="resourcenode.wood.ancient" GUID="99DqzsPCZEK+iXa7Xlpaxg=="/>
    <POI MapID="1228" xpos="-224.17" ypos="73.5271" zpos="-183.883" type="resourcenode.wood.ancient" GUID="OzS5Zy4V4EmhggJWquEeIg=="/>
    <POI MapID="1228" xpos="738.044" ypos="141.199" zpos="843.329" type="resourcenode.wood.ancient" GUID="R4RU81EpqUeqrPvsnNCCcA=="/>
    <POI MapID="1228" xpos="-913.984" ypos="65.9556" zpos="961.052" type="resourcenode.wood.ancient" GUID="7j4mtqqmvk2C7ZeLiPPYSQ=="/>
    <POI MapID="1210" xpos="-927.249" ypos="3.56075" zpos="-527.835" type="resourcenode.wood.ancient" GUID="ZrWnnjxx7kanwUvg0bOpDg=="/>
    <POI MapID="1210" xpos="-477.15" ypos="2.28873" zpos="100.17" type="resourcenode.wood.ancient" GUID="at4gpVslqEaRme+aIH0SRQ=="/>
    <POI MapID="1210" xpos="-333.665" ypos="3.62239" zpos="204.662" type="resourcenode.wood.ancient" GUID="U2LBHkdXw0+6te5LRFTFqQ=="/>
    <POI MapID="1211" xpos="-73.4332" ypos="280.157" zpos="141.168" type="resourcenode.wood.ancient" GUID="FqV9+panYUScNqkJS/Bf+Q=="/>
    <POI MapID="1210" xpos="217.169" ypos="60.3961" zpos="564.964" type="resourcenode.wood.ancient" GUID="EIS1JK/SxESPCxa6qNIt8w=="/>
    <POI MapID="1210" xpos="-1146.56" ypos="0.188778" zpos="-221.654" type="resourcenode.wood.ancient" GUID="uHGiNJ5UrEm9RYEgcoZt6Q=="/>
    <POI MapID="1248" xpos="901.147" ypos="7.61158" zpos="627.824" type="resourcenode.wood.ancient" GUID="YHzZH6WKIU2ngfI+rJFcrw=="/>
    <POI MapID="1226" xpos="685.129" ypos="241.625" zpos="499.599" type="resourcenode.wood.ancient" GUID="/iiurYL7kEa0ygvBLVR3Pw=="/>
    <POI MapID="1226" xpos="-395.128" ypos="0.391663" zpos="1342.33" type="resourcenode.wood.ancient" GUID="ozatEWARuESj+BNg1Xdq3A=="/>
    <POI MapID="1228" xpos="-685.973" ypos="79.0438" zpos="-345.603" type="resourcenode.wood.ancient" GUID="y3Fr3QIud0KOnQjSjRsv1A=="/>
    <POI MapID="1228" xpos="170.559" ypos="108.142" zpos="947.97" type="resourcenode.wood.ancient" GUID="kBT+qM0t0UOYDgKj2sTJFg=="/>
    <POI MapID="1226" xpos="-60.3543" ypos="265.558" zpos="-0.641902" type="resourcenode.wood.ancient" GUID="7f22cfuJ1EOQk8Jknk0eTw=="/>
    <POI MapID="1211" xpos="-205.704" ypos="232.671" zpos="321.296" type="resourcenode.wood.ancient" GUID="EgUzAd3Q0UqQGpH+I1uGqw=="/>
    <POI MapID="1211" xpos="-463.741" ypos="277.741" zpos="-71.6662" type="resourcenode.wood.ancient" GUID="oIWsQo0pCUeI982wGGmJpQ=="/>
    <POI MapID="1226" xpos="-1031.73" ypos="15.5961" zpos="1130.93" type="resourcenode.wood.ancient" GUID="CjGxRMgs0UCJnoIxttXNNw=="/>
    <POI MapID="1210" xpos="-1316.62" ypos="1.40802" zpos="569.431" type="resourcenode.wood.ancient" GUID="LfCtEd8gEUylzk8CADKBow=="/>
    <POI MapID="1211" xpos="-82.2164" ypos="69.1786" zpos="-522.302" type="resourcenode.wood.ancient" GUID="0jNo0R0FeUuHmK/usT/LbQ=="/>
    <POI MapID="1043" xpos="-531.297" ypos="295.746" zpos="-132.06" type="resourcenode.wood.ancient" GUID="zuPkCHtyV0aMie1CD0BVNg=="/>
    <POI MapID="1228" xpos="-864.761" ypos="25.2686" zpos="-951.427" type="resourcenode.wood.ancient" GUID="43uv/mZ3h02Bp6Yy8sj8Bw=="/>
    <POI MapID="1228" xpos="-309.045" ypos="1.36343" zpos="-827.746" type="resourcenode.wood.ancient" GUID="YzgSI+vnGU+od4/A0dqZGg=="/>
    <POI MapID="1226" xpos="938.484" ypos="101.767" zpos="1238.39" type="resourcenode.wood.ancient" GUID="6ypJc41O60CoRh3t+wa3zQ=="/>
    <POI MapID="1211" xpos="-1403.04" ypos="469.139" zpos="-38.9889" type="resourcenode.wood.ancient" GUID="maGN5oFt8UmgTno25XOPiA=="/>
    <POI MapID="1226" xpos="481.589" ypos="319.969" zpos="-871.508" type="resourcenode.wood.ancient" GUID="o4l6QX2mjEO7WeNBdT7Huw=="/>
    <POI MapID="1228" xpos="373.765" ypos="59.0622" zpos="331.746" type="resourcenode.wood.ancient" GUID="jGcYb3WDd0a4+U2KEI9emg=="/>
    <POI MapID="1248" xpos="1363.27" ypos="78.152" zpos="-242.393" type="resourcenode.wood.ancient" GUID="H1idkM3oF0O+aZOdB6KsKA=="/>
    <POI MapID="1211" xpos="45.4679" ypos="339.372" zpos="249.553" type="resourcenode.wood.ancient" GUID="d+LX8Kqd40GolMe5w2M4XA=="/>
    <POI MapID="1211" xpos="-394.883" ypos="151.87" zpos="-177.299" type="resourcenode.wood.ancient" GUID="4lQmOp/WsEuLm5Gdh+Vihw=="/>
    <POI MapID="1210" xpos="1095.82" ypos="163.768" zpos="291.391" type="resourcenode.wood.ancient" GUID="0+CT+kJDQUabXwBLqkFqzA=="/>
    <POI MapID="1210" xpos="-1254.45" ypos="3.34181" zpos="-52.2445" type="resourcenode.wood.ancient" GUID="aNyodjoiake0y2F5+8aJoQ=="/>
    <POI MapID="1210" xpos="-50.3965" ypos="11.668" zpos="196.617" type="resourcenode.wood.ancient" GUID="r7SqVp63Mkmft/w0NG8gkA=="/>
    <POI MapID="1211" xpos="472.926" ypos="183.348" zpos="155.501" type="resourcenode.wood.ancient" GUID="lRyqlUFKYUCfemzdf3GHLw=="/>
    <POI MapID="1211" xpos="46.0288" ypos="311.57" zpos="432.004" type="resourcenode.wood.ancient" GUID="W4Tbzc57lkec4R3kjtntNQ=="/>
    <POI MapID="1210" xpos="935.54" ypos="13.9903" zpos="-156.818" type="resourcenode.wood.ancient" GUID="WJVvndXRTkGI3xXkkeuejw=="/>
    <POI MapID="1248" xpos="541.398" ypos="169.706" zpos="-292.854" type="resourcenode.wood.ancient" GUID="n81h7mvrJUOWemmTDafdwg=="/>
    <POI MapID="1211" xpos="-694.399" ypos="2.60571" zpos="-578.94" type="resourcenode.wood.ancient" GUID="gJTWuro3gUeTzHaTwb5k7Q=="/>
    <POI MapID="1226" xpos="-902.372" ypos="310.096" zpos="-567.943" type="resourcenode.wood.ancient" GUID="Fa7FdzcYCEW3vvO7yZGPBw=="/>
    <POI MapID="1210" xpos="1251.19" ypos="51.5931" zpos="-459.841" type="resourcenode.wood.ancient" GUID="mZ+j7L0fHEK+YSoMK/fbtQ=="/>
    <POI MapID="988" xpos="-195.254" ypos="23.9868" zpos="-32.9754" type="resourcenode.wood.ancient" GUID="zTF1zLdFxkWZRxZ5D53BLQ=="/>
    <POI MapID="1226" xpos="-22.4183" ypos="273.213" zpos="364.763" type="resourcenode.wood.ancient" GUID="V4NrjbioyUOerUfy6H0w5w=="/>
    <POI MapID="1226" xpos="291.406" ypos="244.683" zpos="481.418" type="resourcenode.wood.ancient" GUID="QaDx8S5qgUutdCmXkOwWuw=="/>
    <POI MapID="988" xpos="-424.828" ypos="70.584" zpos="-184.337" type="resourcenode.wood.ancient" GUID="RTmi2Syg6UK28jlYN4fYmg=="/>
    <POI MapID="1211" xpos="281.172" ypos="236.645" zpos="133.174" type="resourcenode.wood.ancient" GUID="InX+ZySGRUarhFJwf5JeGw=="/>
    <POI MapID="1211" xpos="604.334" ypos="154.581" zpos="257.66" type="resourcenode.wood.ancient" GUID="Lj1Va75kkkmE0DeGTdxQ8g=="/>
    <POI MapID="1211" xpos="716.102" ypos="217.209" zpos="394.245" type="resourcenode.wood.ancient" GUID="R7bUIEGrN0uTgy5h/ZAaqw=="/>
    <POI MapID="1210" xpos="292.063" ypos="135.317" zpos="465.09" type="resourcenode.wood.ancient" GUID="PNN1UJJ+S0KMZECjLm9ENA=="/>
    <POI MapID="1210" xpos="653.353" ypos="228.446" zpos="444.219" type="resourcenode.wood.ancient" GUID="5dbyAQiUzUitZ9ZKujUxKg=="/>
  </POIs>
</OverlayData>