<OverlayData>
  <MarkerCategory name="ResourceNode" DisplayName="Resource Nodes" data-class="fade-1" behavior="1" iconFile="Data/ResourceNode.png" data-iconFile="Data/ResourceNode.png" fadeFar="16800" fadeNear="8400">
    <MarkerCategory name="Wood" iconFile="Data/ResourceNode/Wood.png" data-iconFile="Data/Wood.png">
      <MarkerCategory name="Soft"/>
    </MarkerCategory>
  </MarkerCategory>
  <POIs>
    <POI MapID="32" xpos="-425.158" ypos="23.554" zpos="-443.55" type="resourcenode.wood.soft" GUID="F0fY2g+AdEiRM9jUXZZmHw=="/>
    <POI MapID="32" xpos="-363.387" ypos="35.7183" zpos="-382.363" type="resourcenode.wood.soft" GUID="oxUYDWjBvk6HF6VF47JtIg=="/>
    <POI MapID="32" xpos="-442.163" ypos="29.5908" zpos="-329.72" type="resourcenode.wood.soft" GUID="7UsLH9x1hkaQ/NeZ5uXeJQ=="/>
    <POI MapID="32" xpos="-829.797" ypos="43.9205" zpos="-197.409" type="resourcenode.wood.soft" GUID="ldwCypJrDUuh5GtSHzKieg=="/>
    <POI MapID="54" xpos="-667.447" ypos="68.8452" zpos="559.677" type="resourcenode.wood.soft" GUID="NWF4xy3vI0GisP/cFLu6EA=="/>
    <POI MapID="54" xpos="-720.371" ypos="23.1211" zpos="-74.1092" type="resourcenode.wood.soft" GUID="WSt1YzSHnE+syrS9R4xTdw=="/>
    <POI MapID="17" xpos="772.05" ypos="20.8525" zpos="-653.991" type="resourcenode.wood.soft" GUID="QmyQOsC8M0qj4Oj1y4eG4g=="/>
    <POI MapID="23" xpos="144.415" ypos="61.7237" zpos="351.237" type="resourcenode.wood.soft" GUID="6KeW3W6oZ0GyiDFoNG6UjQ=="/>
    <POI MapID="23" xpos="170.198" ypos="63.7034" zpos="360.188" type="resourcenode.wood.soft" GUID="ZC375gNCAECqjkFDIz72iQ=="/>
    <POI MapID="23" xpos="-40.8883" ypos="31.1976" zpos="446.447" type="resourcenode.wood.soft" GUID="gDiTr4K+e0a3foVkXUn3Mg=="/>
    <POI MapID="23" xpos="-759.378" ypos="43.442" zpos="374.754" type="resourcenode.wood.soft" GUID="em6ZJxiMbE2C7VJzBu9vMg=="/>
    <POI MapID="23" xpos="-880.766" ypos="71.9793" zpos="374.725" type="resourcenode.wood.soft" GUID="z74vNcyMcUG0YqfNd/pQxw=="/>
    <POI MapID="23" xpos="-1038.08" ypos="56.3446" zpos="-241.619" type="resourcenode.wood.soft" GUID="VFnU9LJKHUCzh58UItJU1A=="/>
    <POI MapID="23" xpos="-972.053" ypos="8.71093" zpos="-400.178" type="resourcenode.wood.soft" GUID="gr8K3TkmtEqY8KMG+kVxvA=="/>
    <POI MapID="23" xpos="-820.273" ypos="18.5668" zpos="-406.873" type="resourcenode.wood.soft" GUID="CLQBYheBG0+OneLAHsh9KA=="/>
    <POI MapID="23" xpos="-912.644" ypos="0.842865" zpos="-553.065" type="resourcenode.wood.soft" GUID="GoWKsvldnkaort8bXG803A=="/>
    <POI MapID="23" xpos="-111.225" ypos="90.339" zpos="154.823" type="resourcenode.wood.soft" GUID="KxgxJCVZ4kyeVzLrGUO65A=="/>
    <POI MapID="31" xpos="-417.781" ypos="31.252" zpos="-480.449" type="resourcenode.wood.soft" GUID="O4WS+QfrVEOvJYMBEErAqQ=="/>
    <POI MapID="31" xpos="-586.444" ypos="48.7563" zpos="-124.324" type="resourcenode.wood.soft" GUID="7d9wVB4U50ifsCU0aRpMGA=="/>
    <POI MapID="31" xpos="-988.088" ypos="58.6968" zpos="-76.832" type="resourcenode.wood.soft" GUID="LtNQuDd+ZEWQb6JvG6x3ZA=="/>
    <POI MapID="31" xpos="1171.95" ypos="96.8892" zpos="-176.07" type="resourcenode.wood.soft" GUID="2F8a399tLEOgNomV500DYA=="/>
    <POI MapID="17" xpos="-153.498" ypos="29.4415" zpos="351.886" type="resourcenode.wood.soft" GUID="x20uBVLSiE2orim8hJjYyg=="/>
    <POI MapID="17" xpos="-133.668" ypos="28.3317" zpos="354.788" type="resourcenode.wood.soft" GUID="r9ddtW+IIUOTdAXf5Pd7dA=="/>
    <POI MapID="27" xpos="274.47" ypos="140.026" zpos="1261.51" type="resourcenode.wood.soft" GUID="6j7gQc3530KEChTy8h6JQg=="/>
    <POI MapID="27" xpos="100.286" ypos="112.957" zpos="1074.97" type="resourcenode.wood.soft" GUID="jMMmakpdvE6GR5kJqAKW/w=="/>
    <POI MapID="27" xpos="-210.749" ypos="31.6603" zpos="748.054" type="resourcenode.wood.soft" GUID="9xLEzAB6H0maQM9VCpdyKQ=="/>
    <POI MapID="27" xpos="-252.551" ypos="51.5368" zpos="774.126" type="resourcenode.wood.soft" GUID="aWfdDn4h202qygSNu/MjbA=="/>
    <POI MapID="375" xpos="102.77" ypos="341.971" zpos="-281.197" type="resourcenode.wood.soft" GUID="LPSSY5bhTEm6o/VUXtxV0A=="/>
    <POI MapID="31" xpos="356.67" ypos="30.28" zpos="96.763" type="resourcenode.wood.soft" GUID="CjFYoeGSvUG0IPYLC+rSfw=="/>
    <POI MapID="32" xpos="748.803" ypos="30.4409" zpos="329.374" type="resourcenode.wood.soft" GUID="IsyltHdZuU2s4voNNjEVcw=="/>
    <POI MapID="17" xpos="-242.167" ypos="1.45921" zpos="746.183" type="resourcenode.wood.soft" GUID="WoVyrX60QU+sOiO7Mo0+Gg=="/>
    <POI MapID="54" xpos="-522.844" ypos="39.1282" zpos="39.4228" type="resourcenode.wood.soft" GUID="8MEnlhWYMUGrZuYGmnPHCA=="/>
    <POI MapID="54" xpos="-536.878" ypos="56.4645" zpos="173.782" type="resourcenode.wood.soft" GUID="JgTyr5ngjUeXqzj/xQD/Vw=="/>
    <POI MapID="54" xpos="-160.611" ypos="34.2929" zpos="278.055" type="resourcenode.wood.soft" GUID="8Yllj1gHGkWPD0KHECok+g=="/>
    <POI MapID="54" xpos="-154.304" ypos="54.8735" zpos="391.131" type="resourcenode.wood.soft" GUID="pND4aXIbwkyS4aXZvEKsUQ=="/>
    <POI MapID="54" xpos="953.612" ypos="73.6418" zpos="728.777" type="resourcenode.wood.soft" GUID="ghf/sSI7okuFLwmNpPG5wA=="/>
    <POI MapID="27" xpos="-235.773" ypos="26.4373" zpos="-1084.02" type="resourcenode.wood.soft" GUID="I+1AGUmud0+N/F9j88xa6g=="/>
    <POI MapID="27" xpos="-295.21" ypos="56.6076" zpos="-1308.53" type="resourcenode.wood.soft" GUID="Pte9Xluo3kahrGgevdazLg=="/>
    <POI MapID="27" xpos="115.665" ypos="112.574" zpos="766.933" type="resourcenode.wood.soft" GUID="o9OSUtfXIkKHj5+QxwFEcg=="/>
    <POI MapID="27" xpos="53.3895" ypos="141.341" zpos="678.343" type="resourcenode.wood.soft" GUID="n/Ga29kn1U6E9QYjrD/nrw=="/>
    <POI MapID="27" xpos="-247.275" ypos="141.835" zpos="947.888" type="resourcenode.wood.soft" GUID="3itiTY2og0qejZssszl+6w=="/>
    <POI MapID="27" xpos="-315.153" ypos="119.576" zpos="1070.96" type="resourcenode.wood.soft" GUID="LEgobtha/km2FYW8rFTPXA=="/>
    <POI MapID="54" xpos="-728.347" ypos="60.723" zpos="275.897" type="resourcenode.wood.soft" GUID="3g4FTrXLSUuaLpRqfJQtxw=="/>
    <POI MapID="17" xpos="-199.952" ypos="56.9145" zpos="616.446" type="resourcenode.wood.soft" GUID="aSVwzf6QEE2FNp9rSNqMxA=="/>
    <POI MapID="17" xpos="-130.793" ypos="40.7686" zpos="529.296" type="resourcenode.wood.soft" GUID="s6diyNU3YESsYHbvkrUCgA=="/>
    <POI MapID="17" xpos="-148.98" ypos="39.3701" zpos="488.035" type="resourcenode.wood.soft" GUID="XP8Dkx8arkWS0bJH5+jJ/w=="/>
    <POI MapID="17" xpos="220.826" ypos="13.5185" zpos="160.444" type="resourcenode.wood.soft" GUID="D/hTNUaejkKjijDLlMg2IA=="/>
    <POI MapID="17" xpos="156.988" ypos="6.25536" zpos="154.561" type="resourcenode.wood.soft" GUID="DjtJNAr7jE+ak0i915rR1Q=="/>
    <POI MapID="248" xpos="240.296" ypos="69.8632" zpos="245.591" type="resourcenode.wood.soft" GUID="UVtY+KebAU2VmpXHnY6bSw=="/>
    <POI MapID="17" xpos="805.842" ypos="39.001" zpos="-342.931" type="resourcenode.wood.soft" GUID="1KdA1KuSQ0+ATo5MkNcqvQ=="/>
    <POI MapID="17" xpos="843.151" ypos="42.1911" zpos="-305.134" type="resourcenode.wood.soft" GUID="gf3K9ngSb0mvYVzKOoyzzA=="/>
    <POI MapID="17" xpos="878.277" ypos="49.3115" zpos="-375.338" type="resourcenode.wood.soft" GUID="X2ZtV7HGWU6lBnmvAERD0Q=="/>
    <POI MapID="27" xpos="-326.207" ypos="36.5361" zpos="-268.284" type="resourcenode.wood.soft" GUID="gI1YG628dEutohKldZvhdw=="/>
    <POI MapID="27" xpos="-252.832" ypos="51.7567" zpos="-333.562" type="resourcenode.wood.soft" GUID="IRuJtY+hz0yrFhbdKUt2Dg=="/>
    <POI MapID="32" xpos="-135.799" ypos="38.4102" zpos="-591.361" type="resourcenode.wood.soft" GUID="EJQAQ2LYSEi+khkGSh0zkw=="/>
    <POI MapID="32" xpos="658.678" ypos="26.3011" zpos="-22.7379" type="resourcenode.wood.soft" GUID="aLp4TzxRjkK9RvTsqm+tbQ=="/>
    <POI MapID="32" xpos="607.161" ypos="33.0056" zpos="6.73597" type="resourcenode.wood.soft" GUID="Fwf5S6E56kCQhbu5dGHWcw=="/>
    <POI MapID="21" xpos="57.6699" ypos="25.539" zpos="-698.156" type="resourcenode.wood.soft" GUID="JgsolfuS+UKX1+svQHdWTQ=="/>
    <POI MapID="21" xpos="125.221" ypos="32.7764" zpos="-595.533" type="resourcenode.wood.soft" GUID="547ff4TSi0e1QA+MeAGofw=="/>
    <POI MapID="21" xpos="103.448" ypos="12.4789" zpos="-602.576" type="resourcenode.wood.soft" GUID="3FGqwoSAZEux8veCbI7ppQ=="/>
    <POI MapID="21" xpos="10.6112" ypos="17.8387" zpos="-620.352" type="resourcenode.wood.soft" GUID="EBPcTgmBGkSea0XjZwRhZw=="/>
    <POI MapID="21" xpos="406.152" ypos="30.741" zpos="-617.036" type="resourcenode.wood.soft" GUID="4XThCXt7sEqwS4dTAF892g=="/>
    <POI MapID="21" xpos="502.633" ypos="25.8594" zpos="-596.157" type="resourcenode.wood.soft" GUID="TwN6Yr7Q2UyOdi55uU3fUA=="/>
    <POI MapID="24" xpos="829.167" ypos="6.06506" zpos="-435.028" type="resourcenode.wood.soft" GUID="VaIEY0P6NEeT47twBOh3xA=="/>
    <POI MapID="24" xpos="876.492" ypos="25.5897" zpos="-496.815" type="resourcenode.wood.soft" GUID="/ohcPUzxckut+ZK2lCJf4w=="/>
    <POI MapID="32" xpos="-678.207" ypos="30.1214" zpos="-237.641" type="resourcenode.wood.soft" GUID="P9IfKlvfIUCQI54a4GXqJw=="/>
    <POI MapID="32" xpos="-867.908" ypos="48.2031" zpos="-69.3629" type="resourcenode.wood.soft" GUID="/roP04y4F0WRDr56O5OITQ=="/>
    <POI MapID="23" xpos="-783.565" ypos="17.9135" zpos="-198.708" type="resourcenode.wood.soft" GUID="KDMT2vFMM0uBFj6J2BOOWQ=="/>
    <POI MapID="31" xpos="-141.224" ypos="22.6375" zpos="316.599" type="resourcenode.wood.soft" GUID="r8VXbIa0v0afOy4E41XxSQ=="/>
    <POI MapID="31" xpos="-155.363" ypos="42.1216" zpos="194.821" type="resourcenode.wood.soft" GUID="HiHVhDh7l0CxQ1OIrxNZ0g=="/>
    <POI MapID="31" xpos="-81.5153" ypos="59.0446" zpos="116.29" type="resourcenode.wood.soft" GUID="/neZc8rlxEavWgmbPC1JpQ=="/>
    <POI MapID="31" xpos="473.24" ypos="56.9124" zpos="311.677" type="resourcenode.wood.soft" GUID="++3qWGjftkS0UIvLABmthg=="/>
    <POI MapID="31" xpos="-477.622" ypos="31.1125" zpos="-487.167" type="resourcenode.wood.soft" GUID="or7nfSLbXEO6Do4Y+3ph1Q=="/>
    <POI MapID="31" xpos="-641.219" ypos="44.1177" zpos="-531.741" type="resourcenode.wood.soft" GUID="MABnFEXr10i5na4evtofeQ=="/>
    <POI MapID="31" xpos="-1135.8" ypos="41.4853" zpos="-213.394" type="resourcenode.wood.soft" GUID="8iny/dozr0GPsJDdhj684g=="/>
    <POI MapID="31" xpos="-863.108" ypos="35.0084" zpos="-1.71728" type="resourcenode.wood.soft" GUID="EFImjCv2nUe0SfDKG65m7g=="/>
    <POI MapID="31" xpos="-1032.85" ypos="81.7235" zpos="181.803" type="resourcenode.wood.soft" GUID="31GwRzcOjkadL2LbLbNavw=="/>
    <POI MapID="31" xpos="-25.3622" ypos="4.7758" zpos="-425.382" type="resourcenode.wood.soft" GUID="UaLfluMYg0GllM+ZJhp4Ig=="/>
    <POI MapID="31" xpos="780.483" ypos="58.1419" zpos="-236.272" type="resourcenode.wood.soft" GUID="afwmrBc9ck6M2Ff5T0nEdQ=="/>
    <POI MapID="31" xpos="943.233" ypos="96.5696" zpos="-293.974" type="resourcenode.wood.soft" GUID="fz9LxDWz20meV5YgE9sHZA=="/>
    <POI MapID="31" xpos="961.891" ypos="82.1913" zpos="-330.487" type="resourcenode.wood.soft" GUID="CgkiEJdBMEaCCHOptV9OjQ=="/>
    <POI MapID="31" xpos="1142.18" ypos="105.999" zpos="-327.38" type="resourcenode.wood.soft" GUID="fPyVQ0cTPEaKWGAYp8aX6Q=="/>
    <POI MapID="31" xpos="1183.74" ypos="102.809" zpos="-294.972" type="resourcenode.wood.soft" GUID="VhAtASiDnEO2Z21BH/yhHA=="/>
    <POI MapID="31" xpos="945.272" ypos="85.2243" zpos="-92.7991" type="resourcenode.wood.soft" GUID="xnTIh2Fbl02q1bnSF4oKeg=="/>
    <POI MapID="31" xpos="-234.274" ypos="8.84269" zpos="-418.262" type="resourcenode.wood.soft" GUID="VnNZMFGlUkqxHVdb/KufiA=="/>
    <POI MapID="31" xpos="657.102" ypos="64.3174" zpos="530.646" type="resourcenode.wood.soft" GUID="AxAWk6GQaUOBnAP8NMZINQ=="/>
    <POI MapID="54" xpos="-562.578" ypos="81.5779" zpos="571.095" type="resourcenode.wood.soft" GUID="TknOog+7ekidjazvSsijjg=="/>
    <POI MapID="54" xpos="-485.684" ypos="16.7462" zpos="673.374" type="resourcenode.wood.soft" GUID="90vtysPj00mkG+NVKlgWvQ=="/>
    <POI MapID="54" xpos="193.96" ypos="46.5256" zpos="-539.556" type="resourcenode.wood.soft" GUID="K26+EZ9Qo0e2GSLE2eUU/Q=="/>
    <POI MapID="54" xpos="-790.625" ypos="67.9053" zpos="317.895" type="resourcenode.wood.soft" GUID="6Wez8U+PU0K8FWcruO9Cag=="/>
    <POI MapID="54" xpos="-775.058" ypos="68.3048" zpos="520.36" type="resourcenode.wood.soft" GUID="2Ojnbuvs9UqexdjoN38TIg=="/>
    <POI MapID="54" xpos="-733.685" ypos="20.5436" zpos="-8.98438" type="resourcenode.wood.soft" GUID="GOSkrQkMP0SVhkFb2FHxkQ=="/>
    <POI MapID="54" xpos="-648.643" ypos="32.5825" zpos="-88.6454" type="resourcenode.wood.soft" GUID="9gb+yTfhAkaoA3wZLnHYWA=="/>
    <POI MapID="54" xpos="-543.458" ypos="27.3444" zpos="-176.628" type="resourcenode.wood.soft" GUID="KkSQv0vZJ0mA8Z9b4r3sKg=="/>
    <POI MapID="54" xpos="-760.318" ypos="81.553" zpos="577.967" type="resourcenode.wood.soft" GUID="hGVgjT87v0eMUaSN+xeX+w=="/>
    <POI MapID="32" xpos="-340.107" ypos="55.762" zpos="323.515" type="resourcenode.wood.soft" GUID="5w1HyUaEI0uddsECbEnOag=="/>
    <POI MapID="32" xpos="-216.776" ypos="37.3275" zpos="158.211" type="resourcenode.wood.soft" GUID="s9XypczpWEWMF5BoZ011Dg=="/>
    <POI MapID="32" xpos="-367.361" ypos="44.179" zpos="174.497" type="resourcenode.wood.soft" GUID="0OIMgj4NhUWJrLMuSi+twQ=="/>
    <POI MapID="32" xpos="-373.409" ypos="39.0058" zpos="124.088" type="resourcenode.wood.soft" GUID="rfOUE8yn60SKTb2sFaKWgA=="/>
    <POI MapID="32" xpos="-377.616" ypos="37.2314" zpos="86.6278" type="resourcenode.wood.soft" GUID="13KUDRG+UEK8BCWtv4yTPQ=="/>
    <POI MapID="32" xpos="-193.685" ypos="54.9189" zpos="295.465" type="resourcenode.wood.soft" GUID="oOZ6x0iRzUGECFw12zw9YA=="/>
    <POI MapID="32" xpos="-92.4171" ypos="46.3439" zpos="337.893" type="resourcenode.wood.soft" GUID="OUFDBH2BCE6WY7Xw0/TnwQ=="/>
    <POI MapID="32" xpos="-36.195" ypos="38.9964" zpos="335.885" type="resourcenode.wood.soft" GUID="xsWTEH0IxUaXfxFKfhGWUw=="/>
    <POI MapID="23" xpos="-301.172" ypos="22.543" zpos="-500.396" type="resourcenode.wood.soft" GUID="emty9Aq5yEidxHfiHGprjQ=="/>
    <POI MapID="54" xpos="-128.531" ypos="37.7477" zpos="150.83" type="resourcenode.wood.soft" GUID="4XjaQLUBKEighkykcVFtnQ=="/>
    <POI MapID="24" xpos="922.65" ypos="31.6253" zpos="257.925" type="resourcenode.wood.soft" GUID="CLhnbdyyoESMataiA2L95Q=="/>
    <POI MapID="23" xpos="-883.646" ypos="27.5444" zpos="-417.713" type="resourcenode.wood.soft" GUID="NJSmIxLZ3USuXVhykkjxwA=="/>
    <POI MapID="27" xpos="332.716" ypos="155.706" zpos="1224.82" type="resourcenode.wood.soft" GUID="CBZYzWLJMUKA/YcQkt+vgQ=="/>
    <POI MapID="23" xpos="-852.773" ypos="30.7029" zpos="-344.172" type="resourcenode.wood.soft" GUID="76FsHz0tD0awu7eNyBsCSg=="/>
    <POI MapID="24" xpos="1088.07" ypos="67.6061" zpos="-52.3106" type="resourcenode.wood.soft" GUID="XsRgPluZKk2QjNXdVjmCow=="/>
    <POI MapID="21" xpos="-289.402" ypos="15.0621" zpos="125.247" type="resourcenode.wood.soft" GUID="lmmDq+iAwEay/fICXtZByg=="/>
    <POI MapID="21" xpos="-284.376" ypos="16.1179" zpos="158.421" type="resourcenode.wood.soft" GUID="J1ae6cFEUEWB37pWdgikLA=="/>
    <POI MapID="27" xpos="-292.163" ypos="111.611" zpos="935.343" type="resourcenode.wood.soft" GUID="cRH8u6zBOkOtt8K42gAvPA=="/>
    <POI MapID="27" xpos="-416.184" ypos="72.749" zpos="1306.61" type="resourcenode.wood.soft" GUID="zZlORymkhEePWO2y6BAGLg=="/>
    <POI MapID="27" xpos="379.221" ypos="162.063" zpos="728.208" type="resourcenode.wood.soft" GUID="eXKySgiP7kW1qv3DzMAjMg=="/>
    <POI MapID="23" xpos="-671.146" ypos="8.14784" zpos="-185.109" type="resourcenode.wood.soft" GUID="Qidj+H5NoUSlH/eMPdLTug=="/>
    <POI MapID="23" xpos="-674.133" ypos="22.4117" zpos="-286.938" type="resourcenode.wood.soft" GUID="fUzn9Rr2p0GI2I0L6ktOqA=="/>
    <POI MapID="27" xpos="238.111" ypos="133.863" zpos="397.039" type="resourcenode.wood.soft" GUID="8nrRRNCtREKmfWAbK/TLdw=="/>
    <POI MapID="21" xpos="-415.151" ypos="16.851" zpos="52.5616" type="resourcenode.wood.soft" GUID="xr1P4I6la06Bwb/jZaEGLA=="/>
    <POI MapID="21" xpos="-476.214" ypos="15.2283" zpos="88.3517" type="resourcenode.wood.soft" GUID="IeqdLNKeVU2JNMtorBYrHg=="/>
    <POI MapID="21" xpos="-470.992" ypos="4.92655" zpos="-1.38586" type="resourcenode.wood.soft" GUID="b0P8Yee+MEujMSh3ZFjMtQ=="/>
    <POI MapID="21" xpos="476.399" ypos="26.3868" zpos="-394.735" type="resourcenode.wood.soft" GUID="hw4z4TnEeUazdn4IZsMTFQ=="/>
    <POI MapID="21" xpos="395.591" ypos="29.0663" zpos="-623.589" type="resourcenode.wood.soft" GUID="EtCY5t73LkaQm3C3MeniVA=="/>
    <POI MapID="21" xpos="387.24" ypos="27.6959" zpos="-656.789" type="resourcenode.wood.soft" GUID="GzENFyzv8kyBxWF/Lz9MsQ=="/>
    <POI MapID="21" xpos="510.412" ypos="27.8454" zpos="-628.316" type="resourcenode.wood.soft" GUID="nn9JN30p8kW0MabD/FD1yQ=="/>
    <POI MapID="968" xpos="237.981" ypos="156.42" zpos="488.592" type="resourcenode.wood.soft" GUID="x/I8TgSHy0+YSR9GETvcmQ=="/>
    <POI MapID="968" xpos="423.345" ypos="119.396" zpos="128.765" type="resourcenode.wood.soft" GUID="jRR9d0j/50Wl+BitEZ6IlA=="/>
    <POI MapID="968" xpos="357.703" ypos="101.095" zpos="109.906" type="resourcenode.wood.soft" GUID="Jb6qatvw90+xyaybiwIgQg=="/>
    <POI MapID="32" xpos="-193.09" ypos="42.3301" zpos="235.569" type="resourcenode.wood.soft" GUID="jfToLJX7706FQ54CFkqm+w=="/>
    <POI MapID="27" xpos="-283.43" ypos="115.419" zpos="980.03" type="resourcenode.wood.soft" GUID="tvTGlJ85uU6816fjsE0hrQ=="/>
    <POI MapID="17" xpos="-494.159" ypos="27.5087" zpos="667.669" type="resourcenode.wood.soft" GUID="hDdAPIBYsUOMKlDmqCzoWg=="/>
    <POI MapID="31" xpos="916.616" ypos="79.4069" zpos="-391.767" type="resourcenode.wood.soft" GUID="ruOI4PxPc068nAR3C3VrxA=="/>
    <POI MapID="17" xpos="43.8367" ypos="2.89311" zpos="-446.745" type="resourcenode.wood.soft" GUID="b1Ve1bSu0UmzK5Wey6ee3A=="/>
    <POI MapID="17" xpos="288.735" ypos="20.5751" zpos="-736.776" type="resourcenode.wood.soft" GUID="vhnqunz9sUyTB5YXs/Mfyw=="/>
    <POI MapID="17" xpos="258.969" ypos="3.54244" zpos="-494.597" type="resourcenode.wood.soft" GUID="QlnJ9jQX4EG3pMzFmaTrpw=="/>
    <POI MapID="17" xpos="326.799" ypos="2.39145" zpos="-472.014" type="resourcenode.wood.soft" GUID="Y/9hwm2GkEmPSvUe6VMIyA=="/>
    <POI MapID="17" xpos="628.36" ypos="25.8048" zpos="-735.195" type="resourcenode.wood.soft" GUID="y2pNYIW/fk2NcNXUaGCtJw=="/>
    <POI MapID="23" xpos="546.238" ypos="68.9678" zpos="-456.413" type="resourcenode.wood.soft" GUID="+577tS1HlkOHQxOOiz+jSw=="/>
    <POI MapID="968" xpos="-122.856" ypos="129.422" zpos="513.313" type="resourcenode.wood.soft" GUID="IjEhCgt2o0GLFouQ6cQEvQ=="/>
    <POI MapID="968" xpos="-112.585" ypos="129.662" zpos="505.132" type="resourcenode.wood.soft" GUID="6qkGb0Vo+kGCrvuKY7JqqQ=="/>
    <POI MapID="968" xpos="-178.411" ypos="139.104" zpos="522.193" type="resourcenode.wood.soft" GUID="9dQgs3igPECNV3mW1cIXKA=="/>
    <POI MapID="968" xpos="-174.019" ypos="140.471" zpos="-532.299" type="resourcenode.wood.soft" GUID="W9g0puvLgkKXwLLaQMMSkQ=="/>
    <POI MapID="968" xpos="94.946" ypos="136.077" zpos="-507.806" type="resourcenode.wood.soft" GUID="VI3vpp8fak6fwCQ6GEcC4Q=="/>
    <POI MapID="968" xpos="-351.049" ypos="129.615" zpos="-112.053" type="resourcenode.wood.soft" GUID="BDNRFLeZ30usrJHeIHEoXA=="/>
    <POI MapID="968" xpos="455.317" ypos="122.194" zpos="129.746" type="resourcenode.wood.soft" GUID="mQWykD6ABE2B+T9FlthKeg=="/>
    <POI MapID="24" xpos="-1022.19" ypos="20.3987" zpos="-138.306" type="resourcenode.wood.soft" GUID="jnpuBczemUSfF/lbIN53BA=="/>
    <POI MapID="17" xpos="865.458" ypos="45.9688" zpos="-336.349" type="resourcenode.wood.soft" GUID="b18otxveCUOtjCMqjOIMJw=="/>
    <POI MapID="17" xpos="860.522" ypos="24.737" zpos="-487.586" type="resourcenode.wood.soft" GUID="5+hP2MXWt0KCkao89HS59Q=="/>
    <POI MapID="17" xpos="408.237" ypos="47.4957" zpos="22.6483" type="resourcenode.wood.soft" GUID="r2h7p+TCY0C4ly+CDghfZA=="/>
    <POI MapID="17" xpos="-202.467" ypos="57.5222" zpos="644.424" type="resourcenode.wood.soft" GUID="HfngL9ToQ0uk9gD/fIZmbw=="/>
    <POI MapID="24" xpos="-1036.04" ypos="26.5627" zpos="-203.258" type="resourcenode.wood.soft" GUID="gWFDXs00QkuG8ajyo24vVQ=="/>
    <POI MapID="54" xpos="169.342" ypos="69.5133" zpos="661.741" type="resourcenode.wood.soft" GUID="HBE51unmgESzFLoHXqjPAg=="/>
    <POI MapID="21" xpos="-564.794" ypos="17.5865" zpos="-81.8404" type="resourcenode.wood.soft" GUID="77ZbUqBhA0KDKlO3NTPOxQ=="/>
    <POI MapID="17" xpos="569.617" ypos="14.9925" zpos="-770.757" type="resourcenode.wood.soft" GUID="ojQaO0HhTk2wmAx2o6iOfw=="/>
    <POI MapID="31" xpos="-759.215" ypos="33.6282" zpos="-321.531" type="resourcenode.wood.soft" GUID="2no/+mz9pU6nIiZNlsTotQ=="/>
    <POI MapID="31" xpos="-663.04" ypos="46.1975" zpos="-468.723" type="resourcenode.wood.soft" GUID="vjFoDuUBJEKlD3T/GoIt7A=="/>
  </POIs>
</OverlayData>