<OverlayData>
  <MarkerCategory name="ResourceNode" DisplayName="Resource Nodes" data-class="fade-1" behavior="1" iconFile="Data/ResourceNode.png" data-iconFile="Data/ResourceNode.png" fadeFar="16800" fadeNear="8400">
    <MarkerCategory name="Wood" iconFile="Data/ResourceNode/Wood.png" data-iconFile="Data/Wood.png">
      <MarkerCategory name="Seasoned"/>
    </MarkerCategory>
  </MarkerCategory>
  <POIs>
    <POI MapID="73" xpos="390.261" ypos="12.6469" zpos="90.6561" type="resourcenode.wood.seasoned" GUID="e8L3NvbJFkOQ+4Ov1XKfAw=="/>
    <POI MapID="73" xpos="191.115" ypos="15.7275" zpos="247.346" type="resourcenode.wood.seasoned" GUID="sOywBx/ztUKuOsSYqkhgLA=="/>
    <POI MapID="73" xpos="-350.235" ypos="4.96581" zpos="246.567" type="resourcenode.wood.seasoned" GUID="sr733SaITkGBN37yvLXklQ=="/>
    <POI MapID="73" xpos="-148.324" ypos="12.9683" zpos="174.337" type="resourcenode.wood.seasoned" GUID="XxklcGdfUEidU1hNDppV2Q=="/>
    <POI MapID="73" xpos="301.836" ypos="24.551" zpos="54.9102" type="resourcenode.wood.seasoned" GUID="DGfckptSrU+Ajk6/odJPiw=="/>
    <POI MapID="73" xpos="476.42" ypos="18.6541" zpos="144.26" type="resourcenode.wood.seasoned" GUID="EhRPpTJcpkCL8Q6WKh/7og=="/>
    <POI MapID="17" xpos="-168.612" ypos="31.4053" zpos="354.905" type="resourcenode.wood.seasoned" GUID="qjNSp6Awf0m7EBlULpc77A=="/>
    <POI MapID="17" xpos="-559.552" ypos="27.6573" zpos="658.498" type="resourcenode.wood.seasoned" GUID="MesZftrcOkm7KuNEs5ZyDQ=="/>
    <POI MapID="73" xpos="179.528" ypos="16.1449" zpos="195.608" type="resourcenode.wood.seasoned" GUID="xzs4flg0+0+nQ5zVJNktRg=="/>
    <POI MapID="73" xpos="169.353" ypos="17.4307" zpos="204.823" type="resourcenode.wood.seasoned" GUID="YTY3z4yWdUmmupbb36exyg=="/>
    <POI MapID="73" xpos="484.578" ypos="25.9834" zpos="80.9788" type="resourcenode.wood.seasoned" GUID="EmN2K82YHk+WV6D+TMzjQg=="/>
    <POI MapID="375" xpos="103.955" ypos="341.971" zpos="-286.689" type="resourcenode.wood.seasoned" GUID="APRj9VGIc0Gotg2Eb/u4aA=="/>
    <POI MapID="20" xpos="-419.831" ypos="6.23839" zpos="-627.139" type="resourcenode.wood.seasoned" GUID="R6vbjuqrj0udMQ7E7tQ+Qg=="/>
    <POI MapID="20" xpos="-473.305" ypos="24.7005" zpos="-691.048" type="resourcenode.wood.seasoned" GUID="Qld1MvIkRkmXMV430LaRGQ=="/>
    <POI MapID="20" xpos="-508.47" ypos="36.0146" zpos="-586.786" type="resourcenode.wood.seasoned" GUID="bBkcTCGv4kiXID+TP97t2g=="/>
    <POI MapID="20" xpos="-141.398" ypos="37.8034" zpos="-146.188" type="resourcenode.wood.seasoned" GUID="RExsdV6sZ0SiYqYHzHHshQ=="/>
    <POI MapID="20" xpos="258.016" ypos="22.9907" zpos="162.573" type="resourcenode.wood.seasoned" GUID="fHwL4+7m2EKfmha66dyjLA=="/>
    <POI MapID="20" xpos="55.182" ypos="17.4956" zpos="281.426" type="resourcenode.wood.seasoned" GUID="RyNYuI0Uj0CzDsIFElQIlQ=="/>
    <POI MapID="20" xpos="302.178" ypos="18.2855" zpos="465.046" type="resourcenode.wood.seasoned" GUID="u1upsZOAo02HBcKXEPtOXw=="/>
    <POI MapID="20" xpos="-451.079" ypos="23.2959" zpos="520.873" type="resourcenode.wood.seasoned" GUID="onFeXav8o0Sw9w++3GMfKA=="/>
    <POI MapID="20" xpos="-407.544" ypos="34.3893" zpos="421.073" type="resourcenode.wood.seasoned" GUID="kQILB+p5k0S7RQj7ePqEzA=="/>
    <POI MapID="20" xpos="-450.066" ypos="37.5764" zpos="775.906" type="resourcenode.wood.seasoned" GUID="jTWfIQ6sjk2ulIu9rIHQ4w=="/>
    <POI MapID="62" xpos="92.6145" ypos="26.3574" zpos="741.274" type="resourcenode.wood.seasoned" GUID="8k/JbZdp/kmbkYpcJIGxRA=="/>
    <POI MapID="26" xpos="397.389" ypos="79.476" zpos="731.851" type="resourcenode.wood.seasoned" GUID="l78w+0Rg80WPAjsKuLvMmA=="/>
    <POI MapID="26" xpos="266.284" ypos="58.2544" zpos="-579.82" type="resourcenode.wood.seasoned" GUID="HkFBNJP1Ykit9shSHZSCPg=="/>
    <POI MapID="26" xpos="578.292" ypos="75.4771" zpos="-555.061" type="resourcenode.wood.seasoned" GUID="suiI0Aa7yE6twsGlW5xqeQ=="/>
    <POI MapID="73" xpos="300.248" ypos="11.7569" zpos="888.768" type="resourcenode.wood.seasoned" GUID="Zd+KrD9vaUikUFUB1HEUlg=="/>
    <POI MapID="73" xpos="404.215" ypos="43.9285" zpos="553.033" type="resourcenode.wood.seasoned" GUID="ploK45csKk+CL9YTBck+Ww=="/>
    <POI MapID="73" xpos="408.944" ypos="9.04202" zpos="105.982" type="resourcenode.wood.seasoned" GUID="oGQGNZLjcUyrCzsKkghTng=="/>
    <POI MapID="27" xpos="-137.002" ypos="34.3479" zpos="-1189.71" type="resourcenode.wood.seasoned" GUID="xR1jE9Wa3kmK1r+z1tJ/lg=="/>
    <POI MapID="27" xpos="-438.947" ypos="27.2036" zpos="-937.504" type="resourcenode.wood.seasoned" GUID="6cNIe7+BDECa3unuz00lmg=="/>
    <POI MapID="73" xpos="254.752" ypos="18.691" zpos="22.8205" type="resourcenode.wood.seasoned" GUID="6tEapiMuZEeaf1UcYzUj6Q=="/>
    <POI MapID="73" xpos="513.011" ypos="4.64851" zpos="438.57" type="resourcenode.wood.seasoned" GUID="1RfEZcQBdE6x4IiuGP2DfA=="/>
    <POI MapID="73" xpos="393.229" ypos="47.7043" zpos="548.96" type="resourcenode.wood.seasoned" GUID="7gik6su+20C5er9DVOHy6A=="/>
    <POI MapID="73" xpos="395.339" ypos="46.5273" zpos="513.491" type="resourcenode.wood.seasoned" GUID="joNASa6sy0O2yX1wLGpJRA=="/>
    <POI MapID="73" xpos="453.461" ypos="11.0449" zpos="478.311" type="resourcenode.wood.seasoned" GUID="tX3qPLHbUEufhtDnqPtRwQ=="/>
    <POI MapID="73" xpos="165.591" ypos="3.33306" zpos="852.863" type="resourcenode.wood.seasoned" GUID="h1qwah+30UG/wgKDxNumLg=="/>
    <POI MapID="73" xpos="181.644" ypos="5.64347" zpos="883.461" type="resourcenode.wood.seasoned" GUID="opo/rtI1NUuXdPVZM2kRlA=="/>
    <POI MapID="73" xpos="-12.132" ypos="8.83515" zpos="866.574" type="resourcenode.wood.seasoned" GUID="A2NpGcdmckeRBcWif3QQ7w=="/>
    <POI MapID="73" xpos="-448.347" ypos="14.6172" zpos="300.157" type="resourcenode.wood.seasoned" GUID="WKJ3xI3YsUaB+9NlrgzYsg=="/>
    <POI MapID="73" xpos="-400.756" ypos="13.9545" zpos="250.154" type="resourcenode.wood.seasoned" GUID="cX4yCvFiQUakzJNyCuNZMA=="/>
    <POI MapID="73" xpos="-362.609" ypos="42.0179" zpos="177.146" type="resourcenode.wood.seasoned" GUID="8jbrSiPUQ0GJiJGC9Y7Lkg=="/>
    <POI MapID="25" xpos="-169.055" ypos="25.8804" zpos="-678.867" type="resourcenode.wood.seasoned" GUID="i2hA9Zjs0kCA7lIR3Uqlvw=="/>
    <POI MapID="25" xpos="364.331" ypos="7.92184" zpos="-804.508" type="resourcenode.wood.seasoned" GUID="x78C1dvrmE+DqZWcYliraA=="/>
    <POI MapID="25" xpos="319.503" ypos="6.41123" zpos="-829.57" type="resourcenode.wood.seasoned" GUID="PXmE/j+uu0SHTapDYHqF6A=="/>
    <POI MapID="25" xpos="328.699" ypos="32.2518" zpos="-749.009" type="resourcenode.wood.seasoned" GUID="L5xG31XIg0mj6cM2Xwmqbw=="/>
    <POI MapID="73" xpos="321.092" ypos="23.2563" zpos="8.73821" type="resourcenode.wood.seasoned" GUID="LQYXlcOjy0KiTqIc/1Kdow=="/>
    <POI MapID="25" xpos="-288.953" ypos="19.0629" zpos="-627.948" type="resourcenode.wood.seasoned" GUID="/XEpGuOVvEi8mAPMC43hwg=="/>
    <POI MapID="25" xpos="-263.496" ypos="36.102" zpos="-1147.56" type="resourcenode.wood.seasoned" GUID="AmFMp4QZ+U2A28avorp1Jg=="/>
    <POI MapID="73" xpos="-128.366" ypos="12.2372" zpos="217.853" type="resourcenode.wood.seasoned" GUID="thi12O2rEE6HZlvAWZq2NQ=="/>
    <POI MapID="25" xpos="314.742" ypos="10.6195" zpos="-656.339" type="resourcenode.wood.seasoned" GUID="+k2gpCeH7USSBMaCBapA7g=="/>
    <POI MapID="17" xpos="-133.864" ypos="47.702" zpos="568.628" type="resourcenode.wood.seasoned" GUID="EWEdMPzj60W6HYxjG3UNSQ=="/>
    <POI MapID="17" xpos="-210.693" ypos="55.6867" zpos="616.082" type="resourcenode.wood.seasoned" GUID="7AHmYMtFL0yoQs04sbiwTg=="/>
    <POI MapID="248" xpos="242.561" ypos="69.9112" zpos="227.073" type="resourcenode.wood.seasoned" GUID="oPTMxmByEUeeS4mh+h1rJA=="/>
    <POI MapID="20" xpos="139.615" ypos="69.8202" zpos="-25.9769" type="resourcenode.wood.seasoned" GUID="6VtWfgnhP0CeZfCbUbzPUg=="/>
    <POI MapID="20" xpos="27.5094" ypos="61.8745" zpos="12.5619" type="resourcenode.wood.seasoned" GUID="Nm/Hu9zp9Uix6EdC078xZA=="/>
    <POI MapID="26" xpos="-425.948" ypos="105.128" zpos="-379.112" type="resourcenode.wood.seasoned" GUID="wT35fXUkk02M+vCRuxdQPA=="/>
    <POI MapID="26" xpos="-389.675" ypos="108.547" zpos="-350.834" type="resourcenode.wood.seasoned" GUID="83xaZDNue0G+sRv3TSXYyQ=="/>
    <POI MapID="27" xpos="-391.297" ypos="29.1382" zpos="-889.904" type="resourcenode.wood.seasoned" GUID="2DA/OMaBmU2FPPXaBaQIEw=="/>
    <POI MapID="73" xpos="108.07" ypos="3.22104" zpos="171.093" type="resourcenode.wood.seasoned" GUID="yW3sxrKOWkGFsxPXsle3dg=="/>
    <POI MapID="73" xpos="366.538" ypos="25.2872" zpos="14.5446" type="resourcenode.wood.seasoned" GUID="VfmS1a8Zx0qnzkUi76TAwg=="/>
    <POI MapID="73" xpos="529.836" ypos="25.8055" zpos="138.754" type="resourcenode.wood.seasoned" GUID="p+BXJYStbUCqxBayBoLctg=="/>
    <POI MapID="25" xpos="-22.8464" ypos="29.3043" zpos="-533.85" type="resourcenode.wood.seasoned" GUID="DjZOl7VqKkW/whqc9aUJJg=="/>
    <POI MapID="29" xpos="-241.033" ypos="18.207" zpos="450.662" type="resourcenode.wood.seasoned" GUID="1x1Foi9tfk6g81342X04vg=="/>
    <POI MapID="29" xpos="-199.951" ypos="13.1406" zpos="580.272" type="resourcenode.wood.seasoned" GUID="N4SraVMycU2TF1dMZvB1cA=="/>
    <POI MapID="29" xpos="-132.643" ypos="19.9838" zpos="678.003" type="resourcenode.wood.seasoned" GUID="Xbj8JhP2/kiCqbfVaRNe4g=="/>
    <POI MapID="29" xpos="-124.924" ypos="22.9757" zpos="698.575" type="resourcenode.wood.seasoned" GUID="lpb4Pp2g5UqW2iMCwV4Zxw=="/>
    <POI MapID="73" xpos="508.612" ypos="25.5492" zpos="121.983" type="resourcenode.wood.seasoned" GUID="pAlJySbZrEi7FaXZHyuK4A=="/>
    <POI MapID="73" xpos="379.42" ypos="45.2838" zpos="508.362" type="resourcenode.wood.seasoned" GUID="CuNIZafNqES2oWCuU3bwwg=="/>
    <POI MapID="26" xpos="-434.863" ypos="68.9106" zpos="-67.5931" type="resourcenode.wood.seasoned" GUID="iF28SxslmkyzayDMpN7bfQ=="/>
    <POI MapID="26" xpos="-395.816" ypos="73.2344" zpos="-55.3628" type="resourcenode.wood.seasoned" GUID="KcT9yO8p2USVF3oHUj4jww=="/>
    <POI MapID="20" xpos="-177.27" ypos="28.3571" zpos="1047.57" type="resourcenode.wood.seasoned" GUID="6FtvFLtUYEyURrVWS2O7kg=="/>
    <POI MapID="20" xpos="-115.696" ypos="42.1586" zpos="1135.96" type="resourcenode.wood.seasoned" GUID="QS2AhBiKlEGjY6lJ2bkGoQ=="/>
    <POI MapID="20" xpos="34.2941" ypos="21.7354" zpos="894.362" type="resourcenode.wood.seasoned" GUID="SqfnNNSrgkqfH2mp+5fzJQ=="/>
    <POI MapID="20" xpos="115.121" ypos="18.3665" zpos="809.578" type="resourcenode.wood.seasoned" GUID="fWToS7q7a0C0Ker/a0/Taw=="/>
    <POI MapID="20" xpos="280.208" ypos="15.0226" zpos="824.504" type="resourcenode.wood.seasoned" GUID="euFeNuOGBki/ZAa9BBGkQw=="/>
    <POI MapID="20" xpos="414.201" ypos="36.6259" zpos="942.118" type="resourcenode.wood.seasoned" GUID="9qNfeWFRIkSfvAdh9cMprg=="/>
    <POI MapID="20" xpos="451.025" ypos="36.7936" zpos="923.981" type="resourcenode.wood.seasoned" GUID="XqknZnjRSE+p9ZCC6H/OwQ=="/>
    <POI MapID="20" xpos="45.5918" ypos="13.5328" zpos="223.446" type="resourcenode.wood.seasoned" GUID="Gnkwiu3YFkKN8LsxzcgdYw=="/>
    <POI MapID="20" xpos="-18.3067" ypos="46.2137" zpos="36.9108" type="resourcenode.wood.seasoned" GUID="JNhtHWWpx0SNvl5vNeokHg=="/>
    <POI MapID="25" xpos="-100.243" ypos="17.6204" zpos="-753.573" type="resourcenode.wood.seasoned" GUID="oyo984b+yES0MiI1mWJ//g=="/>
    <POI MapID="25" xpos="-216.552" ypos="10.837" zpos="-522.921" type="resourcenode.wood.seasoned" GUID="oXW+Bp2xl02q3Tq75VDQ5w=="/>
    <POI MapID="73" xpos="133.836" ypos="7.78184" zpos="232.091" type="resourcenode.wood.seasoned" GUID="1Yx7Hb+SIk2HIg77dQT+TA=="/>
    <POI MapID="73" xpos="157.235" ypos="3.6325" zpos="864.859" type="resourcenode.wood.seasoned" GUID="EIaS7+vn10ecHUGotmKm6A=="/>
    <POI MapID="73" xpos="464.898" ypos="19.5321" zpos="99.6263" type="resourcenode.wood.seasoned" GUID="CRXPQhSbnEy3CtYDtBqVgg=="/>
    <POI MapID="73" xpos="406.719" ypos="13.153" zpos="81.459" type="resourcenode.wood.seasoned" GUID="4+3yAj93iUK8fwSMOxIgpA=="/>
    <POI MapID="73" xpos="588.417" ypos="3.18433" zpos="764.848" type="resourcenode.wood.seasoned" GUID="pjIlwtiDhUaE/MeRvD5ccA=="/>
    <POI MapID="73" xpos="559.555" ypos="0.516137" zpos="768.487" type="resourcenode.wood.seasoned" GUID="4tjKYkOS90So4B0Hj6XfSA=="/>
    <POI MapID="26" xpos="-598.098" ypos="58.8155" zpos="799.63" type="resourcenode.wood.seasoned" GUID="Lpar+Mh9CkOqesCJz9E5Ow=="/>
    <POI MapID="26" xpos="-10.3417" ypos="59.0511" zpos="631.558" type="resourcenode.wood.seasoned" GUID="AN19Ry5mSEiY+17IjXT18w=="/>
    <POI MapID="17" xpos="-468.793" ypos="37.5724" zpos="-103.036" type="resourcenode.wood.seasoned" GUID="MPWbynW2YUmLappSihP9wA=="/>
    <POI MapID="17" xpos="-444.376" ypos="37.2511" zpos="-105.3" type="resourcenode.wood.seasoned" GUID="qQshiohYNkKYoihVpL68sw=="/>
    <POI MapID="17" xpos="-448.979" ypos="43.3125" zpos="-46.8327" type="resourcenode.wood.seasoned" GUID="0WYkvQDrGEqIUb+CyfrOKA=="/>
    <POI MapID="17" xpos="-349.177" ypos="39.225" zpos="-89.2411" type="resourcenode.wood.seasoned" GUID="7uztIUQPp0aFI0OPaxwoMA=="/>
    <POI MapID="17" xpos="-329.516" ypos="36.0048" zpos="-95.6034" type="resourcenode.wood.seasoned" GUID="mFq9o72jMkyM5GqENkoHaA=="/>
    <POI MapID="25" xpos="-362.354" ypos="63.8775" zpos="-728.497" type="resourcenode.wood.seasoned" GUID="aUHWmTnOCkKCSupjkj4RpQ=="/>
    <POI MapID="25" xpos="-263.331" ypos="27.5513" zpos="-944.879" type="resourcenode.wood.seasoned" GUID="qj/wSGnxoUy+39OkangAsA=="/>
    <POI MapID="25" xpos="-159.684" ypos="12.8595" zpos="-904.342" type="resourcenode.wood.seasoned" GUID="xDiqGSvFC0CVwkrMWD6MSA=="/>
    <POI MapID="25" xpos="-377.611" ypos="28.7418" zpos="-962.057" type="resourcenode.wood.seasoned" GUID="UO2227TtmEmoQqeui6YLEQ=="/>
    <POI MapID="26" xpos="334.812" ypos="59.6359" zpos="-604.055" type="resourcenode.wood.seasoned" GUID="t6tlvtwyUUu6PHApg5tNEA=="/>
    <POI MapID="26" xpos="478.812" ypos="54.7359" zpos="-555.896" type="resourcenode.wood.seasoned" GUID="JDV7NXHi/kCairmBGFUyKg=="/>
    <POI MapID="26" xpos="203.512" ypos="70.8364" zpos="-634.53" type="resourcenode.wood.seasoned" GUID="gE9xOXJ6TUyCdnhkIBUWZA=="/>
    <POI MapID="73" xpos="-111.368" ypos="5.57171" zpos="275.38" type="resourcenode.wood.seasoned" GUID="8MtpIwMKsUK6PoEcilETOw=="/>
    <POI MapID="73" xpos="-284.418" ypos="27.8" zpos="403.171" type="resourcenode.wood.seasoned" GUID="O86JQwAin0qI3cG/ZEEUAQ=="/>
    <POI MapID="20" xpos="-151.012" ypos="25.7194" zpos="-103.688" type="resourcenode.wood.seasoned" GUID="NaTF87dtc0ulAkufsHbihw=="/>
    <POI MapID="20" xpos="16.8468" ypos="18.0377" zpos="-764.667" type="resourcenode.wood.seasoned" GUID="pxSJS9z4pEu1/mupAlfT8A=="/>
    <POI MapID="20" xpos="13.3493" ypos="58.0446" zpos="-490.659" type="resourcenode.wood.seasoned" GUID="TmrpKZ6PbEe1yJz39rUGsQ=="/>
    <POI MapID="20" xpos="184.903" ypos="13.2167" zpos="131.399" type="resourcenode.wood.seasoned" GUID="wDSRHDWxcUyh9UP0Gr53/Q=="/>
    <POI MapID="20" xpos="240.069" ypos="63.6743" zpos="8.03377" type="resourcenode.wood.seasoned" GUID="Nsw5AHDLMEqmvGFYryzs5Q=="/>
    <POI MapID="20" xpos="260.607" ypos="61.4434" zpos="-256.905" type="resourcenode.wood.seasoned" GUID="/kjb8wcNQ0u5PxK8rqKx7g=="/>
    <POI MapID="20" xpos="81.5775" ypos="53.848" zpos="-413.522" type="resourcenode.wood.seasoned" GUID="WN8GPvfFNUKi0fQwjM9oMw=="/>
    <POI MapID="20" xpos="105.579" ypos="35.3585" zpos="-749.669" type="resourcenode.wood.seasoned" GUID="H5giPsTNNEO3V/bHfM+tlA=="/>
    <POI MapID="21" xpos="432.486" ypos="8.92487" zpos="417.487" type="resourcenode.wood.seasoned" GUID="SxEiTvDk5UWKDHAbaTNFlw=="/>
    <POI MapID="21" xpos="424.438" ypos="7.14623" zpos="409.896" type="resourcenode.wood.seasoned" GUID="lq6kWi0koUmuDZ5Mvojb/g=="/>
    <POI MapID="26" xpos="-398.768" ypos="80.9884" zpos="-223.643" type="resourcenode.wood.seasoned" GUID="P2w2+J6Ck0WyKMi1TeejBg=="/>
    <POI MapID="26" xpos="414.581" ypos="46.2718" zpos="-590.876" type="resourcenode.wood.seasoned" GUID="KgfCut0LeEW1i94BXmBtEQ=="/>
    <POI MapID="29" xpos="-420.697" ypos="3.65461" zpos="253.62" type="resourcenode.wood.seasoned" GUID="6OMQFFdqXEixyTeY15LqcA=="/>
    <POI MapID="29" xpos="-429.877" ypos="6.44231" zpos="274.648" type="resourcenode.wood.seasoned" GUID="scdoWqvKwkeSVHk6bEZrzw=="/>
    <POI MapID="29" xpos="-299.152" ypos="17.7124" zpos="419.629" type="resourcenode.wood.seasoned" GUID="abUDopGSF0+y9FKL1DwNxg=="/>
    <POI MapID="26" xpos="509.709" ypos="84.3612" zpos="-342.331" type="resourcenode.wood.seasoned" GUID="0ovXylufrEa3dQU/UzeT7w=="/>
    <POI MapID="26" xpos="507.386" ypos="64.9371" zpos="-153.803" type="resourcenode.wood.seasoned" GUID="DF/Vto8480idNbyNx3LOqg=="/>
    <POI MapID="26" xpos="497.14" ypos="67.4247" zpos="-69.1768" type="resourcenode.wood.seasoned" GUID="eAriOrPXEEOirrfVp9h77g=="/>
    <POI MapID="26" xpos="553.399" ypos="79.0471" zpos="-40.0832" type="resourcenode.wood.seasoned" GUID="Hl5xLCYowkWezQYjNhlvvw=="/>
    <POI MapID="26" xpos="532.014" ypos="84.8919" zpos="178.402" type="resourcenode.wood.seasoned" GUID="to45XgJ4OEuK41Nm0dKN8g=="/>
    <POI MapID="26" xpos="500.973" ypos="79.8977" zpos="213.644" type="resourcenode.wood.seasoned" GUID="/g/ac1QsfUGEC7o03cF9qw=="/>
    <POI MapID="26" xpos="511.403" ypos="80.8095" zpos="224.115" type="resourcenode.wood.seasoned" GUID="TqF0c+qLvUSuE0Bb+xfCMw=="/>
    <POI MapID="26" xpos="430.75" ypos="78.0398" zpos="316.991" type="resourcenode.wood.seasoned" GUID="fsCAqN1720yTmjlCTrNQWg=="/>
    <POI MapID="17" xpos="-459.604" ypos="52.7326" zpos="695.157" type="resourcenode.wood.seasoned" GUID="XZKg6lCw3Eyxmo9zS+m4Og=="/>
    <POI MapID="17" xpos="-626.666" ypos="26.5139" zpos="-39.2928" type="resourcenode.wood.seasoned" GUID="c1491v+K5U+jeLPpjQ81Rw=="/>
    <POI MapID="17" xpos="-290.729" ypos="33.8091" zpos="-111.653" type="resourcenode.wood.seasoned" GUID="OjyFvBI2tkWzNUcWtz/QxQ=="/>
    <POI MapID="17" xpos="-203.413" ypos="48.7588" zpos="-150.585" type="resourcenode.wood.seasoned" GUID="+9w3jCjgsU2eiDtykLPoMg=="/>
    <POI MapID="17" xpos="-120.571" ypos="31.8626" zpos="-207.938" type="resourcenode.wood.seasoned" GUID="XUMv39YzKUGJTbH6plpUXQ=="/>
    <POI MapID="968" xpos="-212.34" ypos="111.468" zpos="-50.2072" type="resourcenode.wood.seasoned" GUID="fablYX9SAkilMolxGW9Fig=="/>
    <POI MapID="968" xpos="63.1649" ypos="143.89" zpos="-202.092" type="resourcenode.wood.seasoned" GUID="WwcbkcGQeEWphXh+7m/Qfg=="/>
    <POI MapID="968" xpos="58.096" ypos="119.522" zpos="369.17" type="resourcenode.wood.seasoned" GUID="A+6tuw2SlkiOSeqZcWmkxQ=="/>
    <POI MapID="17" xpos="-392.704" ypos="34.4858" zpos="-111.187" type="resourcenode.wood.seasoned" GUID="oPb7ikS6sEKCsP0mi7+gSg=="/>
    <POI MapID="17" xpos="-375.739" ypos="30.0706" zpos="-163.551" type="resourcenode.wood.seasoned" GUID="F2um6HRFskyeJSHGaOMbnw=="/>
    <POI MapID="26" xpos="-67.1927" ypos="111.368" zpos="-358.992" type="resourcenode.wood.seasoned" GUID="I5Q+9yses0q28X60Y/bgtQ=="/>
    <POI MapID="26" xpos="-180.752" ypos="96.1537" zpos="-366.32" type="resourcenode.wood.seasoned" GUID="5foKSJ6Ym0mZl/1gDRNRAg=="/>
    <POI MapID="26" xpos="-179.909" ypos="124.423" zpos="-261.525" type="resourcenode.wood.seasoned" GUID="kXeZe4/DnEGFzxd3zqqPsg=="/>
    <POI MapID="29" xpos="-526.633" ypos="1.61018" zpos="493.036" type="resourcenode.wood.seasoned" GUID="naXm4mJFNEWqQQt+dT+wzQ=="/>
    <POI MapID="17" xpos="-170.211" ypos="25.3298" zpos="326.559" type="resourcenode.wood.seasoned" GUID="STmDdTApjEmvMnvG1cTGIg=="/>
    <POI MapID="21" xpos="412.36" ypos="7.06649" zpos="545.353" type="resourcenode.wood.seasoned" GUID="FzmbX128/kygqjHfxJejWg=="/>
  </POIs>
</OverlayData>