<OverlayData>
  <MarkerCategory name="ResourceNode" DisplayName="Resource Nodes" fadeFar="16800" fadeNear="8400" iconFile="Data/ResourceNode.png" maxSize="256" behavior="1" data-class="fade-1" data-iconFile="Data/ResourceNode.png">
    <MarkerCategory name="Wood" iconFile="Data/ResourceNode/Wood.png" data-iconFile="Data/Wood.png">
      <MarkerCategory name="Green"/>
    </MarkerCategory>
  </MarkerCategory>
  <POIs>
    <POI MapID="15" xpos="-200.718" ypos="2.25961" zpos="82.0036" type="resourcenode.wood.green" GUID="A7K3s5D8kUWzpAmWVWobNA=="/>
    <POI MapID="15" xpos="-107.916" ypos="1.13397" zpos="-18.7636" type="resourcenode.wood.green" GUID="AaFdz06YrESzyWuqbefhyg=="/>
    <POI MapID="15" xpos="-69.8346" ypos="2.28858" zpos="5.11662" type="resourcenode.wood.green" GUID="Mf84LcpjT0qFOI8nIrDUFg=="/>
    <POI MapID="15" xpos="210.279" ypos="17.1522" zpos="-62.6504" type="resourcenode.wood.green" GUID="Mkuc1PmkQEOr1pRAnGTiRg=="/>
    <POI MapID="15" xpos="-15.2994" ypos="15.2982" zpos="-295.209" type="resourcenode.wood.green" GUID="+gLvKujzOU6Adj0IB4GYNg=="/>
    <POI MapID="15" xpos="65.0552" ypos="25.7568" zpos="-374.448" type="resourcenode.wood.green" GUID="Q53Z1Q1dqky0KYjj+5+Lww=="/>
    <POI MapID="23" xpos="1095.23" ypos="8.50713" zpos="457.25" type="resourcenode.wood.green" GUID="tm4ZfKiHBUy3d0CE1p0eTg=="/>
    <POI MapID="23" xpos="1119.55" ypos="17.99" zpos="442.844" type="resourcenode.wood.green" GUID="9hmyYNZTrEm/swcmaMjiJA=="/>
    <POI MapID="23" xpos="852.844" ypos="5.15532" zpos="320.669" type="resourcenode.wood.green" GUID="jioi/a/TH02WTVodo0QDbg=="/>
    <POI MapID="19" xpos="261.501" ypos="38.3377" zpos="143.291" type="resourcenode.wood.green" GUID="PqyVO5mn2EWrOOJ+sLRJAQ=="/>
    <POI MapID="19" xpos="168.183" ypos="32.1475" zpos="252.161" type="resourcenode.wood.green" GUID="57OtB1YHSEOUbZbGzdttUg=="/>
    <POI MapID="19" xpos="55.5729" ypos="29.1941" zpos="239.445" type="resourcenode.wood.green" GUID="eXj3hw0UQ0qr+Qh0v4vEVw=="/>
    <POI MapID="19" xpos="72.3028" ypos="18.7639" zpos="263.765" type="resourcenode.wood.green" GUID="9WEPjYCtp0ehtowmfmbu8g=="/>
    <POI MapID="19" xpos="-275.751" ypos="40.3263" zpos="269.316" type="resourcenode.wood.green" GUID="EzfFay4x6kGZrbvZjUeYxQ=="/>
    <POI MapID="19" xpos="-314.336" ypos="41.8006" zpos="299.912" type="resourcenode.wood.green" GUID="IXPB2owS4k2Jkwj6oCKPqQ=="/>
    <POI MapID="19" xpos="-316.116" ypos="47.1279" zpos="335.125" type="resourcenode.wood.green" GUID="XUHFFRtkd0WkdxArvcOLbQ=="/>
    <POI MapID="19" xpos="-311.732" ypos="70.3821" zpos="459.856" type="resourcenode.wood.green" GUID="dE5/wHdRnUayUXQwIrrVOw=="/>
    <POI MapID="19" xpos="-347.281" ypos="58.1332" zpos="453.621" type="resourcenode.wood.green" GUID="0s0+bchxBk+S4SnyRGor6g=="/>
    <POI MapID="19" xpos="-423.974" ypos="55.781" zpos="428.039" type="resourcenode.wood.green" GUID="QIsK79mq1kml+baDoBMKVA=="/>
    <POI MapID="19" xpos="-665.56" ypos="24.6483" zpos="-236.656" type="resourcenode.wood.green" GUID="B4HgX6oFN0muN2hNJcu4Dg=="/>
    <POI MapID="19" xpos="-738.737" ypos="24.5266" zpos="-173.42" type="resourcenode.wood.green" GUID="GxIb9OTvHEWv6H2ih39oWA=="/>
    <POI MapID="19" xpos="-745.826" ypos="33.456" zpos="-82.8099" type="resourcenode.wood.green" GUID="Z+C2TZRF1Uas3uLFHjXOyQ=="/>
    <POI MapID="28" xpos="194.349" ypos="75.6621" zpos="605.303" type="resourcenode.wood.green" GUID="fUU91Keja0CAh8GisuAW7Q=="/>
    <POI MapID="28" xpos="326.453" ypos="73.9869" zpos="604.684" type="resourcenode.wood.green" GUID="vmxLIX9by0SNhiEKVgCq3Q=="/>
    <POI MapID="28" xpos="365.723" ypos="72.3834" zpos="524.709" type="resourcenode.wood.green" GUID="etjo8s7K20WdFOIeKMn7Bg=="/>
    <POI MapID="28" xpos="305.674" ypos="74.0318" zpos="257.959" type="resourcenode.wood.green" GUID="gZWNLzxlTEmCTjcBXCXz8A=="/>
    <POI MapID="28" xpos="346.013" ypos="73.3864" zpos="127.73" type="resourcenode.wood.green" GUID="CIQzVKWhGkyTa2j5h9d8xg=="/>
    <POI MapID="34" xpos="-8.54434" ypos="5.67453" zpos="1033.08" type="resourcenode.wood.green" GUID="yYVLHgUMh0erf9DPxys18A=="/>
    <POI MapID="34" xpos="426.524" ypos="6.12508" zpos="1080.54" type="resourcenode.wood.green" GUID="qxXgBNCsvEquY6owPEOpLg=="/>
    <POI MapID="34" xpos="407.001" ypos="5.45049" zpos="1037.66" type="resourcenode.wood.green" GUID="9A2yNzuTrkq8sL3P+J24IQ=="/>
    <POI MapID="34" xpos="326.01" ypos="5.31258" zpos="868.928" type="resourcenode.wood.green" GUID="3EVfDa7G7UOsYxWPzmL7Mw=="/>
    <POI MapID="34" xpos="20.2033" ypos="15.4629" zpos="64.5019" type="resourcenode.wood.green" GUID="xTuH08KXu0CP99TLZHGZVw=="/>
    <POI MapID="34" xpos="19.8192" ypos="53.0059" zpos="233.471" type="resourcenode.wood.green" GUID="9lVkFwMdlkKw54UscHBNeg=="/>
    <POI MapID="34" xpos="183.027" ypos="9.61819" zpos="416.187" type="resourcenode.wood.green" GUID="E8x4yWnCWk62UV7uj9eGGQ=="/>
    <POI MapID="34" xpos="366.683" ypos="0.68213" zpos="329.141" type="resourcenode.wood.green" GUID="SvW3MWCPiE2u+itM+RZxfw=="/>
    <POI MapID="34" xpos="459.41" ypos="19.4231" zpos="-204.36" type="resourcenode.wood.green" GUID="pXQmaGEDuUa1USwEH2IsjQ=="/>
    <POI MapID="34" xpos="383.881" ypos="23.5317" zpos="-368.334" type="resourcenode.wood.green" GUID="JZliZ69aYU6eIDTCUSuXrA=="/>
    <POI MapID="34" xpos="56.8218" ypos="10.6498" zpos="-391.642" type="resourcenode.wood.green" GUID="SaxuVaEHWEWSTwKL3F9MWg=="/>
    <POI MapID="375" xpos="101.591" ypos="341.971" zpos="-291.862" type="resourcenode.wood.green" GUID="P9ZyGqugxESxe6SDYNG+hg=="/>
    <POI MapID="34" xpos="-300.246" ypos="3.93661" zpos="813.771" type="resourcenode.wood.green" GUID="9O7XYt9AYU+tAdyWAaVUjw=="/>
    <POI MapID="19" xpos="1101.45" ypos="31.9723" zpos="529.816" type="resourcenode.wood.green" GUID="bMn14OVP00q1QTgAhfZKOA=="/>
    <POI MapID="28" xpos="91.8402" ypos="36.5973" zpos="-280.31" type="resourcenode.wood.green" GUID="s6wbyKwQAUmbr0OWDe+1Tg=="/>
    <POI MapID="28" xpos="3.66376" ypos="39.1538" zpos="-285.036" type="resourcenode.wood.green" GUID="OGyndsYU0k2w7i8d4ZeANg=="/>
    <POI MapID="15" xpos="125.102" ypos="2.77674" zpos="-286.336" type="resourcenode.wood.green" GUID="ZARpxrhvFUWy0GsS/+ZAvg=="/>
    <POI MapID="15" xpos="360.441" ypos="48.5341" zpos="162.328" type="resourcenode.wood.green" GUID="TsqV1015iUeTfa9crwWsiA=="/>
    <POI MapID="15" xpos="310.544" ypos="33.5157" zpos="213.719" type="resourcenode.wood.green" GUID="Qq9T9b75bEmYP7Y8OXLGXw=="/>
    <POI MapID="28" xpos="133.032" ypos="74.4811" zpos="557.266" type="resourcenode.wood.green" GUID="6zNsrzzKME253tn19jrIHA=="/>
    <POI MapID="28" xpos="173.589" ypos="83.1546" zpos="543.626" type="resourcenode.wood.green" GUID="N+KCc+JqaUS+6ed9iZ/jsg=="/>
    <POI MapID="248" xpos="237.809" ypos="69.5634" zpos="233.024" type="resourcenode.wood.green" GUID="+x5fwVo280qXyQahDbY8ZQ=="/>
    <POI MapID="28" xpos="23.703" ypos="112.188" zpos="696.136" type="resourcenode.wood.green" GUID="xdHhIvLP8U2+5Ch/PLIUoQ=="/>
    <POI MapID="28" xpos="12.2424" ypos="118.405" zpos="646.076" type="resourcenode.wood.green" GUID="PG8O81zyJE6EhtsJ9tDLbA=="/>
    <POI MapID="28" xpos="-402.14" ypos="100.348" zpos="88.1437" type="resourcenode.wood.green" GUID="uNF2VNXw9EOwaZu1grN7rA=="/>
    <POI MapID="28" xpos="-388.417" ypos="106.626" zpos="49.5839" type="resourcenode.wood.green" GUID="9jnVF2qLzkOIYp3mWHpYtQ=="/>
    <POI MapID="28" xpos="-281.876" ypos="98.6856" zpos="-19.5587" type="resourcenode.wood.green" GUID="pYndQONlmkuYUFcn8Xm6Qw=="/>
    <POI MapID="28" xpos="-206.442" ypos="55.7074" zpos="-39.3356" type="resourcenode.wood.green" GUID="wxlc2b6Xm0y7pTlvSDARMA=="/>
    <POI MapID="28" xpos="-138.046" ypos="46.6944" zpos="-10.4627" type="resourcenode.wood.green" GUID="vW2xKCP9mUue8aWEs1WXnw=="/>
    <POI MapID="28" xpos="376.78" ypos="55.2381" zpos="-285.563" type="resourcenode.wood.green" GUID="DVFQNnS5802Y2Gd3+yKBGA=="/>
    <POI MapID="28" xpos="404.307" ypos="63.7001" zpos="-262.416" type="resourcenode.wood.green" GUID="o9K0euxGgUCbTkfJV+rPSg=="/>
    <POI MapID="28" xpos="434.38" ypos="74.9403" zpos="-227.844" type="resourcenode.wood.green" GUID="m6GQIVTM6kCZl7VfLqOXkw=="/>
    <POI MapID="28" xpos="460.92" ypos="103.933" zpos="-202.763" type="resourcenode.wood.green" GUID="Zn27yoojy0KHW6/Y9mwtlw=="/>
    <POI MapID="28" xpos="325.913" ypos="61.283" zpos="103.283" type="resourcenode.wood.green" GUID="A2dbsp2mH0uaJ/DKdkttBg=="/>
    <POI MapID="28" xpos="323.807" ypos="65.0193" zpos="147.431" type="resourcenode.wood.green" GUID="DzYHzVH9wUqYcPAVAxrJuw=="/>
    <POI MapID="28" xpos="118.509" ypos="72.5281" zpos="594.771" type="resourcenode.wood.green" GUID="eYgvaIoNVEm1M28m1K/FSg=="/>
    <POI MapID="28" xpos="413.307" ypos="72.5803" zpos="221.298" type="resourcenode.wood.green" GUID="kCwZJA+hfk+IbQ3Q3f0XaA=="/>
    <POI MapID="32" xpos="-788.676" ypos="46.4727" zpos="-22.1556" type="resourcenode.wood.green" GUID="FZLVWy6tekeInJN1FEKm1Q=="/>
    <POI MapID="32" xpos="-785.331" ypos="47.3687" zpos="-40.1108" type="resourcenode.wood.green" GUID="H2tvkHvE1kiMRNf4cVDFkQ=="/>
    <POI MapID="35" xpos="380.442" ypos="34.6682" zpos="-459.66" type="resourcenode.wood.green" GUID="Lv432LSOTkamDpiIO7RgOQ=="/>
    <POI MapID="19" xpos="735.028" ypos="18.4153" zpos="-529.372" type="resourcenode.wood.green" GUID="NVRAntbxT0q3opcnkvZx1A=="/>
    <POI MapID="35" xpos="258.743" ypos="3.83789" zpos="-124.493" type="resourcenode.wood.green" GUID="oTGKlGFgjUKAwsa5WL079Q=="/>
    <POI MapID="19" xpos="299.57" ypos="19.1779" zpos="-53.7407" type="resourcenode.wood.green" GUID="aWlCZ83OrUCP7gUDsQVPAQ=="/>
    <POI MapID="35" xpos="-83.5263" ypos="18.7385" zpos="802.07" type="resourcenode.wood.green" GUID="MIa67HFVMEmRsPYxfymirw=="/>
    <POI MapID="35" xpos="-18.6941" ypos="11.0903" zpos="790.421" type="resourcenode.wood.green" GUID="VsewVoF6XE2Rjs1x+Zgf3g=="/>
    <POI MapID="15" xpos="922.345" ypos="15.9883" zpos="461.809" type="resourcenode.wood.green" GUID="NRi9urpBWUW3Fsv+PurSxQ=="/>
    <POI MapID="19" xpos="-822.145" ypos="56.6564" zpos="-483.114" type="resourcenode.wood.green" GUID="6N5JIjKtx06tIqqUbIPyaQ=="/>
    <POI MapID="35" xpos="-132.487" ypos="17.035" zpos="839.421" type="resourcenode.wood.green" GUID="ZAVtWVMg7U6anIC6aTepUg=="/>
    <POI MapID="19" xpos="982.214" ypos="34.6841" zpos="391.503" type="resourcenode.wood.green" GUID="6f7ZSOKVkU2rWhtQxdbHNw=="/>
    <POI MapID="19" xpos="1075.26" ypos="36.5055" zpos="245.977" type="resourcenode.wood.green" GUID="heQvt3hcl06m5Ugd2+dAgw=="/>
    <POI MapID="19" xpos="989.117" ypos="26.888" zpos="177.073" type="resourcenode.wood.green" GUID="4spPubFazESVkUE7oVGlSQ=="/>
    <POI MapID="19" xpos="1016.07" ypos="12.0575" zpos="33.6457" type="resourcenode.wood.green" GUID="HdtM89U72kysAQWrWpC14A=="/>
    <POI MapID="19" xpos="1139.97" ypos="34.023" zpos="-144.108" type="resourcenode.wood.green" GUID="tI6Escx59kaUubEX3f2Xdg=="/>
    <POI MapID="19" xpos="991.437" ypos="0.365177" zpos="-421.669" type="resourcenode.wood.green" GUID="ItjsfSqonEq567WudiuCww=="/>
    <POI MapID="19" xpos="583.761" ypos="29.0098" zpos="-480.708" type="resourcenode.wood.green" GUID="1jUll6/t3U+y4djA3IyvUA=="/>
    <POI MapID="19" xpos="364.851" ypos="26.8408" zpos="212.083" type="resourcenode.wood.green" GUID="ASLAQv2BE0+HzmMgaL1+4g=="/>
    <POI MapID="19" xpos="-673.458" ypos="35.6196" zpos="33.4043" type="resourcenode.wood.green" GUID="sMFJOiRCjE6NGCZOSt6JWw=="/>
    <POI MapID="19" xpos="-722.739" ypos="35.0758" zpos="-28.9459" type="resourcenode.wood.green" GUID="WbTTVNkwfkW1G0xUnvLatg=="/>
    <POI MapID="19" xpos="-629.599" ypos="29.0758" zpos="-140.625" type="resourcenode.wood.green" GUID="Cw0qNJPGWE2Qj6d8FNRl6A=="/>
    <POI MapID="19" xpos="-605.654" ypos="24.3578" zpos="-200.182" type="resourcenode.wood.green" GUID="vXa+c4f3EESG7xfiEHreZQ=="/>
    <POI MapID="19" xpos="190.773" ypos="25.9976" zpos="-238.939" type="resourcenode.wood.green" GUID="dheplrOeD0e/6CW+V10ong=="/>
    <POI MapID="19" xpos="236.938" ypos="35.7417" zpos="33.0299" type="resourcenode.wood.green" GUID="QU4hfSY5YUSJ/glKg6TXhw=="/>
    <POI MapID="19" xpos="-729.585" ypos="36.9375" zpos="177.568" type="resourcenode.wood.green" GUID="emJiGErrbUSpCM3Cp0VpmQ=="/>
    <POI MapID="19" xpos="-738.497" ypos="39.0705" zpos="183.206" type="resourcenode.wood.green" GUID="6k8+WOtoIU2lghrlRWALGQ=="/>
    <POI MapID="19" xpos="-936.339" ypos="40.3878" zpos="-161.039" type="resourcenode.wood.green" GUID="4Z1QN0Rq/0mwQuAT14wn2w=="/>
    <POI MapID="19" xpos="-801.514" ypos="27.231" zpos="-325.73" type="resourcenode.wood.green" GUID="JuEnqI6kZ0SOAvULUXc99w=="/>
    <POI MapID="19" xpos="-766.709" ypos="28.9718" zpos="-310.517" type="resourcenode.wood.green" GUID="m97OkeKfDU+oYCePvtRxAg=="/>
    <POI MapID="19" xpos="-689.943" ypos="27.1637" zpos="-220.678" type="resourcenode.wood.green" GUID="xTXzJFKWHU6VAUmVQCFH6Q=="/>
    <POI MapID="19" xpos="586.793" ypos="0.302214" zpos="62.1915" type="resourcenode.wood.green" GUID="aBtVQlqc7EGAOQIJLpQTcQ=="/>
    <POI MapID="19" xpos="704.13" ypos="0.147907" zpos="137.898" type="resourcenode.wood.green" GUID="ktEjMwxrgES+eceP0pvUFg=="/>
    <POI MapID="19" xpos="589.838" ypos="12.9351" zpos="323.05" type="resourcenode.wood.green" GUID="mS03a9ni10iqRNWisUrZKg=="/>
    <POI MapID="19" xpos="474.66" ypos="23.7741" zpos="346.179" type="resourcenode.wood.green" GUID="1lM5Pao9mE60+nXBb7pzEw=="/>
    <POI MapID="19" xpos="-112.642" ypos="61.441" zpos="450.304" type="resourcenode.wood.green" GUID="57yUmonLeEavsYEahOpLew=="/>
    <POI MapID="19" xpos="167.645" ypos="23.6783" zpos="183.682" type="resourcenode.wood.green" GUID="D3PGRO+Af0GjniUq0R9wlA=="/>
    <POI MapID="19" xpos="948.249" ypos="38.9241" zpos="402.221" type="resourcenode.wood.green" GUID="LI06fHD0b0mXLbjFebNmuw=="/>
    <POI MapID="968" xpos="239.826" ypos="147.174" zpos="670.305" type="resourcenode.wood.green" GUID="2CLAfs4QyU+g5ew3g+uiAg=="/>
    <POI MapID="968" xpos="265.997" ypos="117.84" zpos="-521.255" type="resourcenode.wood.green" GUID="qStp8Ltx0EWuudRLKqrklA=="/>
    <POI MapID="968" xpos="251.95" ypos="113.078" zpos="-554.076" type="resourcenode.wood.green" GUID="fcvgnTDlqU2Kj43C86qVIQ=="/>
    <POI MapID="968" xpos="224.891" ypos="126.958" zpos="-530.713" type="resourcenode.wood.green" GUID="x8EDYPqoi06ybJoN4YQPWw=="/>
    <POI MapID="35" xpos="-120.349" ypos="15.5806" zpos="805.311" type="resourcenode.wood.green" GUID="VL8cQlvuc0+qSfyu8dMYxg=="/>
    <POI MapID="15" xpos="681.23" ypos="56.8884" zpos="-540.902" type="resourcenode.wood.green" GUID="uZIAsel8eUSIKha3rh68Qg=="/>
    <POI MapID="15" xpos="782.119" ypos="51.4793" zpos="-441.54" type="resourcenode.wood.green" GUID="SMm+hRA28kuhbBPN1cFq2Q=="/>
    <POI MapID="19" xpos="525.704" ypos="19.9309" zpos="323.379" type="resourcenode.wood.green" GUID="g6SlD7PYj0GWrTJMnv4HzQ=="/>
    <POI MapID="19" xpos="-674.198" ypos="28.573" zpos="-119.2" type="resourcenode.wood.green" GUID="gHlfK5j/V0iThrEINdVRAA=="/>
    <POI MapID="15" xpos="333.469" ypos="11.8169" zpos="324.093" type="resourcenode.wood.green" GUID="3oFohJnx50exrz7R/3Ieww=="/>
    <POI MapID="15" xpos="54.5127" ypos="33.9265" zpos="292.487" type="resourcenode.wood.green" GUID="XpPmet6QuUK1sX1RaCa7dQ=="/>
    <POI MapID="15" xpos="-175.315" ypos="1.0328" zpos="39.8813" type="resourcenode.wood.green" GUID="C0YrcfuYAkeMZJvmLYh1tg=="/>
    <POI MapID="15" xpos="-412.798" ypos="30.0416" zpos="-460.018" type="resourcenode.wood.green" GUID="27gzzV4UtE2bGpMvy9U8Bw=="/>
    <POI MapID="15" xpos="-353.785" ypos="20.7663" zpos="-422.273" type="resourcenode.wood.green" GUID="hoK+W01/KUy9kseiq7FdIQ=="/>
    <POI MapID="15" xpos="969.478" ypos="78.0818" zpos="-130.889" type="resourcenode.wood.green" GUID="UYPW5IE7qkmWaPhGkDdVxg=="/>
    <POI MapID="15" xpos="890.647" ypos="68.4121" zpos="-349.349" type="resourcenode.wood.green" GUID="24P+KzPZokqoWrl3LZ0ueA=="/>
    <POI MapID="15" xpos="810.746" ypos="61.54" zpos="-337.889" type="resourcenode.wood.green" GUID="sOdg8jy9bEOWFu5dcL39hA=="/>
    <POI MapID="968" xpos="-131.359" ypos="163.12" zpos="761.512" type="resourcenode.wood.green" GUID="+kzPnLpGJkiprNlewbbEBg=="/>
    <POI MapID="968" xpos="-103.709" ypos="154.806" zpos="712.691" type="resourcenode.wood.green" GUID="hV6gs450EkeBNBXz4tEtwg=="/>
    <POI MapID="968" xpos="244.205" ypos="121.897" zpos="-496.592" type="resourcenode.wood.green" GUID="hKltvXlzpUq99j9Hd4NQBg=="/>
    <POI MapID="968" xpos="-364.657" ypos="151.665" zpos="-440.516" type="resourcenode.wood.green" GUID="rQokxAXSWUmUwprVXy8yFg=="/>
    <POI MapID="968" xpos="-124.614" ypos="157.773" zpos="724.625" type="resourcenode.wood.green" GUID="cVsE8S6qbUucEAxB109j3g=="/>
    <POI MapID="28" xpos="-268.442" ypos="111.426" zpos="723.619" type="resourcenode.wood.green" GUID="dY9Ge6wOM0yxDxDcGncuRg=="/>
    <POI MapID="28" xpos="-282.538" ypos="111.326" zpos="691.62" type="resourcenode.wood.green" GUID="2hxHtEdemU6exmWLivck6Q=="/>
    <POI MapID="28" xpos="-301.574" ypos="116.373" zpos="655.2" type="resourcenode.wood.green" GUID="H7B87MbQP0G/guOvLjIL2A=="/>
    <POI MapID="28" xpos="-212.468" ypos="108.063" zpos="672.439" type="resourcenode.wood.green" GUID="y9EbuiV5PE+x88KmtQvTWQ=="/>
    <POI MapID="28" xpos="-231.498" ypos="108.516" zpos="634.42" type="resourcenode.wood.green" GUID="54BRxAr1TUabMF83N/MX9w=="/>
    <POI MapID="35" xpos="475.992" ypos="36.8489" zpos="619.899" type="resourcenode.wood.green" GUID="N49Iv6BOpk+ic7dLwPaXSw=="/>
    <POI MapID="15" xpos="-946.1" ypos="11.2084" zpos="-555.34" type="resourcenode.wood.green" GUID="GT7/fjrZ8Ea/E9ydzg1hXg=="/>
    <POI MapID="23" xpos="972.832" ypos="40.3794" zpos="219.117" type="resourcenode.wood.green" GUID="4qRxpUV37kmoAekZnxfHbg=="/>
    <POI MapID="15" xpos="61.6079" ypos="26.5323" zpos="333.263" type="resourcenode.wood.green" GUID="tNsdcvm8Pkq6Y6yJ0rOgJw=="/>
    <POI MapID="15" xpos="333.978" ypos="0.584708" zpos="-585.317" type="resourcenode.wood.green" GUID="Vxatg44bx0CAnQ/G1hBVKQ=="/>
    <POI MapID="28" xpos="-198.615" ypos="109.079" zpos="600.513" type="resourcenode.wood.green" GUID="JnMc+M49SUKpx48/IsU4wQ=="/>
  </POIs>
</OverlayData>