<OverlayData>
  <MarkerCategory name="ResourceNode" DisplayName="Resource Nodes" data-class="fade-1" behavior="1" iconFile="Data/ResourceNode.png" data-iconFile="Data/ResourceNode.png" fadeFar="16800" fadeNear="8400" maxSize="256">
    <MarkerCategory name="Wood" iconFile="Data/ResourceNode/Wood.png" data-iconFile="Data/Wood.png">
      <MarkerCategory name="Elder"/>
    </MarkerCategory>
  </MarkerCategory>
  <POIs>
    <POI MapID="51" xpos="-3.82638" ypos="1.33817" zpos="-305.523" type="resourcenode.wood.elder" GUID="hIH0tUo/J0+c1aHKLFM57g=="/>
    <POI MapID="51" xpos="-226.56" ypos="2.59815" zpos="-432.218" type="resourcenode.wood.elder" GUID="ylPRf3UJ7U61E/kHa3wmCw=="/>
    <POI MapID="51" xpos="-342.846" ypos="22.3632" zpos="-631.568" type="resourcenode.wood.elder" GUID="ofYz44oVpEiAMGhJ4kXioQ=="/>
    <POI MapID="51" xpos="-338.036" ypos="22.3661" zpos="-629.648" type="resourcenode.wood.elder" GUID="9EFzTDtruk+dbPxR2GvWQA=="/>
    <POI MapID="51" xpos="-332.998" ypos="22.3585" zpos="-632.509" type="resourcenode.wood.elder" GUID="pZcu3fsCNk+U2qEO3FVAcw=="/>
    <POI MapID="51" xpos="-331.276" ypos="22.4258" zpos="-637.951" type="resourcenode.wood.elder" GUID="smsNHZQYs0ackl4diJ2Fqg=="/>
    <POI MapID="65" xpos="1002.01" ypos="50.1518" zpos="-451.589" type="resourcenode.wood.elder" GUID="3vCyvq+YoUWsBW/YYQSjIA=="/>
    <POI MapID="65" xpos="854.134" ypos="63.3297" zpos="-455.504" type="resourcenode.wood.elder" GUID="dccHGGs9UkWcb4bhfLPcug=="/>
    <POI MapID="65" xpos="851.714" ypos="63.3531" zpos="-451.567" type="resourcenode.wood.elder" GUID="YK56hiiOKkG8SgRRvbt0yA=="/>
    <POI MapID="65" xpos="847.997" ypos="64.1299" zpos="-451.632" type="resourcenode.wood.elder" GUID="qMSNKs3FWkqCR/0Mr6ouQA=="/>
    <POI MapID="65" xpos="844.814" ypos="65.0761" zpos="-453.909" type="resourcenode.wood.elder" GUID="MVUyFYYHMU2C1h0MXiO+Mg=="/>
    <POI MapID="65" xpos="844.438" ypos="65.5646" zpos="-458.042" type="resourcenode.wood.elder" GUID="Rrjco5lEA0eHjaP53wpQag=="/>
    <POI MapID="1043" xpos="452.539" ypos="298.823" zpos="116.107" type="resourcenode.wood.elder" GUID="hTiPXZBPkEaNpUlSsL1rTA=="/>
    <POI MapID="62" xpos="278.872" ypos="35.8206" zpos="757.994" type="resourcenode.wood.elder" GUID="4ilbKuU82kaQPc57xx+feA=="/>
    <POI MapID="62" xpos="301.214" ypos="30.2505" zpos="851.023" type="resourcenode.wood.elder" GUID="atW72JRmLEOy0axMnhh4CA=="/>
    <POI MapID="62" xpos="272.769" ypos="61.3298" zpos="1074.24" type="resourcenode.wood.elder" GUID="/hzALVJr/kSkQhVl5GvKcw=="/>
    <POI MapID="62" xpos="66.746" ypos="51.1831" zpos="1046.14" type="resourcenode.wood.elder" GUID="eBkZeZ1QokmbZDyqLqfsSA=="/>
    <POI MapID="62" xpos="65.2859" ypos="73.1744" zpos="1118.74" type="resourcenode.wood.elder" GUID="MGpawx0iDU+Gqywavx2L2w=="/>
    <POI MapID="62" xpos="88.2236" ypos="77.3434" zpos="1132.06" type="resourcenode.wood.elder" GUID="dSU6wHGLWEeytZYNpeox6Q=="/>
    <POI MapID="62" xpos="36.3214" ypos="30.1385" zpos="924.255" type="resourcenode.wood.elder" GUID="brndV74FXUuZTbHrxIXIrQ=="/>
    <POI MapID="62" xpos="-10.9639" ypos="18.7917" zpos="857.088" type="resourcenode.wood.elder" GUID="gtQc6Mm+cUa9BEuXJQ4O9w=="/>
    <POI MapID="62" xpos="-50.3535" ypos="3.30975" zpos="753.912" type="resourcenode.wood.elder" GUID="WUCvqcJbl0GpXkKZNNXU2w=="/>
    <POI MapID="62" xpos="-111.21" ypos="18.9093" zpos="601.568" type="resourcenode.wood.elder" GUID="xcNsn60uS0GyEW087nTZqg=="/>
    <POI MapID="62" xpos="-66.8686" ypos="2.63188" zpos="302.835" type="resourcenode.wood.elder" GUID="xTKpbJMCt0as4yb2BORvEw=="/>
    <POI MapID="62" xpos="-54.8745" ypos="7.23247" zpos="144.775" type="resourcenode.wood.elder" GUID="5hs+PP9qw0u3lwZtRWpIMQ=="/>
    <POI MapID="62" xpos="19.1973" ypos="23.3898" zpos="-24.3309" type="resourcenode.wood.elder" GUID="4+AOpR/akUya5n8nFtVcnQ=="/>
    <POI MapID="62" xpos="347.1" ypos="45.2112" zpos="340.657" type="resourcenode.wood.elder" GUID="PRmcFFEPdkm0mYcCFghG5Q=="/>
    <POI MapID="62" xpos="343.318" ypos="44.2596" zpos="320.773" type="resourcenode.wood.elder" GUID="f8WUt4viwE6lrXZUU4PdXg=="/>
    <POI MapID="62" xpos="404.744" ypos="32.9898" zpos="267.495" type="resourcenode.wood.elder" GUID="Uafs+9erzUCS/go9Aoo8IQ=="/>
    <POI MapID="62" xpos="361.978" ypos="89.0495" zpos="88.1007" type="resourcenode.wood.elder" GUID="LZCbWL+rW06A6SjGGO4D7Q=="/>
    <POI MapID="62" xpos="472.946" ypos="116.593" zpos="54.9254" type="resourcenode.wood.elder" GUID="UZTgKOrkukGw5AtX7Zep0w=="/>
    <POI MapID="62" xpos="-17.3811" ypos="30.5667" zpos="-498.047" type="resourcenode.wood.elder" GUID="vU2CdNKPtk6kdIUpxAF1Bw=="/>
    <POI MapID="62" xpos="147.61" ypos="11.754" zpos="-616.632" type="resourcenode.wood.elder" GUID="Pt2Hc7In8EGtNum/cEmO3w=="/>
    <POI MapID="62" xpos="200.404" ypos="0.993479" zpos="-849.644" type="resourcenode.wood.elder" GUID="jM9zX5+rJEWShBzv1kkYaA=="/>
    <POI MapID="62" xpos="244.527" ypos="0.984351" zpos="-859.669" type="resourcenode.wood.elder" GUID="J4CnuSKu/0KlNEYOXtuNkA=="/>
    <POI MapID="62" xpos="-244.905" ypos="20.1446" zpos="-644.212" type="resourcenode.wood.elder" GUID="1pYXxEuGXkKD2iyVn8nuwA=="/>
    <POI MapID="873" xpos="213.929" ypos="9.08846" zpos="181.503" type="resourcenode.wood.elder" GUID="eQGJkzPmCUWvCrmwty45EQ=="/>
    <POI MapID="873" xpos="83.9246" ypos="41.8449" zpos="56.5489" type="resourcenode.wood.elder" GUID="4cQ/RtK2006ghMvFZaVCJg=="/>
    <POI MapID="873" xpos="17.533" ypos="34.4826" zpos="13.9689" type="resourcenode.wood.elder" GUID="1kk+I8xUY0KG+WU/gfe/2A=="/>
    <POI MapID="873" xpos="18.8987" ypos="36.4258" zpos="-49.784" type="resourcenode.wood.elder" GUID="8/84yfn4VEGk8k0XPbocrg=="/>
    <POI MapID="873" xpos="107.982" ypos="43.4756" zpos="52.3587" type="resourcenode.wood.elder" GUID="0wXtpwqPVk22FwgaF8sLGA=="/>
    <POI MapID="62" xpos="-286.267" ypos="5.98608" zpos="-437.339" type="resourcenode.wood.elder" GUID="QPhS6ojmoEKYmHHJQxVt8g=="/>
    <POI MapID="62" xpos="-109.852" ypos="17.4397" zpos="-124.983" type="resourcenode.wood.elder" GUID="6Y/Nl9q7w0aCyBstbWO4pA=="/>
    <POI MapID="62" xpos="-36.2475" ypos="29.3263" zpos="-38.1496" type="resourcenode.wood.elder" GUID="SoyzAgOdf0KKCGgI2be7zg=="/>
    <POI MapID="62" xpos="-55.6469" ypos="25.6307" zpos="-17.5112" type="resourcenode.wood.elder" GUID="Rc4L860YQEycWrEZf4AUiQ=="/>
    <POI MapID="62" xpos="222.533" ypos="35.1129" zpos="722.198" type="resourcenode.wood.elder" GUID="mnm3tB0Me0uKOHNwKf/Lsw=="/>
    <POI MapID="62" xpos="-4.4207" ypos="3.91746" zpos="180.716" type="resourcenode.wood.elder" GUID="X1epkVcAXEO41mT6QeMFbw=="/>
    <POI MapID="62" xpos="63.7109" ypos="15.2995" zpos="-122.143" type="resourcenode.wood.elder" GUID="l+HEs/3z1E6BzMq20Uw1qA=="/>
    <POI MapID="62" xpos="103.704" ypos="15.1043" zpos="-95.7785" type="resourcenode.wood.elder" GUID="U1tH+r/Tc0uZX28OtZBINw=="/>
    <POI MapID="62" xpos="-43.4448" ypos="14.9012" zpos="-157.775" type="resourcenode.wood.elder" GUID="ltw3k5DTfUyHuGPrhuAoQg=="/>
    <POI MapID="62" xpos="-414.217" ypos="2.75233" zpos="-456.964" type="resourcenode.wood.elder" GUID="oqQ2kCAGbEKaycK1ivwUhw=="/>
    <POI MapID="62" xpos="-358.283" ypos="34.8629" zpos="-642.314" type="resourcenode.wood.elder" GUID="9177yKT/M0mn17FmT6nFrQ=="/>
    <POI MapID="62" xpos="-359.867" ypos="32.9769" zpos="-627.674" type="resourcenode.wood.elder" GUID="eDkZmNgv80O9TObzbTlmUg=="/>
    <POI MapID="62" xpos="-8.71817" ypos="25.1117" zpos="891.99" type="resourcenode.wood.elder" GUID="Gj8FV1yM30OewAftHovXLA=="/>
    <POI MapID="62" xpos="-60.0812" ypos="15.7791" zpos="882.721" type="resourcenode.wood.elder" GUID="ZscgMv4vqU+nY64wOGvIsg=="/>
    <POI MapID="62" xpos="-89.6319" ypos="7.69086" zpos="831.334" type="resourcenode.wood.elder" GUID="WcQJCno3p0eiRNYopg4FMw=="/>
    <POI MapID="1045" xpos="-760.665" ypos="245.514" zpos="-9.82407" type="resourcenode.wood.elder" GUID="fMBzo1mSnkSWbPCu8m8x7g=="/>
    <POI MapID="1052" xpos="563.666" ypos="329.059" zpos="133.791" type="resourcenode.wood.elder" GUID="nWzKahxrLEiZV+IWrT0KtQ=="/>
    <POI MapID="1052" xpos="413.035" ypos="445.554" zpos="299.291" type="resourcenode.wood.elder" GUID="dZtG/nkpxUiV1jvdgHVtIQ=="/>
    <POI MapID="1052" xpos="852.269" ypos="385.919" zpos="100.157" type="resourcenode.wood.elder" GUID="EYuWRHQuVEqLhw4OPB8WcQ=="/>
    <POI MapID="1052" xpos="926.98" ypos="349.088" zpos="114.362" type="resourcenode.wood.elder" GUID="msvSNwwoX0eGTfbX/6FIJg=="/>
    <POI MapID="39" xpos="872.788" ypos="2.86346" zpos="7.4563" type="resourcenode.wood.elder" GUID="SAHSU9imKEGyxxQsL2Pnpg=="/>
    <POI MapID="873" xpos="-318.537" ypos="52.6894" zpos="-130.731" type="resourcenode.wood.elder" GUID="SzfObM2DHUagkR4X7FJ4fw=="/>
    <POI MapID="873" xpos="-380.279" ypos="44.5734" zpos="59.9099" type="resourcenode.wood.elder" GUID="vTeEyNWuIEKHJPMA+Vm/ow=="/>
    <POI MapID="873" xpos="120.717" ypos="46.6618" zpos="1.88079" type="resourcenode.wood.elder" GUID="qOEO2V+LWUui4XYponNSLA=="/>
    <POI MapID="1052" xpos="952.774" ypos="380.828" zpos="330.397" type="resourcenode.wood.elder" GUID="yS+4I7ICxEWEkesamfWC5A=="/>
    <POI MapID="375" xpos="98.6113" ypos="341.971" zpos="-297.774" type="resourcenode.wood.elder" GUID="bfn5FyQDXE+NNeo7i2axRQ=="/>
    <POI MapID="873" xpos="5.88716" ypos="34.6962" zpos="-137.309" type="resourcenode.wood.elder" GUID="fZpGyWrxV0SNl4InOGkgvA=="/>
    <POI MapID="873" xpos="-89.7483" ypos="38.0464" zpos="-198.59" type="resourcenode.wood.elder" GUID="xvj9zHtkdk646Fe7AnkgAQ=="/>
    <POI MapID="873" xpos="-28.278" ypos="28.1453" zpos="-248.6" type="resourcenode.wood.elder" GUID="RgTxXRRCv0+MyFKjh7hxIg=="/>
    <POI MapID="1052" xpos="-220.416" ypos="543.712" zpos="185.609" type="resourcenode.wood.elder" GUID="MxvluDpCAkOw2py3cYeAlg=="/>
    <POI MapID="1052" xpos="103.272" ypos="395.673" zpos="227.999" type="resourcenode.wood.elder" GUID="as++n9WdlEGfmF5uy7e6RA=="/>
    <POI MapID="1052" xpos="-132.337" ypos="377.863" zpos="75.1636" type="resourcenode.wood.elder" GUID="BYvNW2Ye8k2DnvoIZgyH7A=="/>
    <POI MapID="39" xpos="985.714" ypos="0.985443" zpos="135.888" type="resourcenode.wood.elder" GUID="+21C2ZCDp0eZWdBCMTX90A=="/>
    <POI MapID="873" xpos="-448.49" ypos="44.5852" zpos="2.40487" type="resourcenode.wood.elder" GUID="42CfG/oBQEa5djeWro/hbA=="/>
    <POI MapID="873" xpos="-151.115" ypos="38.817" zpos="-308.962" type="resourcenode.wood.elder" GUID="d//0lPgeX0ioY02kByn6Kw=="/>
    <POI MapID="873" xpos="61.114" ypos="36.9103" zpos="44.0981" type="resourcenode.wood.elder" GUID="PgquKW2YAka6EkwYqwz+9w=="/>
    <POI MapID="873" xpos="-139.534" ypos="40.2485" zpos="-231.038" type="resourcenode.wood.elder" GUID="N+BDGVzlakKKk0zDL7GXcA=="/>
    <POI MapID="873" xpos="-290.848" ypos="43.2793" zpos="-271.145" type="resourcenode.wood.elder" GUID="YbwkBp9vYUSGyXMGJJ8kwA=="/>
    <POI MapID="873" xpos="-223.138" ypos="46.3301" zpos="-243.341" type="resourcenode.wood.elder" GUID="u/JGy+lR20m3xAfkMFdrGA=="/>
    <POI MapID="1043" xpos="319.897" ypos="292.417" zpos="152.463" type="resourcenode.wood.elder" GUID="J26BlzuTy0K2ADnrnBhR7g=="/>
    <POI MapID="62" xpos="165.478" ypos="6.81346" zpos="-658.61" type="resourcenode.wood.elder" GUID="0/3IHOOcikO/KO5h9BRgGQ=="/>
    <POI MapID="62" xpos="-326.963" ypos="50.4314" zpos="-650.358" type="resourcenode.wood.elder" GUID="+Jzw0cpankil5x29LMfy/w=="/>
    <POI MapID="1041" xpos="-68.4555" ypos="88.4094" zpos="377.901" type="resourcenode.wood.elder" GUID="fXWKNBBmH0+HR4LZtLsM9w=="/>
    <POI MapID="988" xpos="-597.984" ypos="1.6392" zpos="-480.66" type="resourcenode.wood.elder" GUID="2MX5LHyiSkWC8TeoH75zhw=="/>
    <POI MapID="988" xpos="-470.819" ypos="2.15226" zpos="-469.01" type="resourcenode.wood.elder" GUID="FF3pSlLBhESYlM6jFN9HIg=="/>
    <POI MapID="1015" xpos="-119.711" ypos="415.521" zpos="40.1042" type="resourcenode.wood.elder" GUID="l8+G9o2QCEGeo8x9ldVypw=="/>
    <POI MapID="1015" xpos="-224.319" ypos="416.242" zpos="31.9674" type="resourcenode.wood.elder" GUID="vOf3dJHLIEWX0D9fZSqNCQ=="/>
    <POI MapID="1015" xpos="-263.808" ypos="418.949" zpos="-97.9045" type="resourcenode.wood.elder" GUID="N5KT8cVKqEWeqq4MkKq4og=="/>
    <POI MapID="1015" xpos="91.9029" ypos="413.663" zpos="-203.95" type="resourcenode.wood.elder" GUID="vXx/NOV6PUio+5aGU56mPw=="/>
    <POI MapID="1015" xpos="73.0913" ypos="412.454" zpos="-311.093" type="resourcenode.wood.elder" GUID="0UK6YeeWvEKyISGiykHPIg=="/>
    <POI MapID="1015" xpos="120.336" ypos="414.798" zpos="-327.969" type="resourcenode.wood.elder" GUID="tYKPDLZw2ECWZuc6L7CW7A=="/>
    <POI MapID="873" xpos="-427.193" ypos="39.1379" zpos="-270.903" type="resourcenode.wood.elder" GUID="eOD98TUF006ud6IBMDM8KA=="/>
    <POI MapID="65" xpos="1023.98" ypos="47.859" zpos="-239.724" type="resourcenode.wood.elder" GUID="hpg80qi3zkCI1HfBB+KkSw=="/>
    <POI MapID="65" xpos="1033.71" ypos="56.1809" zpos="-196.204" type="resourcenode.wood.elder" GUID="1g5Tw+QDQkaPm5PCnA4+eg=="/>
    <POI MapID="65" xpos="900.017" ypos="61.6297" zpos="-458.23" type="resourcenode.wood.elder" GUID="PIgl+nnivUWp7yIYaql8NA=="/>
    <POI MapID="65" xpos="989.237" ypos="45.949" zpos="-436.51" type="resourcenode.wood.elder" GUID="0/ILtZZ7TkWIVux2p42daQ=="/>
    <POI MapID="65" xpos="-423.987" ypos="5.47579" zpos="-165.967" type="resourcenode.wood.elder" GUID="lNRa6pwLfUWIJBRr9VyR4Q=="/>
    <POI MapID="65" xpos="-469.911" ypos="12.2455" zpos="-223.365" type="resourcenode.wood.elder" GUID="ymhHUMCQaUilEGO/UKgv2A=="/>
    <POI MapID="65" xpos="-278.504" ypos="105.19" zpos="-64.2476" type="resourcenode.wood.elder" GUID="KUbCtGgc9USRNzKecc+dQw=="/>
    <POI MapID="65" xpos="-43.1675" ypos="39.0356" zpos="-83.609" type="resourcenode.wood.elder" GUID="pAzppt7AuUiBvrQIxaP7qQ=="/>
    <POI MapID="65" xpos="738.016" ypos="0.520999" zpos="228.653" type="resourcenode.wood.elder" GUID="FOMBn0/I2EKzXnFIpVbgEA=="/>
    <POI MapID="65" xpos="712.782" ypos="12.2268" zpos="65.1286" type="resourcenode.wood.elder" GUID="6gcLClfuTUS34kV2ckmhGA=="/>
    <POI MapID="62" xpos="131.937" ypos="28.8561" zpos="679.147" type="resourcenode.wood.elder" GUID="e1RIcgdgc0Cp5NeZUgmRHg=="/>
    <POI MapID="1052" xpos="-366.137" ypos="547.193" zpos="187.553" type="resourcenode.wood.elder" GUID="r3wGRy96YE6Ftq4l8t/LFA=="/>
    <POI MapID="1052" xpos="-397.797" ypos="506.164" zpos="127.476" type="resourcenode.wood.elder" GUID="Ho0BydrVYEqvwCX6x6PbBg=="/>
    <POI MapID="1052" xpos="394.438" ypos="435.338" zpos="-370.425" type="resourcenode.wood.elder" GUID="ocRJ40xj5E2Oorjen6dcAg=="/>
    <POI MapID="1052" xpos="875.372" ypos="380.192" zpos="-45.7974" type="resourcenode.wood.elder" GUID="3c3gTN8D0kmDNGk9gq34IQ=="/>
    <POI MapID="1052" xpos="952.705" ypos="388.593" zpos="-42.6698" type="resourcenode.wood.elder" GUID="sjuu2zqgz0uRKbm+9fIK9Q=="/>
    <POI MapID="1043" xpos="113.97" ypos="312.768" zpos="350.539" type="resourcenode.wood.elder" GUID="XaG8zKhvkES0l95RX1K9rA=="/>
    <POI MapID="30" xpos="520.171" ypos="26.2711" zpos="257.134" type="resourcenode.wood.elder" GUID="nDT6aKkNPkaAh5Na/ednxw=="/>
    <POI MapID="30" xpos="530.637" ypos="29.7512" zpos="222.599" type="resourcenode.wood.elder" GUID="7+3rm5UNJ0GqiWOyUsCiVw=="/>
    <POI MapID="30" xpos="468.44" ypos="24.9602" zpos="243.22" type="resourcenode.wood.elder" GUID="y22+hofnckWa+YvLozrtJQ=="/>
    <POI MapID="22" xpos="-1.17803" ypos="42.4779" zpos="128.046" type="resourcenode.wood.elder" GUID="z1Vhu/LZtEuXUkQ5p42RhQ=="/>
    <POI MapID="22" xpos="11.4033" ypos="35.9863" zpos="103.588" type="resourcenode.wood.elder" GUID="jzv/oifea0GloP294/RREQ=="/>
    <POI MapID="873" xpos="-15.882" ypos="29.8353" zpos="-259.811" type="resourcenode.wood.elder" GUID="n/H+/HN6c0eeK5TQm5GI2w=="/>
    <POI MapID="1052" xpos="-143.881" ypos="409.279" zpos="-406.837" type="resourcenode.wood.elder" GUID="qu2nrvMkO0ap5gbH0yFV4A=="/>
    <POI MapID="1052" xpos="-742.978" ypos="466.756" zpos="-29.3421" type="resourcenode.wood.elder" GUID="kvWv9B4rIUCpkwki1YAcHQ=="/>
    <POI MapID="51" xpos="51.1048" ypos="11.4858" zpos="-394.878" type="resourcenode.wood.elder" GUID="0cKn+gGpYESWA+RrUoGMkw=="/>
    <POI MapID="873" xpos="-284.53" ypos="53.8189" zpos="-36.2966" type="resourcenode.wood.elder" GUID="ljmHCy2d50GMtf4lpKS6fQ=="/>
    <POI MapID="873" xpos="-172.893" ypos="38.1152" zpos="-241.148" type="resourcenode.wood.elder" GUID="aTMeLqNr50iQB2XbhseuQQ=="/>
    <POI MapID="988" xpos="253.717" ypos="17.9183" zpos="-542.493" type="resourcenode.wood.elder" GUID="zQzkaR5+/kCaVnr2ieKGSQ=="/>
    <POI MapID="873" xpos="-443.569" ypos="34.6372" zpos="-317.64" type="resourcenode.wood.elder" GUID="Eco0FqQzNUaIXYn3yAmYHg=="/>
    <POI MapID="873" xpos="285.092" ypos="4.74663" zpos="105.593" type="resourcenode.wood.elder" GUID="of4MH2dW10OnsgPMRDUh9A=="/>
    <POI MapID="873" xpos="28.3756" ypos="36.6817" zpos="-32.4351" type="resourcenode.wood.elder" GUID="X7bbxh0MPkqmytQLmQB32A=="/>
    <POI MapID="62" xpos="307.486" ypos="33.07" zpos="799.254" type="resourcenode.wood.elder" GUID="vTudAKhdu0SpAMYVLnwN5w=="/>
    <POI MapID="62" xpos="41.1941" ypos="64.1782" zpos="1103.47" type="resourcenode.wood.elder" GUID="AoCa8tiJ50Gq2bc7FPDG+g=="/>
    <POI MapID="62" xpos="30.6067" ypos="28.587" zpos="792.11" type="resourcenode.wood.elder" GUID="qs6WYEeCpkqVPdmeVVfTBQ=="/>
    <POI MapID="62" xpos="-73.6588" ypos="21.4795" zpos="938.96" type="resourcenode.wood.elder" GUID="99NP2hpAn0i+CMA3vKmEKA=="/>
    <POI MapID="62" xpos="-156.277" ypos="1.46457" zpos="867.397" type="resourcenode.wood.elder" GUID="VTeny/P5eUekjzELno8oHA=="/>
    <POI MapID="62" xpos="-191.702" ypos="5.01264" zpos="924.028" type="resourcenode.wood.elder" GUID="QoMgbTjhPE2YWvom9BcRRA=="/>
    <POI MapID="62" xpos="-237.983" ypos="3.11557" zpos="999.925" type="resourcenode.wood.elder" GUID="Pxg1OeKwF0iNkSj/hjqjdQ=="/>
    <POI MapID="62" xpos="-404.384" ypos="2.16645" zpos="970.218" type="resourcenode.wood.elder" GUID="EqCrnQYaj02zTy/UIrlfGg=="/>
    <POI MapID="248" xpos="214.272" ypos="75.2754" zpos="183.061" type="resourcenode.wood.elder" GUID="ODa4iPs0mU2jLHaBxMNtyQ=="/>
    <POI MapID="1043" xpos="347.206" ypos="318.645" zpos="413.38" type="resourcenode.wood.elder" GUID="dVYUWycvZUidCLBGuBupxg=="/>
    <POI MapID="1043" xpos="551.87" ypos="339.764" zpos="195.77" type="resourcenode.wood.elder" GUID="nsVvZ5kMiUGGhMaTvCjwqA=="/>
    <POI MapID="1043" xpos="302.346" ypos="234.859" zpos="-651.684" type="resourcenode.wood.elder" GUID="sy9ev1TdK0O4amW4eXYdzw=="/>
    <POI MapID="62" xpos="-7.35371" ypos="14.8061" zpos="-117.232" type="resourcenode.wood.elder" GUID="vF0mPPbkiUGDfsAMtvR/wg=="/>
    <POI MapID="62" xpos="76.5961" ypos="15.7772" zpos="-90.4463" type="resourcenode.wood.elder" GUID="qRdvxCX/+0yaGPphUhQliw=="/>
    <POI MapID="62" xpos="110.577" ypos="27.6799" zpos="-158.478" type="resourcenode.wood.elder" GUID="PoN2WgWPxEK23Aqqx1QnQQ=="/>
    <POI MapID="62" xpos="25.9305" ypos="20.548" zpos="-386.996" type="resourcenode.wood.elder" GUID="RgPy5L9Zm0e9mPcMwEnYkw=="/>
    <POI MapID="62" xpos="-339.639" ypos="5.41289" zpos="661.333" type="resourcenode.wood.elder" GUID="rXBYeiKH7k6VVpQnXdiIUA=="/>
    <POI MapID="62" xpos="-416.072" ypos="1.44731" zpos="765.026" type="resourcenode.wood.elder" GUID="xl7ddlupmku7r38016JQYw=="/>
    <POI MapID="30" xpos="424.094" ypos="36.3014" zpos="421.435" type="resourcenode.wood.elder" GUID="9iE/W6hcgUy1KX6LbYMWGw=="/>
    <POI MapID="30" xpos="193.325" ypos="61.3868" zpos="-115.964" type="resourcenode.wood.elder" GUID="l5FsIp3mEEOd0vFU+kMUMQ=="/>
    <POI MapID="30" xpos="9.18599" ypos="23.9412" zpos="-316.867" type="resourcenode.wood.elder" GUID="vX7h53KyL0ime3zmrxcPrA=="/>
    <POI MapID="30" xpos="-164.06" ypos="1.96969" zpos="-427.295" type="resourcenode.wood.elder" GUID="Q2yY+PodmkyJzmh796O+8w=="/>
    <POI MapID="30" xpos="-271.872" ypos="27.3858" zpos="-430.578" type="resourcenode.wood.elder" GUID="zplhvy6XSUakJigRBAg0mQ=="/>
    <POI MapID="53" xpos="-301.183" ypos="1.19003" zpos="-728.157" type="resourcenode.wood.elder" GUID="s1ETtubMJ0SQ3p0yd1zMrQ=="/>
    <POI MapID="873" xpos="-347.826" ypos="51.9221" zpos="-187.501" type="resourcenode.wood.elder" GUID="0ynMJTJ0HUa5srNQ+1LjnQ=="/>
    <POI MapID="1043" xpos="321.086" ypos="268.133" zpos="-525.04" type="resourcenode.wood.elder" GUID="KWD7mh6QCk+0nFWS4n2qlw=="/>
    <POI MapID="1043" xpos="517.879" ypos="297.391" zpos="149.55" type="resourcenode.wood.elder" GUID="f/smNEAAm0qib2LdHZYL5A=="/>
    <POI MapID="873" xpos="-393.483" ypos="46.0537" zpos="-223.604" type="resourcenode.wood.elder" GUID="FIF0vZSPcE6XKFhIddoKBQ=="/>
    <POI MapID="873" xpos="-430.854" ypos="43.949" zpos="-166.759" type="resourcenode.wood.elder" GUID="LFvtlLyrC0+Ao1hw74LpPw=="/>
    <POI MapID="1015" xpos="-275.724" ypos="432.676" zpos="25.3494" type="resourcenode.wood.elder" GUID="S37OPWfQQ0yE1LIsqh9RRw=="/>
    <POI MapID="1015" xpos="-246.436" ypos="416.316" zpos="105.355" type="resourcenode.wood.elder" GUID="3n032Co6Skqj9yr/foaxCw=="/>
    <POI MapID="1045" xpos="595.471" ypos="232.705" zpos="-290.262" type="resourcenode.wood.elder" GUID="GkMjJc+wTEWH35Ke7xwt/w=="/>
    <POI MapID="873" xpos="399.232" ypos="49.9514" zpos="-98.9246" type="resourcenode.wood.elder" GUID="IVSPh25XfEaSyeC9QavZXw=="/>
    <POI MapID="873" xpos="78.1045" ypos="44.1369" zpos="-51.4422" type="resourcenode.wood.elder" GUID="I/H+8RdHHUOMrFYMS3SOtg=="/>
    <POI MapID="22" xpos="10.352" ypos="40.3737" zpos="-143.338" type="resourcenode.wood.elder" GUID="zso281kKo0SWk88rC3/JRg=="/>
    <POI MapID="1043" xpos="-274.952" ypos="252.002" zpos="198.511" type="resourcenode.wood.elder" GUID="XxyZXJKOOUm2m0xSRlFxpw=="/>
    <POI MapID="1043" xpos="39.3296" ypos="320.483" zpos="380.483" type="resourcenode.wood.elder" GUID="f6Hwz2kuUkWM3A97gVPTKw=="/>
    <POI MapID="1043" xpos="324.331" ypos="307.919" zpos="253.18" type="resourcenode.wood.elder" GUID="VqZ1dYtLPEmJ+ikS6PEq6A=="/>
    <POI MapID="62" xpos="-198.75" ypos="20.371" zpos="1013.12" type="resourcenode.wood.elder" GUID="BRMSvrzSEkyFY62p9NCkMA=="/>
    <POI MapID="62" xpos="42.4649" ypos="22.1747" zpos="19.5116" type="resourcenode.wood.elder" GUID="13I/zqnwBkGHuzHz0EmosA=="/>
    <POI MapID="62" xpos="-57.0622" ypos="18.7842" zpos="23.9324" type="resourcenode.wood.elder" GUID="r9m3gx319UmYiV9lAgvpGA=="/>
    <POI MapID="62" xpos="-124.362" ypos="13.5876" zpos="38.4136" type="resourcenode.wood.elder" GUID="J0lqlh2FJkKZHE2sKR9JJA=="/>
    <POI MapID="62" xpos="-202.582" ypos="8.37319" zpos="128.061" type="resourcenode.wood.elder" GUID="qbn5r25sHEeLqsqL0x1Bmw=="/>
    <POI MapID="62" xpos="66.3841" ypos="7.24963" zpos="160.552" type="resourcenode.wood.elder" GUID="C4in5QeM6Ei2UmPS/0Ca2w=="/>
    <POI MapID="62" xpos="180.943" ypos="0.962225" zpos="-871.837" type="resourcenode.wood.elder" GUID="H4U4ihmzW0aBkpgEDxPpcQ=="/>
    <POI MapID="62" xpos="173.334" ypos="11.1487" zpos="-800.388" type="resourcenode.wood.elder" GUID="8zchRF4JRUyDaz+KHVMUoA=="/>
    <POI MapID="62" xpos="-27.2194" ypos="28.9234" zpos="-453.889" type="resourcenode.wood.elder" GUID="Em5z7qyM0kG0202mVlFL5w=="/>
    <POI MapID="62" xpos="-393.398" ypos="3.04791" zpos="-384.432" type="resourcenode.wood.elder" GUID="+GBDPFBIqk2IWZSd8ReCew=="/>
    <POI MapID="30" xpos="414.659" ypos="27.1786" zpos="291.562" type="resourcenode.wood.elder" GUID="FTgaKMeexkC0hX5JZInM5g=="/>
    <POI MapID="30" xpos="512.614" ypos="42.4718" zpos="331.622" type="resourcenode.wood.elder" GUID="Mvj7VlizdUWCMqwTT3OasQ=="/>
    <POI MapID="39" xpos="321.76" ypos="22.2406" zpos="427.142" type="resourcenode.wood.elder" GUID="ZlvlNReu6UWRG3IVHL9yMg=="/>
    <POI MapID="39" xpos="260.47" ypos="22.2951" zpos="405.344" type="resourcenode.wood.elder" GUID="AbHqpeM/00edU0smKhi1Xw=="/>
    <POI MapID="30" xpos="192.781" ypos="25.8607" zpos="402.935" type="resourcenode.wood.elder" GUID="qQgcnAGLk0KgD31PTIv0Yw=="/>
    <POI MapID="30" xpos="99.935" ypos="35.2744" zpos="412.667" type="resourcenode.wood.elder" GUID="9hBRKTZ6wU6OgdLtgXGkuQ=="/>
    <POI MapID="30" xpos="17.8066" ypos="15.6376" zpos="323.051" type="resourcenode.wood.elder" GUID="/l5djw+dKki2p/gPfyMLXw=="/>
    <POI MapID="30" xpos="42.3577" ypos="3.09107" zpos="89.7311" type="resourcenode.wood.elder" GUID="K3af9jwiqEKv/wbtPPrsSg=="/>
    <POI MapID="30" xpos="73.8944" ypos="3.23613" zpos="-64.4734" type="resourcenode.wood.elder" GUID="56iQT2CWpUO7R86H2waEbQ=="/>
    <POI MapID="30" xpos="555.895" ypos="12.9685" zpos="-203.015" type="resourcenode.wood.elder" GUID="CO0aMOQmC0GFMqH/KPivKQ=="/>
    <POI MapID="1052" xpos="726.118" ypos="368.6" zpos="242.882" type="resourcenode.wood.elder" GUID="RJZmbSE/REm1J/CL1SUsdg=="/>
    <POI MapID="1052" xpos="-140.669" ypos="738.988" zpos="3.17878" type="resourcenode.wood.elder" GUID="C2Fv2HA0gU+KroecJlXpCQ=="/>
    <POI MapID="1052" xpos="659.635" ypos="357.877" zpos="-183.353" type="resourcenode.wood.elder" GUID="//GcEi1VEU+6KT0YX5Ov/A=="/>
    <POI MapID="1043" xpos="256.214" ypos="238.193" zpos="-726.899" type="resourcenode.wood.elder" GUID="UB4Dv6UaxkqIBSOanh0p5A=="/>
    <POI MapID="1043" xpos="-462.265" ypos="244.335" zpos="75.8506" type="resourcenode.wood.elder" GUID="zNCa04afOEWLmU3/Rre/1g=="/>
    <POI MapID="1043" xpos="56.8873" ypos="286.711" zpos="-312.61" type="resourcenode.wood.elder" GUID="ghNf/iVErka9jltBE9JamQ=="/>
    <POI MapID="1165" xpos="-154.108" ypos="538.076" zpos="80.5015" type="resourcenode.wood.elder" GUID="9ZirfjazDkeQ8bXNgHfmoQ=="/>
    <POI MapID="1165" xpos="-220.874" ypos="504.918" zpos="134.981" type="resourcenode.wood.elder" GUID="V6HIio00OkSkJLeFsl8MUg=="/>
    <POI MapID="1165" xpos="-177.814" ypos="507.01" zpos="155.002" type="resourcenode.wood.elder" GUID="y2UEuab5cEOKP3Pmzl8dXg=="/>
    <POI MapID="1165" xpos="-104.539" ypos="757.597" zpos="190.408" type="resourcenode.wood.elder" GUID="5al+xLgvjkuuPunvwU8Fgg=="/>
    <POI MapID="1165" xpos="-259.556" ypos="690.017" zpos="105.854" type="resourcenode.wood.elder" GUID="3O1Jo6TgKk+1ZBEy3Hc7Cg=="/>
    <POI MapID="1165" xpos="135.847" ypos="691.006" zpos="-113.076" type="resourcenode.wood.elder" GUID="1O8yLyUTzkOyfnpjgRnc0w=="/>
    <POI MapID="1165" xpos="-138.677" ypos="533.132" zpos="33.5627" type="resourcenode.wood.elder" GUID="xfOhv320mUyWo4SI8XQHqQ=="/>
    <POI MapID="1165" xpos="-181.599" ypos="521.292" zpos="28.1593" type="resourcenode.wood.elder" GUID="PdfgkUmOC0OjHKS/p3YcRg=="/>
    <POI MapID="1165" xpos="-252.644" ypos="517.354" zpos="-13.7461" type="resourcenode.wood.elder" GUID="QcozaU/iWkSgI8Lbr2Dp9w=="/>
    <POI MapID="1165" xpos="-344.361" ypos="509.036" zpos="88.8925" type="resourcenode.wood.elder" GUID="cVFK7IEZzUmrKXky5UTDHw=="/>
    <POI MapID="1165" xpos="-44.7443" ypos="539.618" zpos="143.924" type="resourcenode.wood.elder" GUID="mzG1DQN4d0+qMI4sSwV1pw=="/>
    <POI MapID="1165" xpos="-68.7035" ypos="534.965" zpos="93.6796" type="resourcenode.wood.elder" GUID="BuOVyyPnY0WEZwFb3eINiA=="/>
    <POI MapID="1165" xpos="-278.907" ypos="505.132" zpos="140.241" type="resourcenode.wood.elder" GUID="QJMGOnriQUOn4LZdCyJqPA=="/>
    <POI MapID="1165" xpos="122.011" ypos="745.746" zpos="138.069" type="resourcenode.wood.elder" GUID="5VK5AGAnmEenlddbtegBBw=="/>
    <POI MapID="1165" xpos="230.303" ypos="748.974" zpos="28.2062" type="resourcenode.wood.elder" GUID="npIZwcEzlkSeDetrfQh1mA=="/>
    <POI MapID="1165" xpos="-6.96868" ypos="548.572" zpos="-118.293" type="resourcenode.wood.elder" GUID="pFKGSMsOvke+kCJLrm6qnw=="/>
    <POI MapID="1165" xpos="-375.217" ypos="537.218" zpos="-64.8734" type="resourcenode.wood.elder" GUID="sR6zedW8eEKAqkGx4MRuWg=="/>
    <POI MapID="1165" xpos="-185.297" ypos="529.04" zpos="-24.3184" type="resourcenode.wood.elder" GUID="ZNz5gthy2kOcymZKLtEybw=="/>
    <POI MapID="1165" xpos="-85.0388" ypos="683.297" zpos="-28.1929" type="resourcenode.wood.elder" GUID="MpzPEVWq90GmTPCF6sRAeQ=="/>
    <POI MapID="1165" xpos="-155.701" ypos="530.358" zpos="-15.0962" type="resourcenode.wood.elder" GUID="+YNOqo1/sUO3NIocWxZJIQ=="/>
    <POI MapID="1165" xpos="-189.698" ypos="699.549" zpos="157.256" type="resourcenode.wood.elder" GUID="hD5c9NVGaEaqHn+jk+qXZg=="/>
    <POI MapID="1165" xpos="-231.668" ypos="694.229" zpos="132.159" type="resourcenode.wood.elder" GUID="WUhJvb1Ud0SXEuAuGqFBkw=="/>
    <POI MapID="1165" xpos="-264.519" ypos="702.232" zpos="123.933" type="resourcenode.wood.elder" GUID="Hi6AxEpwt0uc5Ce3uQUvUg=="/>
    <POI MapID="1165" xpos="-246.698" ypos="696.377" zpos="128.489" type="resourcenode.wood.elder" GUID="FLc4W1snQUiZY/3LtSUQvQ=="/>
    <POI MapID="1165" xpos="-173.055" ypos="552.931" zpos="102.196" type="resourcenode.wood.elder" GUID="/vR8/KNQ3UqF0H0qqUjCcg=="/>
    <POI MapID="1165" xpos="-305.623" ypos="514.469" zpos="-18.9104" type="resourcenode.wood.elder" GUID="CgM6Y/8jhU+XnY29KsHW7g=="/>
    <POI MapID="1165" xpos="-274.512" ypos="516.611" zpos="-109.755" type="resourcenode.wood.elder" GUID="p4LjxrPRpUeaeEs/hvESmA=="/>
    <POI MapID="1165" xpos="-282.41" ypos="504.056" zpos="79.6493" type="resourcenode.wood.elder" GUID="y2MrtlnOUkSDCMacL/dAsQ=="/>
    <POI MapID="1045" xpos="740.376" ypos="239.061" zpos="-383.581" type="resourcenode.wood.elder" GUID="lniXuFn4ikqOvI0PEkboOQ=="/>
    <POI MapID="1045" xpos="-135.351" ypos="163.859" zpos="188.722" type="resourcenode.wood.elder" GUID="L4GAFItIjEaRfbaekVCYYA=="/>
    <POI MapID="1175" xpos="-653.029" ypos="1.69957" zpos="-460.321" type="resourcenode.wood.elder" GUID="aLG+hnKgD0Kwi8UdG1SP3A=="/>
    <POI MapID="1175" xpos="-629.377" ypos="0.368866" zpos="-541.71" type="resourcenode.wood.elder" GUID="OOhHqfmXAECHjrIGpBrQ9Q=="/>
    <POI MapID="1175" xpos="-658.287" ypos="2.04848" zpos="-568.175" type="resourcenode.wood.elder" GUID="7mFSimCRQ0WEXV/51lcsCg=="/>
    <POI MapID="1175" xpos="-706.955" ypos="4.3049" zpos="-595.382" type="resourcenode.wood.elder" GUID="leLUYR9d7E27RFybRPRkBA=="/>
    <POI MapID="1175" xpos="-684.987" ypos="12.7754" zpos="-646.372" type="resourcenode.wood.elder" GUID="xrr6H8j4mk+9uXG9itq+IQ=="/>
    <POI MapID="1175" xpos="-684.529" ypos="1.29637" zpos="-438.763" type="resourcenode.wood.elder" GUID="UFcpyI02dEu4nwxlV9hftg=="/>
    <POI MapID="1175" xpos="-690.55" ypos="53.1668" zpos="-802.799" type="resourcenode.wood.elder" GUID="Gm3eIC027Ea1sclzxn0cZQ=="/>
    <POI MapID="1175" xpos="-727.661" ypos="51.738" zpos="-684.444" type="resourcenode.wood.elder" GUID="pPyPMIfAXEuOwV7BJ4iqSw=="/>
    <POI MapID="1175" xpos="-585.519" ypos="4.4648" zpos="-639.594" type="resourcenode.wood.elder" GUID="qkBoAhDZy0uFzA/OkIiIcw=="/>
    <POI MapID="1175" xpos="-405.341" ypos="4.07701" zpos="-937.914" type="resourcenode.wood.elder" GUID="S9aV6tx95UudoVkS1SbGrQ=="/>
    <POI MapID="1175" xpos="-537.765" ypos="16.4753" zpos="-809.644" type="resourcenode.wood.elder" GUID="YcRa/WCjEEe+GquX+/NdBg=="/>
    <POI MapID="1175" xpos="-619.705" ypos="56.6528" zpos="-774.757" type="resourcenode.wood.elder" GUID="b+K5chq+9k+C37g1951Ypg=="/>
    <POI MapID="1175" xpos="-469.616" ypos="43.5475" zpos="-811.298" type="resourcenode.wood.elder" GUID="xjzVNlSAJkiHKXMyaqf4Sg=="/>
    <POI MapID="1175" xpos="-612.94" ypos="3.10417" zpos="-602.821" type="resourcenode.wood.elder" GUID="WE6qLuSHf0OoKEcmAl/iRQ=="/>
    <POI MapID="1175" xpos="-602.812" ypos="0.199304" zpos="-567.988" type="resourcenode.wood.elder" GUID="4WEwsbqrp0GXjBDlZP4SMg=="/>
    <POI MapID="1175" xpos="-835.098" ypos="30.1446" zpos="-245.282" type="resourcenode.wood.elder" GUID="9oHxYOg2VEWFdM+IRA/tOA=="/>
    <POI MapID="1175" xpos="-710.444" ypos="50.0475" zpos="-762.531" type="resourcenode.wood.elder" GUID="qks1VFj8bU2zWzres3OO/w=="/>
    <POI MapID="1175" xpos="-725.227" ypos="7.77689" zpos="-797.653" type="resourcenode.wood.elder" GUID="gphYa1njZ0y5FfCKr8h0jg=="/>
    <POI MapID="1175" xpos="-709.388" ypos="1.49087" zpos="-411.299" type="resourcenode.wood.elder" GUID="WBNHHaUfiEa1gvLCwMvW9w=="/>
    <POI MapID="1175" xpos="-810.614" ypos="14.6659" zpos="-295.169" type="resourcenode.wood.elder" GUID="7IR9UixbJkOU5yumyFk6Yw=="/>
    <POI MapID="1175" xpos="-654.288" ypos="59.7035" zpos="-847.003" type="resourcenode.wood.elder" GUID="Q0xm7U/w6UG06h1hZj4JYw=="/>
    <POI MapID="1175" xpos="-624.671" ypos="19.9022" zpos="-695.947" type="resourcenode.wood.elder" GUID="5F2iFySHmUaO2tbsJ9/3LA=="/>
    <POI MapID="1175" xpos="-577.165" ypos="54.0788" zpos="-819.397" type="resourcenode.wood.elder" GUID="XYFdOJFx606zXDWltUQu1A=="/>
    <POI MapID="1175" xpos="-473.314" ypos="21.1121" zpos="-746.96" type="resourcenode.wood.elder" GUID="hYvj4zCqqk+M1vCIvZcLnw=="/>
    <POI MapID="1175" xpos="-805.416" ypos="17.0345" zpos="-322.052" type="resourcenode.wood.elder" GUID="EU7uRika+UiIPWzeOsgJ+w=="/>
    <POI MapID="1175" xpos="-722.851" ypos="42.1015" zpos="-721.774" type="resourcenode.wood.elder" GUID="4y4GJPc6iEa9/YEE1roVHA=="/>
    <POI MapID="1175" xpos="-791.063" ypos="33.0259" zpos="-302.343" type="resourcenode.wood.elder" GUID="znzvUdwS7kimhQyGYn3FsQ=="/>
    <POI MapID="1175" xpos="-661.075" ypos="13.7451" zpos="-621.773" type="resourcenode.wood.elder" GUID="pV/LBNjyakKE+8N0dJdoxA=="/>
    <POI MapID="1175" xpos="-779.519" ypos="17.1068" zpos="-358.105" type="resourcenode.wood.elder" GUID="dWpyqw1iA0OgsN/QI9l5Hg=="/>
    <POI MapID="1175" xpos="-459.144" ypos="35.3172" zpos="-823.957" type="resourcenode.wood.elder" GUID="t/b16JQaDES1hTUyjBtGhA=="/>
    <POI MapID="1175" xpos="-535.915" ypos="4.91559" zpos="-510.422" type="resourcenode.wood.elder" GUID="k9kQipZhp0uT3X5WVrnYCw=="/>
    <POI MapID="1165" xpos="280.077" ypos="698.358" zpos="-114.986" type="resourcenode.wood.elder" GUID="3kzutn7k5kOzEnUlqKEghg=="/>
    <POI MapID="1175" xpos="-377.468" ypos="1.43185" zpos="-881.878" type="resourcenode.wood.elder" GUID="kiiGBEzN+E+NYW4u/EMa7w=="/>
    <POI MapID="62" xpos="217.804" ypos="16.681" zpos="237.088" type="resourcenode.wood.elder" GUID="FnK2IKkD/kOjBAPNEXvQkQ=="/>
    <POI MapID="62" xpos="274.278" ypos="63.8093" zpos="89.7438" type="resourcenode.wood.elder" GUID="3xm2n0MNgUu30OFL+RB11g=="/>
    <POI MapID="62" xpos="49.806" ypos="18.6933" zpos="-39.1249" type="resourcenode.wood.elder" GUID="8KlYzreX4UqR5nN8J0Jixg=="/>
    <POI MapID="62" xpos="-69.3263" ypos="29.0054" zpos="-458.371" type="resourcenode.wood.elder" GUID="dR3lNXfvGEaVJnYllVwz5Q=="/>
    <POI MapID="62" xpos="58.3055" ypos="27.759" zpos="-178.014" type="resourcenode.wood.elder" GUID="dJxLnvtdrEyYZMDvdmLK2Q=="/>
    <POI MapID="62" xpos="-82.9305" ypos="15.8701" zpos="-131.825" type="resourcenode.wood.elder" GUID="0L9Lt3+D2USiV4B7isSOlg=="/>
    <POI MapID="1175" xpos="-704.096" ypos="39.6744" zpos="-682.644" type="resourcenode.wood.elder" GUID="tQoLvLBhIkyShG8XD9JmEQ=="/>
    <POI MapID="1175" xpos="-811.106" ypos="24.3052" zpos="-380.709" type="resourcenode.wood.elder" GUID="RdXlfDXBv0yPc2Tpq6rVIA=="/>
    <POI MapID="1052" xpos="33.4571" ypos="429.308" zpos="167.179" type="resourcenode.wood.elder" GUID="k0/luBpTYkqRqzRrgXHYeQ=="/>
    <POI MapID="1052" xpos="912.49" ypos="400.931" zpos="431.597" type="resourcenode.wood.elder" GUID="6R+K7op8FEiVDujHJoofYA=="/>
    <POI MapID="1175" xpos="-537.427" ypos="6.04149" zpos="-905.158" type="resourcenode.wood.elder" GUID="WEHhywI2o06aen16Iyxzvw=="/>
    <POI MapID="62" xpos="443.219" ypos="42.0771" zpos="389.26" type="resourcenode.wood.elder" GUID="pMVLolqFLEOG4EAvJ00/Ug=="/>
    <POI MapID="62" xpos="187.539" ypos="8.95877" zpos="247.546" type="resourcenode.wood.elder" GUID="EE+Fr2dBkkaZCbx5OR38Gg=="/>
    <POI MapID="62" xpos="-126.386" ypos="13.8599" zpos="115.649" type="resourcenode.wood.elder" GUID="Duse07GJqECWFBDF6BAb3Q=="/>
    <POI MapID="62" xpos="31.5359" ypos="24.2192" zpos="-483.08" type="resourcenode.wood.elder" GUID="l6VB1aRsWU2aTU8beN6N+A=="/>
    <POI MapID="62" xpos="28.0673" ypos="15.4837" zpos="-128.992" type="resourcenode.wood.elder" GUID="ZTTPCsRLPEC6h+EHT7W0uQ=="/>
    <POI MapID="51" xpos="-232.627" ypos="3.29039" zpos="-593.948" type="resourcenode.wood.elder" GUID="HrTkFvA+ekKXALefoTviOQ=="/>
    <POI MapID="62" xpos="39.6426" ypos="17.0996" zpos="-89.862" type="resourcenode.wood.elder" GUID="DgtkuNbyl0u2UfrcwwSE0A=="/>
    <POI MapID="62" xpos="163.162" ypos="30.594" zpos="697.1" type="resourcenode.wood.elder" GUID="hqzPGzK1y0uCO1F+Uj349Q=="/>
    <POI MapID="62" xpos="-189.099" ypos="7.11202" zpos="65.6061" type="resourcenode.wood.elder" GUID="NGPyOxcOzk6bmpgEV0BX1g=="/>
    <POI MapID="62" xpos="-105.689" ypos="18.6868" zpos="910.834" type="resourcenode.wood.elder" GUID="Hka0rtz3MEyDg/LjV1CkBQ=="/>
    <POI MapID="62" xpos="93.1406" ypos="22.8489" zpos="-493.012" type="resourcenode.wood.elder" GUID="dIl7R5DqPEahUNvjNZstjA=="/>
    <POI MapID="62" xpos="148.892" ypos="21.7343" zpos="-569.489" type="resourcenode.wood.elder" GUID="+97cQBkvpUWziU/50cknjA=="/>
    <POI MapID="62" xpos="294.476" ypos="12.8107" zpos="-810.628" type="resourcenode.wood.elder" GUID="wIEjN9Igak283slxPT3S7A=="/>
    <POI MapID="62" xpos="-150.106" ypos="13.4127" zpos="112.129" type="resourcenode.wood.elder" GUID="JEjP+TnmG0eR893ju0fkng=="/>
    <POI MapID="62" xpos="146.062" ypos="29.3743" zpos="48.1049" type="resourcenode.wood.elder" GUID="4geike7ko0qFrl5nXyMQlw=="/>
    <POI MapID="62" xpos="-72.9263" ypos="10.4451" zpos="410.776" type="resourcenode.wood.elder" GUID="fYpSd3aurEOj4iGxTd8LMQ=="/>
    <POI MapID="62" xpos="113.437" ypos="24.3915" zpos="720.394" type="resourcenode.wood.elder" GUID="P5DbcuuoAkWmB09zTUNQZA=="/>
    <POI MapID="62" xpos="55.831" ypos="12.1706" zpos="703.084" type="resourcenode.wood.elder" GUID="8wPCnTZhskeuJMicpf/KbA=="/>
    <POI MapID="62" xpos="297.39" ypos="3.99798" zpos="-865.448" type="resourcenode.wood.elder" GUID="fL3bX6pM1EyZKUmNqoltCg=="/>
    <POI MapID="62" xpos="284.71" ypos="17.7058" zpos="-782.552" type="resourcenode.wood.elder" GUID="Zp3oIFgPQEiD+wOGZ744Gg=="/>
    <POI MapID="62" xpos="188.926" ypos="33.0725" zpos="718.819" type="resourcenode.wood.elder" GUID="rj1pOv28+E6FtAtTLxJS1w=="/>
    <POI MapID="62" xpos="239.946" ypos="35.7518" zpos="734.819" type="resourcenode.wood.elder" GUID="73qZaTs3l02K8tA63djLyg=="/>
    <POI MapID="62" xpos="116.068" ypos="29.3531" zpos="774.465" type="resourcenode.wood.elder" GUID="bn4zIv1jeU2ARfnPhOi7Aw=="/>
    <POI MapID="62" xpos="-1.33224" ypos="4.58274" zpos="737.15" type="resourcenode.wood.elder" GUID="pYJso+FwE02V208wJpvDoQ=="/>
    <POI MapID="62" xpos="-259.16" ypos="8.19959" zpos="840.498" type="resourcenode.wood.elder" GUID="WvBtSh6QzEeURHzZwk/2Jg=="/>
    <POI MapID="1175" xpos="-702.757" ypos="41.9879" zpos="-682.211" type="resourcenode.wood.elder" GUID="yljAggAnQ0WEPREB6x5JkQ=="/>
    <POI MapID="1175" xpos="-853.58" ypos="11.6718" zpos="-290.678" type="resourcenode.wood.elder" GUID="kQM1vb286EyJrzNXYJMazA=="/>
    <POI MapID="1015" xpos="77.4537" ypos="421.212" zpos="114.761" type="resourcenode.wood.elder" GUID="fDTplY9FSkibyann76muUg=="/>
    <POI MapID="1015" xpos="-138.893" ypos="416.909" zpos="-306.359" type="resourcenode.wood.elder" GUID="/gDA46g3Y0+bb7FOqEmJrw=="/>
    <POI MapID="1015" xpos="-2.60504" ypos="412.53" zpos="-290.07" type="resourcenode.wood.elder" GUID="ol8s4h1fb0+DNP4a6+o9vw=="/>
    <POI MapID="1015" xpos="-93.9461" ypos="411.861" zpos="132.201" type="resourcenode.wood.elder" GUID="jpFotdvdEU+KO7otKZ53vA=="/>
    <POI MapID="1015" xpos="-13.3322" ypos="413.835" zpos="-348.007" type="resourcenode.wood.elder" GUID="VyAJ1ezX2U6ADCEgQ+pzCQ=="/>
    <POI MapID="1045" xpos="-249.31" ypos="225.743" zpos="-146.743" type="resourcenode.wood.elder" GUID="C/7xr35v9Eix941P0VER+g=="/>
    <POI MapID="1045" xpos="-184.131" ypos="217.255" zpos="-252.622" type="resourcenode.wood.elder" GUID="YUhCtHfEt0SsWvGtJVeIkw=="/>
    <POI MapID="1045" xpos="-254.263" ypos="221.479" zpos="-272.676" type="resourcenode.wood.elder" GUID="CtS0pEvUWUOYfgzJ1zRnvQ=="/>
    <POI MapID="1045" xpos="-353.48" ypos="187.363" zpos="-319.19" type="resourcenode.wood.elder" GUID="w5E6P3HJWkuqbU462/6MNw=="/>
    <POI MapID="1045" xpos="-170.935" ypos="232.072" zpos="-154.681" type="resourcenode.wood.elder" GUID="/HXONlepWUeuyaAAehgldQ=="/>
    <POI MapID="1175" xpos="-701.647" ypos="5.44915" zpos="-822.624" type="resourcenode.wood.elder" GUID="PK318AI20022sUuPVtD5hA=="/>
    <POI MapID="1045" xpos="-81.8074" ypos="219.762" zpos="-228.151" type="resourcenode.wood.elder" GUID="xcjnMu0cdUaS8Rimg8utkQ=="/>
    <POI MapID="1041" xpos="-237.972" ypos="75.9907" zpos="251.64" type="resourcenode.wood.elder" GUID="itELXjk8Lk6bJw8lwaLVvg=="/>
    <POI MapID="1041" xpos="-185.504" ypos="53.074" zpos="218.121" type="resourcenode.wood.elder" GUID="/qIUnf/HjUuqVCYFcU7dcQ=="/>
    <POI MapID="1041" xpos="-24.5153" ypos="65.2298" zpos="295.309" type="resourcenode.wood.elder" GUID="R/AAIumjXUynW3u9hM0ZXw=="/>
    <POI MapID="1041" xpos="187.197" ypos="120.93" zpos="51.6788" type="resourcenode.wood.elder" GUID="7EiqPFqUkkKBTKWDVJirow=="/>
    <POI MapID="1041" xpos="390.91" ypos="95.799" zpos="-113.443" type="resourcenode.wood.elder" GUID="el0b5oyqcUK3sG9rGXC7PA=="/>
    <POI MapID="1041" xpos="446.664" ypos="91.818" zpos="-353.945" type="resourcenode.wood.elder" GUID="fG0NZ9W6XU6efGcoXBqyuA=="/>
    <POI MapID="1041" xpos="399.111" ypos="96.6513" zpos="228.674" type="resourcenode.wood.elder" GUID="DJT1qYpaqUWlLoGaDjZMhA=="/>
    <POI MapID="51" xpos="754.536" ypos="16.3762" zpos="-105.534" type="resourcenode.wood.elder" GUID="7eUQbbzrGEGJ8Z/IBYyvOA=="/>
    <POI MapID="1015" xpos="-176.902" ypos="417.859" zpos="-204.716" type="resourcenode.wood.elder" GUID="sV2VVKfI/0inPn3wjXQ8Mw=="/>
    <POI MapID="1015" xpos="-321.891" ypos="418.348" zpos="-275.473" type="resourcenode.wood.elder" GUID="c7SdEN5hc0+5cl755joZxw=="/>
    <POI MapID="1015" xpos="-61.1269" ypos="417.78" zpos="240.561" type="resourcenode.wood.elder" GUID="+M8CIGmx60qNbIcauk3++Q=="/>
    <POI MapID="1015" xpos="-264.598" ypos="415.786" zpos="-46.7438" type="resourcenode.wood.elder" GUID="2V+6kV7TC0+tL3j4z/09tA=="/>
    <POI MapID="1015" xpos="87.1585" ypos="412.822" zpos="-415.148" type="resourcenode.wood.elder" GUID="GHnoNr8SE0uYlffLZv/tng=="/>
    <POI MapID="1015" xpos="408.374" ypos="412.401" zpos="-384.88" type="resourcenode.wood.elder" GUID="HBOhF6osqkizo/cBnkaZkQ=="/>
    <POI MapID="1015" xpos="-135.06" ypos="413.004" zpos="95.4274" type="resourcenode.wood.elder" GUID="7ly3i/ODJ0mFuhUIMzGZsw=="/>
    <POI MapID="62" xpos="146.746" ypos="14.9274" zpos="183.434" type="resourcenode.wood.elder" GUID="cEJ+K0Kfhkq62VvpLBUhGg=="/>
    <POI MapID="1045" xpos="-254.451" ypos="222.632" zpos="-293.367" type="resourcenode.wood.elder" GUID="94okcpg16kunkMGfkhPkzA=="/>
    <POI MapID="1041" xpos="172.352" ypos="47.8507" zpos="462.643" type="resourcenode.wood.elder" GUID="MRARuxHS9Em4Ir/QrScr2g=="/>
    <POI MapID="1041" xpos="-47.2372" ypos="87.3651" zpos="613.313" type="resourcenode.wood.elder" GUID="JBCM8mJP6EqEERNdg6axxw=="/>
    <POI MapID="873" xpos="-184.642" ypos="42.2844" zpos="-196.391" type="resourcenode.wood.elder" GUID="Vs0VipVwrkCEzPgp8XaDqQ=="/>
    <POI MapID="1043" xpos="-365.563" ypos="284.364" zpos="-138.295" type="resourcenode.wood.elder" GUID="M2z9R6YVuUGvaZzkZJXCkw=="/>
    <POI MapID="1041" xpos="318.42" ypos="108.006" zpos="140.964" type="resourcenode.wood.elder" GUID="dREuOS13ek+zcCkL3lDp/A=="/>
    <POI MapID="1041" xpos="826.822" ypos="68.0906" zpos="117.111" type="resourcenode.wood.elder" GUID="qgzRe+RLnUmVjzcje1Vxsw=="/>
    <POI MapID="1041" xpos="835.267" ypos="64.8306" zpos="270.391" type="resourcenode.wood.elder" GUID="zuqQbWCezUmIcs9I5gyusQ=="/>
    <POI MapID="1041" xpos="756.795" ypos="74.3221" zpos="264.46" type="resourcenode.wood.elder" GUID="jSs8+ZNRR06Dy/HfUHTG9A=="/>
    <POI MapID="1175" xpos="-764.274" ypos="32.8779" zpos="-704.793" type="resourcenode.wood.elder" GUID="WgbFRbAru0yG2EnG5QrZSQ=="/>
    <POI MapID="1052" xpos="922.016" ypos="358.001" zpos="189.304" type="resourcenode.wood.elder" GUID="cSMal+vz3UKyzATIs4towg=="/>
    <POI MapID="1052" xpos="-432.402" ypos="593.445" zpos="271.29" type="resourcenode.wood.elder" GUID="6x+YTfzhuUCokm5b/8HPtg=="/>
    <POI MapID="30" xpos="-345.719" ypos="40.1339" zpos="-408.996" type="resourcenode.wood.elder" GUID="JesszIoWzUKAOsLmoQ4Fxg=="/>
    <POI MapID="30" xpos="-404.449" ypos="8.19005" zpos="-397.58" type="resourcenode.wood.elder" GUID="uH4ooANHzUyBB/e03zExEg=="/>
    <POI MapID="30" xpos="-705.209" ypos="7.78116" zpos="-423.505" type="resourcenode.wood.elder" GUID="6LQS77yR20yYmaGmaH8VLQ=="/>
    <POI MapID="30" xpos="-402.082" ypos="10.8323" zpos="-511.89" type="resourcenode.wood.elder" GUID="14+HXgXKhkmuWoFSECpSaw=="/>
    <POI MapID="30" xpos="71.0621" ypos="60.2872" zpos="-223.725" type="resourcenode.wood.elder" GUID="hgqp9vxju0iT54knSCpiYw=="/>
    <POI MapID="1178" xpos="-345.796" ypos="30.4881" zpos="-59.6546" type="resourcenode.wood.elder" GUID="+lYMGHE3O0OALbbMwNySCw=="/>
    <POI MapID="1178" xpos="-790.985" ypos="8.29402" zpos="-126.147" type="resourcenode.wood.elder" GUID="Ia/EiA4I00egVS3r1awGdA=="/>
    <POI MapID="1178" xpos="-308.365" ypos="50.2698" zpos="214.948" type="resourcenode.wood.elder" GUID="ILKe+UEGhkahnALNSPUZyw=="/>
    <POI MapID="1178" xpos="-265.074" ypos="32.2865" zpos="157.89" type="resourcenode.wood.elder" GUID="HHMbR92lWEyyNhWZ4DYCRg=="/>
    <POI MapID="1178" xpos="-382.038" ypos="91.3122" zpos="336.253" type="resourcenode.wood.elder" GUID="ZTOBNhn5rkSxP0SIU3vhYg=="/>
    <POI MapID="1178" xpos="436.522" ypos="31.7369" zpos="-324.794" type="resourcenode.wood.elder" GUID="9B3C+KQPFUiuOTy2Wsnsbg=="/>
    <POI MapID="1178" xpos="803.744" ypos="2.9738" zpos="-348.776" type="resourcenode.wood.elder" GUID="VPXPa4lH3kyAuTMbCp1dQA=="/>
    <POI MapID="1178" xpos="457.012" ypos="43.0671" zpos="-234.382" type="resourcenode.wood.elder" GUID="oSC5LpUoSUqS8YXaMTfZng=="/>
    <POI MapID="1178" xpos="436.435" ypos="124.361" zpos="-413.679" type="resourcenode.wood.elder" GUID="yhC4fq6s+kilCxzXL1lWfA=="/>
    <POI MapID="1178" xpos="460.532" ypos="128.973" zpos="-444.942" type="resourcenode.wood.elder" GUID="hAeBql2buk2cCJZILqocGQ=="/>
    <POI MapID="1178" xpos="-511.205" ypos="6.56781" zpos="-160.535" type="resourcenode.wood.elder" GUID="bjlJ0LqJGk2wNDmhuyp4fA=="/>
    <POI MapID="1178" xpos="-185.583" ypos="5.19835" zpos="103.727" type="resourcenode.wood.elder" GUID="aSb8N1xemkmKXX5tEwEV1A=="/>
    <POI MapID="1178" xpos="-581.838" ypos="41.4248" zpos="-5.60628" type="resourcenode.wood.elder" GUID="Ns5nPAGLA02Oqh+x0K56AA=="/>
    <POI MapID="1178" xpos="-244.442" ypos="15.5836" zpos="41.9304" type="resourcenode.wood.elder" GUID="sCFBtPhlyUyhFE/QSLNG7g=="/>
    <POI MapID="1178" xpos="452.531" ypos="11.0491" zpos="134.712" type="resourcenode.wood.elder" GUID="2Pe+Dqt75UWazVuXLiPldg=="/>
    <POI MapID="1178" xpos="408.754" ypos="13.4949" zpos="181.12" type="resourcenode.wood.elder" GUID="sEOXC4RCkkSt8r5Jz4FKKQ=="/>
    <POI MapID="1178" xpos="-740.605" ypos="67.5647" zpos="57.4437" type="resourcenode.wood.elder" GUID="dYntggH4tEyVYn+LoBYNAg=="/>
    <POI MapID="1178" xpos="-535.809" ypos="50.3884" zpos="191.579" type="resourcenode.wood.elder" GUID="CHQgVWIYLEKbk2HRhuaPyQ=="/>
    <POI MapID="1178" xpos="-289.779" ypos="61.7309" zpos="259.065" type="resourcenode.wood.elder" GUID="NV+mQ4PItUumgCy2hm3V8Q=="/>
    <POI MapID="1178" xpos="612.397" ypos="18.2885" zpos="-395.599" type="resourcenode.wood.elder" GUID="qS6O8Q/LG0aNyDNm1eHN3g=="/>
    <POI MapID="1178" xpos="544.281" ypos="26.0833" zpos="-373.611" type="resourcenode.wood.elder" GUID="62OwypcBkkasAzGbEabBYw=="/>
    <POI MapID="1178" xpos="-103.487" ypos="130.731" zpos="243.071" type="resourcenode.wood.elder" GUID="Z4q7Gjms0Ua1Rrl6ZucDCw=="/>
    <POI MapID="62" xpos="118.997" ypos="4.19595" zpos="-640.119" type="resourcenode.wood.elder" GUID="/+c0LQbZXEu0krfRqabz5w=="/>
    <POI MapID="1052" xpos="-243.817" ypos="493.571" zpos="210.816" type="resourcenode.wood.elder" GUID="CDHZ6BjKQ0+KAO5vzsam3Q=="/>
    <POI MapID="1052" xpos="869.023" ypos="346.774" zpos="255.58" type="resourcenode.wood.elder" GUID="tMLNeSxYlky7txKEZhCUqw=="/>
    <POI MapID="1052" xpos="890.658" ypos="326.78" zpos="23.863" type="resourcenode.wood.elder" GUID="njWGiI08qkiUiOC6kbWh1Q=="/>
    <POI MapID="1052" xpos="839.485" ypos="384.664" zpos="23.8202" type="resourcenode.wood.elder" GUID="308/y1/MfkqEc9P0MgUtng=="/>
    <POI MapID="1195" xpos="-90.9321" ypos="180.957" zpos="-132.86" type="resourcenode.wood.elder" GUID="Jy5KnF2+/EOBHlLIv3LMVg=="/>
    <POI MapID="1185" xpos="79.6217" ypos="36.8699" zpos="-646.745" type="resourcenode.wood.elder" GUID="5/tJvey9okuYf/4/md9gAQ=="/>
    <POI MapID="1185" xpos="157.413" ypos="44.1516" zpos="-492.408" type="resourcenode.wood.elder" GUID="NbK9qf5mMkqrwaeq1RK5Xg=="/>
    <POI MapID="1185" xpos="137.819" ypos="39.1821" zpos="-396.905" type="resourcenode.wood.elder" GUID="cechEVmJKkG9z1Hy1u3KLw=="/>
    <POI MapID="1185" xpos="49.6636" ypos="39.1244" zpos="-368.689" type="resourcenode.wood.elder" GUID="BQYE2dUmBUG83zdhOWzHhw=="/>
    <POI MapID="1185" xpos="334.857" ypos="73.0548" zpos="-28.5261" type="resourcenode.wood.elder" GUID="LCPS/kZ4G0a3oJ1UuYlRdA=="/>
    <POI MapID="1185" xpos="335.191" ypos="66.4307" zpos="9.07986" type="resourcenode.wood.elder" GUID="ZLu/36SSTUiuRaocZ/1Ewg=="/>
    <POI MapID="1185" xpos="232.204" ypos="70.4134" zpos="5.33406" type="resourcenode.wood.elder" GUID="tBcMhnhQm0SPwVAiwjF0zQ=="/>
    <POI MapID="1185" xpos="-195.865" ypos="91.3913" zpos="562.268" type="resourcenode.wood.elder" GUID="ZwAhTU78WEKBmq2/RNjyVA=="/>
    <POI MapID="1185" xpos="198.862" ypos="97.2482" zpos="649.122" type="resourcenode.wood.elder" GUID="B9J0Hh0kxEOwWJu090RAGA=="/>
    <POI MapID="1185" xpos="-83.9351" ypos="127.724" zpos="755.916" type="resourcenode.wood.elder" GUID="ynvrNOYY9Emoi0e4q/1B/w=="/>
    <POI MapID="1185" xpos="106.801" ypos="115.091" zpos="414.061" type="resourcenode.wood.elder" GUID="KRRvvHQTLkeXqHLfELfwgQ=="/>
    <POI MapID="1203" xpos="487.63" ypos="37.7437" zpos="-323.62" type="resourcenode.wood.elder" GUID="PpFiwaHrrUOWkjhVkrZwEA=="/>
    <POI MapID="1203" xpos="474.072" ypos="40.159" zpos="-316.453" type="resourcenode.wood.elder" GUID="dH8qn5ZZcEOp4Bjw6eynmQ=="/>
    <POI MapID="1203" xpos="470.728" ypos="37.163" zpos="-351.809" type="resourcenode.wood.elder" GUID="2KGEjtjjzUmcPrFlmQGI/Q=="/>
    <POI MapID="1203" xpos="337.188" ypos="43.9748" zpos="-285.34" type="resourcenode.wood.elder" GUID="99Mag0jMr0WUG7fThtGOqQ=="/>
    <POI MapID="1203" xpos="253.109" ypos="39.5645" zpos="-261.3" type="resourcenode.wood.elder" GUID="w2xDL+dIx068KH371tvVKA=="/>
    <POI MapID="1203" xpos="309.554" ypos="40.0053" zpos="-338.962" type="resourcenode.wood.elder" GUID="YIb84ciFqk6H333b0Az9eg=="/>
    <POI MapID="1203" xpos="291.245" ypos="42.8176" zpos="-358.114" type="resourcenode.wood.elder" GUID="jsOb0Jv36kuxG/oXLSlflg=="/>
    <POI MapID="1203" xpos="68.5268" ypos="89.0931" zpos="-326.752" type="resourcenode.wood.elder" GUID="Anj9IuKBtE6I2/c61EgWUQ=="/>
    <POI MapID="1203" xpos="-2.44943" ypos="90.6484" zpos="-287.279" type="resourcenode.wood.elder" GUID="qFoiJNheVUqS2CUHnUEovw=="/>
    <POI MapID="1195" xpos="-332.292" ypos="66.1202" zpos="-672.072" type="resourcenode.wood.elder" GUID="lJsdlmEqSEeplV/MtNIeWg=="/>
    <POI MapID="1195" xpos="294.25" ypos="251.003" zpos="-638.031" type="resourcenode.wood.elder" GUID="O26oxA/H1k23Z+4KM+evMw=="/>
    <POI MapID="1195" xpos="222.625" ypos="183.275" zpos="-912.203" type="resourcenode.wood.elder" GUID="qJw1LxsD4kmCh7XtMePXoA=="/>
    <POI MapID="1195" xpos="-58.4525" ypos="155.327" zpos="-757.286" type="resourcenode.wood.elder" GUID="GtPkyAof0kCTsV/zH+xxsA=="/>
    <POI MapID="1195" xpos="-61.1969" ypos="162.057" zpos="-807.903" type="resourcenode.wood.elder" GUID="ANCyw4T9v0uTfGHQOwyAVA=="/>
    <POI MapID="1185" xpos="-245.053" ypos="89.5043" zpos="607.373" type="resourcenode.wood.elder" GUID="cU2HiEtrl0OdF+XKFHuSsw=="/>
    <POI MapID="1185" xpos="141.363" ypos="41.593" zpos="-655.854" type="resourcenode.wood.elder" GUID="IOghbUEVcEGD2y5u3ky7KA=="/>
    <POI MapID="1185" xpos="-232.146" ypos="47.7654" zpos="272.288" type="resourcenode.wood.elder" GUID="TGmpK4xCMkq1G9OCGA1mnQ=="/>
    <POI MapID="1185" xpos="-51.6174" ypos="59.476" zpos="514.547" type="resourcenode.wood.elder" GUID="GL63yKHKTEmvpAabSvGoQg=="/>
    <POI MapID="1185" xpos="284.976" ypos="72.835" zpos="-40.9421" type="resourcenode.wood.elder" GUID="ppnGHNVk60CDMc20rNhBnw=="/>
    <POI MapID="1195" xpos="-300.157" ypos="21.2155" zpos="-530.823" type="resourcenode.wood.elder" GUID="FBVefB//lkGSHlAwD9NZJg=="/>
    <POI MapID="1195" xpos="335.541" ypos="199.612" zpos="-687.656" type="resourcenode.wood.elder" GUID="Z8fQbp5oUUmAuyv4Xpwyxw=="/>
    <POI MapID="1195" xpos="-252.823" ypos="1.3083" zpos="-391.302" type="resourcenode.wood.elder" GUID="fqZ3TVXEE0KdRam5ycqNuA=="/>
    <POI MapID="1195" xpos="-301.159" ypos="280.221" zpos="30.0907" type="resourcenode.wood.elder" GUID="zAoCoLGbV0C/eUkiN84sAA=="/>
    <POI MapID="1165" xpos="146.937" ypos="824.896" zpos="132.808" type="resourcenode.wood.elder" GUID="WVMNzgHWM0y9TsC0XseEug=="/>
    <POI MapID="1203" xpos="324.068" ypos="41.5397" zpos="-335.234" type="resourcenode.wood.elder" GUID="aAFnGjJUnUOCB7CtfBOWVw=="/>
    <POI MapID="1203" xpos="-698.978" ypos="47.4342" zpos="-180.944" type="resourcenode.wood.elder" GUID="7Ky9pYA1vkGOt2YPrEa4Og=="/>
    <POI MapID="1203" xpos="-306.523" ypos="95.0792" zpos="184.862" type="resourcenode.wood.elder" GUID="7lSqj7Ct3UitsFxoui9D2Q=="/>
    <POI MapID="1203" xpos="-596.269" ypos="66.6647" zpos="9.59957" type="resourcenode.wood.elder" GUID="QwmDlOPxd0G7t2aBnOov7A=="/>
    <POI MapID="1203" xpos="-259.526" ypos="90.8748" zpos="-197.075" type="resourcenode.wood.elder" GUID="Cb62KQrdP0qJBfnDHplzFw=="/>
    <POI MapID="1203" xpos="-223.811" ypos="7.5176" zpos="-22.5691" type="resourcenode.wood.elder" GUID="pErWiGM3W02VyBL3JWGE1g=="/>
    <POI MapID="1203" xpos="-30.3509" ypos="21.197" zpos="-34.9262" type="resourcenode.wood.elder" GUID="rgCDHwNbI0+ADca5QtHKAw=="/>
    <POI MapID="1203" xpos="22.9783" ypos="9.52209" zpos="-3.20208" type="resourcenode.wood.elder" GUID="nmxrObBGJ0KgLYTohhhxWA=="/>
    <POI MapID="1195" xpos="30.2629" ypos="232.576" zpos="-73.1296" type="resourcenode.wood.elder" GUID="H94CahcpoEm7gA5YQw4BOg=="/>
    <POI MapID="1195" xpos="-488.057" ypos="106.269" zpos="-301.613" type="resourcenode.wood.elder" GUID="knRHM4/y+UGvN6jvHI5dEA=="/>
    <POI MapID="1195" xpos="-458.328" ypos="121.556" zpos="-395.604" type="resourcenode.wood.elder" GUID="7MDTxP2MskCNYkWmsX5mdA=="/>
    <POI MapID="1195" xpos="-410.755" ypos="117.472" zpos="-385.763" type="resourcenode.wood.elder" GUID="9VaDGK94QUWGf3gm4MjTfA=="/>
    <POI MapID="1195" xpos="-421.171" ypos="99.0413" zpos="-281.11" type="resourcenode.wood.elder" GUID="BJ+VYkHMeUOdI8Zmi9nLXg=="/>
    <POI MapID="1203" xpos="-883.641" ypos="68.976" zpos="-99.8312" type="resourcenode.wood.elder" GUID="30zoMMndUUOu7qFGKSGHGg=="/>
    <POI MapID="1203" xpos="-142.875" ypos="99.2895" zpos="-361.242" type="resourcenode.wood.elder" GUID="L7dAPJ3DxkiZ69xYJ/heqA=="/>
    <POI MapID="1203" xpos="-172.894" ypos="29.3751" zpos="-143.966" type="resourcenode.wood.elder" GUID="99LTGjhYUkCZeB+QRgEnfQ=="/>
    <POI MapID="1203" xpos="-138.467" ypos="41.4128" zpos="-77.9444" type="resourcenode.wood.elder" GUID="n6+npOG1v0u3lKTntWAwUw=="/>
    <POI MapID="1203" xpos="-135.123" ypos="43.8416" zpos="-82.7745" type="resourcenode.wood.elder" GUID="9NEMI9vvvESGGiGrXo2o+A=="/>
    <POI MapID="1203" xpos="-107.826" ypos="39.3224" zpos="-87.6443" type="resourcenode.wood.elder" GUID="9gRBHTXf5U+TeB4mAmN1fw=="/>
    <POI MapID="1203" xpos="-60.4976" ypos="21.307" zpos="-27.0473" type="resourcenode.wood.elder" GUID="h29wqWCp9kGjtfdWrEHSvw=="/>
    <POI MapID="1203" xpos="-402.098" ypos="13.0422" zpos="-86.4437" type="resourcenode.wood.elder" GUID="CfI4PYp3cUaT9q4JTGy5TQ=="/>
    <POI MapID="1195" xpos="-371.682" ypos="37.0634" zpos="-611.755" type="resourcenode.wood.elder" GUID="Hz14S4W1ikiO0D3JhCRSww=="/>
    <POI MapID="1195" xpos="-220.983" ypos="90.9573" zpos="-672.136" type="resourcenode.wood.elder" GUID="VRns7EF9Y0GQzobdQefijw=="/>
    <POI MapID="1195" xpos="-162.831" ypos="249.42" zpos="-58.2508" type="resourcenode.wood.elder" GUID="nUb51sIHlkOcovsqHpCx4A=="/>
    <POI MapID="1203" xpos="-409.268" ypos="4.04332" zpos="-206.884" type="resourcenode.wood.elder" GUID="RiMM4u9PHESgdL8pANCaJw=="/>
    <POI MapID="1203" xpos="-288.365" ypos="33.9825" zpos="-293.449" type="resourcenode.wood.elder" GUID="1ZfFxS3UeUubSbHOLoe6DA=="/>
    <POI MapID="1195" xpos="-109.175" ypos="259.989" zpos="194.344" type="resourcenode.wood.elder" GUID="no+4+FrVjU2oqXc3/FNWWw=="/>
    <POI MapID="1195" xpos="-189.333" ypos="302.762" zpos="112.13" type="resourcenode.wood.elder" GUID="Me9winaAgkK0XmzUyinhng=="/>
    <POI MapID="1195" xpos="-296.54" ypos="45.0961" zpos="-598.42" type="resourcenode.wood.elder" GUID="xLCv6wlWLkGUoHsZUnUy7Q=="/>
    <POI MapID="1195" xpos="-177.532" ypos="1.94631" zpos="-530.484" type="resourcenode.wood.elder" GUID="HF8yvH7M3U6w8rUR7L9Ptg=="/>
    <POI MapID="1195" xpos="-235.66" ypos="57.9703" zpos="-604.338" type="resourcenode.wood.elder" GUID="i7L/8twIykaNNcROD/IHVA=="/>
    <POI MapID="1195" xpos="-284.773" ypos="84.5388" zpos="-720.665" type="resourcenode.wood.elder" GUID="Fj3XL5YECkmXgdv1bQZW8Q=="/>
    <POI MapID="1195" xpos="-81.4727" ypos="162.712" zpos="-659.608" type="resourcenode.wood.elder" GUID="ZassldCbjk2UpkxKXvb/4g=="/>
    <POI MapID="1203" xpos="-156.953" ypos="47.6719" zpos="-20.0642" type="resourcenode.wood.elder" GUID="JtXyxD9Iikub00zZiLGpOA=="/>
    <POI MapID="1203" xpos="-36.6866" ypos="15.3223" zpos="-5.28085" type="resourcenode.wood.elder" GUID="dm6cI+KiskqWv4rcXQcdLA=="/>
    <POI MapID="1203" xpos="282.31" ypos="9.87659" zpos="-138.647" type="resourcenode.wood.elder" GUID="FWBGNduKTkaucyPOQQrpyw=="/>
    <POI MapID="1195" xpos="-256.29" ypos="40.4097" zpos="-568.733" type="resourcenode.wood.elder" GUID="ZGGVVX+sz0mEEP8JhvHGiA=="/>
    <POI MapID="1195" xpos="-215.491" ypos="101.769" zpos="-732.569" type="resourcenode.wood.elder" GUID="ZFtq23EunUyhUvOnzYW8Vw=="/>
    <POI MapID="1195" xpos="472.094" ypos="101.125" zpos="-201.601" type="resourcenode.wood.elder" GUID="QIYdj+4AVkCCzKzu5g4CYw=="/>
    <POI MapID="1185" xpos="9.36639" ypos="83.7284" zpos="568.681" type="resourcenode.wood.elder" GUID="wSbrV8mp00ytGWSx15X7Qw=="/>
    <POI MapID="1185" xpos="318.766" ypos="150.854" zpos="567.489" type="resourcenode.wood.elder" GUID="99RM2+IqV0yiZgMX9p4x/g=="/>
    <POI MapID="1185" xpos="141.652" ypos="107.762" zpos="441.209" type="resourcenode.wood.elder" GUID="k+jJyZYy7U2gxRoqXF1uuA=="/>
    <POI MapID="1185" xpos="13.0407" ypos="82.9815" zpos="434.007" type="resourcenode.wood.elder" GUID="CtCtTUeLMkmo7W6GdhEPOw=="/>
    <POI MapID="1185" xpos="-110.581" ypos="60.9232" zpos="518.488" type="resourcenode.wood.elder" GUID="cK/alFt65E+Q3V7n5B8Eeg=="/>
    <POI MapID="1185" xpos="163.662" ypos="42.573" zpos="-449.694" type="resourcenode.wood.elder" GUID="FSoH/Uuk/kC6oa7eS0jdKg=="/>
    <POI MapID="1185" xpos="126.601" ypos="42.7329" zpos="-553.752" type="resourcenode.wood.elder" GUID="CqnwJxlX6kuib24sXDKjfA=="/>
    <POI MapID="1185" xpos="9.49965" ypos="30.859" zpos="-698.205" type="resourcenode.wood.elder" GUID="gJeayTmFhEajaxCEm+w/FA=="/>
    <POI MapID="1185" xpos="255.03" ypos="61.5206" zpos="-600.126" type="resourcenode.wood.elder" GUID="8CDgh0C/gEaUlE3kzQbStA=="/>
    <POI MapID="1185" xpos="249.604" ypos="69.0995" zpos="-85.7062" type="resourcenode.wood.elder" GUID="FCoGIn2wtUqDYfdNLoKwAA=="/>
    <POI MapID="1185" xpos="295.793" ypos="62.549" zpos="2.55548" type="resourcenode.wood.elder" GUID="NHJxoQwNM0aBjVbGfvjAIA=="/>
    <POI MapID="1203" xpos="-795.36" ypos="67.8594" zpos="109.801" type="resourcenode.wood.elder" GUID="D+6zN76M4kain0uOq7C1Bg=="/>
    <POI MapID="1195" xpos="590.281" ypos="234.78" zpos="-359.067" type="resourcenode.wood.elder" GUID="yapm1ugwl06UCG/KIKJp4g=="/>
    <POI MapID="1195" xpos="456.908" ypos="244.232" zpos="-655.729" type="resourcenode.wood.elder" GUID="M/UrWDCDy0aPMGgJCwS+Bw=="/>
    <POI MapID="1195" xpos="-98.5824" ypos="241.843" zpos="-8.31151" type="resourcenode.wood.elder" GUID="UuTjiqtUY0aLLOQBEB1IKA=="/>
    <POI MapID="1195" xpos="-389.418" ypos="2.97517" zpos="-515.284" type="resourcenode.wood.elder" GUID="tL8+ZghHhE66/QaC760ohg=="/>
    <POI MapID="1195" xpos="-160.869" ypos="239.387" zpos="65.8712" type="resourcenode.wood.elder" GUID="UOFUQHJMIUqWxz30yMQQQg=="/>
    <POI MapID="1195" xpos="-195.385" ypos="246.068" zpos="167.838" type="resourcenode.wood.elder" GUID="JsLWukLgCUCTPp9kdwAKBw=="/>
    <POI MapID="1195" xpos="-229.265" ypos="282.513" zpos="85.0829" type="resourcenode.wood.elder" GUID="ScWmJOAPhkOEno0swDxUQw=="/>
    <POI MapID="1195" xpos="143.799" ypos="228.59" zpos="95.0219" type="resourcenode.wood.elder" GUID="fXkI6vTOHkCki9fNfG0ZWg=="/>
    <POI MapID="1195" xpos="420.077" ypos="275.331" zpos="47.0623" type="resourcenode.wood.elder" GUID="84yfeX8J3U+8kE/KYUWCjg=="/>
    <POI MapID="1195" xpos="488.108" ypos="275.283" zpos="19.2535" type="resourcenode.wood.elder" GUID="B4JwnD5MMEaJl9pTVAQm5w=="/>
    <POI MapID="1195" xpos="-381.488" ypos="26.1016" zpos="-589.393" type="resourcenode.wood.elder" GUID="ENKeH+0YyU+HJOpZoorL1A=="/>
    <POI MapID="1195" xpos="-242.165" ypos="92.5018" zpos="-721.858" type="resourcenode.wood.elder" GUID="jSKVRK6GaEe0Dn4+N930YA=="/>
    <POI MapID="1195" xpos="68.3527" ypos="184.174" zpos="-711.266" type="resourcenode.wood.elder" GUID="yn2BKi7siUC5iArVkgk9Lg=="/>
    <POI MapID="1195" xpos="176.71" ypos="178.407" zpos="-803.269" type="resourcenode.wood.elder" GUID="MvdB8S3sKEaEmD8XOyIuOA=="/>
    <POI MapID="1195" xpos="-14.0599" ypos="127.705" zpos="-906.495" type="resourcenode.wood.elder" GUID="yWmaL0I2fUW2CrxaS+BYoA=="/>
    <POI MapID="1195" xpos="-98.7617" ypos="125.689" zpos="-993.747" type="resourcenode.wood.elder" GUID="hJKSshvoW0+b0isi5lJE+A=="/>
    <POI MapID="1185" xpos="285.841" ypos="74.9377" zpos="-85.8829" type="resourcenode.wood.elder" GUID="pQNbJQkUhUyEaBOsramRtA=="/>
    <POI MapID="1185" xpos="146.807" ypos="41.7859" zpos="-427.528" type="resourcenode.wood.elder" GUID="3bzbXKGLFk+ntT3VtCfYqQ=="/>
    <POI MapID="1185" xpos="111.628" ypos="39.2556" zpos="-374.862" type="resourcenode.wood.elder" GUID="sGTn79x5h02ROE0YQwuoyQ=="/>
    <POI MapID="1185" xpos="177.854" ypos="65.3255" zpos="185.815" type="resourcenode.wood.elder" GUID="CxdplFRBhU6CAgpD7GlNnw=="/>
    <POI MapID="1185" xpos="213.31" ypos="67.9498" zpos="178.689" type="resourcenode.wood.elder" GUID="FQCLtbdL5kWr5i6py1KBAQ=="/>
    <POI MapID="1210" xpos="-406.867" ypos="52.2417" zpos="691.881" type="resourcenode.wood.elder" GUID="hvCQ6VjdfUeSfgXFjStwHA=="/>
    <POI MapID="1210" xpos="-82.8174" ypos="8.6869" zpos="-87.0131" type="resourcenode.wood.elder" GUID="F/H/YocIIEuZUULvY4Up3w=="/>
    <POI MapID="1210" xpos="135.001" ypos="2.2124" zpos="373.131" type="resourcenode.wood.elder" GUID="J20Uo2TPEE2fxXPdTky/Sw=="/>
    <POI MapID="1210" xpos="-244.897" ypos="2.03775" zpos="-399.567" type="resourcenode.wood.elder" GUID="05z0wVRt6kubSjevIlUZRA=="/>
    <POI MapID="1195" xpos="-261.468" ypos="75.4309" zpos="-667.171" type="resourcenode.wood.elder" GUID="3FvLcYP1EE6DbanXa95M1w=="/>
    <POI MapID="1195" xpos="2.51404" ypos="162.54" zpos="-758.352" type="resourcenode.wood.elder" GUID="xmrPqj300Eafua8Y6hlLAA=="/>
    <POI MapID="1185" xpos="-308.283" ypos="21.9653" zpos="168.675" type="resourcenode.wood.elder" GUID="RBQ5Bvcsjke/K3XarXqmuA=="/>
    <POI MapID="1185" xpos="-213.252" ypos="43.1914" zpos="254.05" type="resourcenode.wood.elder" GUID="oxdUfNnyuUKsoWBHb/gvTw=="/>
    <POI MapID="1185" xpos="-174.77" ypos="78.5505" zpos="521.101" type="resourcenode.wood.elder" GUID="Wqt/EmD2aUa3oAzHRVo8hw=="/>
    <POI MapID="1185" xpos="98.5945" ypos="93.8251" zpos="465.469" type="resourcenode.wood.elder" GUID="tX3wNdt94UyPIflEc9aM9w=="/>
    <POI MapID="1185" xpos="222.399" ypos="71.743" zpos="-56.8352" type="resourcenode.wood.elder" GUID="OhIXx2oY4k6eo78JoqOnPg=="/>
    <POI MapID="1185" xpos="-297.16" ypos="69.1249" zpos="382.039" type="resourcenode.wood.elder" GUID="Oyu0mW5pcESeURXBICpXvw=="/>
    <POI MapID="1185" xpos="-295.542" ypos="66.9513" zpos="376.726" type="resourcenode.wood.elder" GUID="Wah8sH0O1k+RtgcBaVExuQ=="/>
    <POI MapID="1195" xpos="-111.241" ypos="169.806" zpos="-747.431" type="resourcenode.wood.elder" GUID="CotWyaRHo0Wuk4EOLN3Zig=="/>
    <POI MapID="1195" xpos="-14.9853" ypos="293.731" zpos="-823.002" type="resourcenode.wood.elder" GUID="opfrWEajRU+qR0QInrDrQw=="/>
    <POI MapID="1195" xpos="-88.3115" ypos="295.81" zpos="-828.676" type="resourcenode.wood.elder" GUID="Kl8Gb4e3hEuBEMctNQpGMQ=="/>
    <POI MapID="1195" xpos="214.399" ypos="227.767" zpos="101.353" type="resourcenode.wood.elder" GUID="c2wmGtuIdUi5ZjG9oQFUFA=="/>
    <POI MapID="1195" xpos="376.276" ypos="297.532" zpos="-550.156" type="resourcenode.wood.elder" GUID="1wAfqUSlyEu6dQTKbJTh+g=="/>
    <POI MapID="1195" xpos="345.007" ypos="256.88" zpos="-701.381" type="resourcenode.wood.elder" GUID="Rx4TQhcY8kqpPJ3fQz5Vsw=="/>
    <POI MapID="1195" xpos="374.442" ypos="264.184" zpos="-772.375" type="resourcenode.wood.elder" GUID="Augc0d73xkKOfLpmh/KBtw=="/>
    <POI MapID="1195" xpos="150.832" ypos="154.95" zpos="-569.943" type="resourcenode.wood.elder" GUID="TMi1yvJzUki1+0+/diVYLw=="/>
    <POI MapID="1195" xpos="101.204" ypos="146.723" zpos="-589.833" type="resourcenode.wood.elder" GUID="TYidsmWnKEmWsuOIKRJu6g=="/>
    <POI MapID="1195" xpos="478.895" ypos="215.381" zpos="-395.354" type="resourcenode.wood.elder" GUID="RtPEc0h+HE+JEYbI3bRBqg=="/>
    <POI MapID="1203" xpos="418.787" ypos="36.292" zpos="-333.305" type="resourcenode.wood.elder" GUID="2xaMPcgUZUyEY/MNq2JnzA=="/>
    <POI MapID="1195" xpos="-72.6471" ypos="308.567" zpos="15.5473" type="resourcenode.wood.elder" GUID="OyM6IcpHHUaEwV900u42/g=="/>
    <POI MapID="1195" xpos="-237.082" ypos="280.144" zpos="17.1182" type="resourcenode.wood.elder" GUID="6n0c8x6640SVxOOtzDTFhg=="/>
    <POI MapID="1195" xpos="25.8089" ypos="158.444" zpos="-618.595" type="resourcenode.wood.elder" GUID="scfMfRMLUkqeY8HvgpdjwA=="/>
    <POI MapID="1195" xpos="-23.9318" ypos="175.998" zpos="-536.16" type="resourcenode.wood.elder" GUID="ABA6/qgyUkiIw0dJMlmvyQ=="/>
    <POI MapID="1195" xpos="-194.101" ypos="239.231" zpos="74.4288" type="resourcenode.wood.elder" GUID="XeEEuS5JaUKadaRCdrIbgg=="/>
    <POI MapID="1195" xpos="-53.7482" ypos="297.123" zpos="82.4134" type="resourcenode.wood.elder" GUID="Xvu7TAqUEEWp60Z+IcVDSA=="/>
    <POI MapID="1195" xpos="-115.965" ypos="252.248" zpos="37.3156" type="resourcenode.wood.elder" GUID="y8LjCqeo7kC5217rvWQ1eA=="/>
    <POI MapID="1195" xpos="-4.7654" ypos="155.303" zpos="-672.331" type="resourcenode.wood.elder" GUID="9+mzUIjZjUik5qJgldTq2w=="/>
    <POI MapID="1195" xpos="36.3184" ypos="162.86" zpos="-504.229" type="resourcenode.wood.elder" GUID="mkSuLL2hL02hSltIvRiDyA=="/>
    <POI MapID="1195" xpos="-183.125" ypos="294.521" zpos="-768.405" type="resourcenode.wood.elder" GUID="djVFdiSNjUaacH+shQiULg=="/>
    <POI MapID="1195" xpos="-400.548" ypos="206.704" zpos="-249.753" type="resourcenode.wood.elder" GUID="h9ifrmD94UifiaOoxWCJmg=="/>
    <POI MapID="1195" xpos="423.39" ypos="316.44" zpos="-550.745" type="resourcenode.wood.elder" GUID="fY0KRNeQHUmUsxlTRSOclw=="/>
    <POI MapID="1195" xpos="124.682" ypos="264.75" zpos="-826.271" type="resourcenode.wood.elder" GUID="HF4v2XzPM0in6gbjpIEBcA=="/>
    <POI MapID="65" xpos="-229.967" ypos="35.3927" zpos="-343.522" type="resourcenode.wood.elder" GUID="/4In+bwvU0GJxGc9ctrZNw=="/>
    <POI MapID="1195" xpos="-157.568" ypos="154.812" zpos="-710.589" type="resourcenode.wood.elder" GUID="WfxgOCyJt0S+zYHuiU6bEg=="/>
    <POI MapID="1195" xpos="6.68112" ypos="179.602" zpos="-540.396" type="resourcenode.wood.elder" GUID="C37Ry4MqlkC6uheN7oNrvg=="/>
    <POI MapID="1195" xpos="-80.0006" ypos="172.358" zpos="-596.842" type="resourcenode.wood.elder" GUID="g6NnhTrWqUCFjiSb2EYAWA=="/>
    <POI MapID="1195" xpos="-214.68" ypos="250.359" zpos="-10.3154" type="resourcenode.wood.elder" GUID="AjUEhmi4CEWSrct3+DEaeg=="/>
    <POI MapID="1195" xpos="-210.909" ypos="239.244" zpos="-48.9445" type="resourcenode.wood.elder" GUID="gqE/LvR6lUiwwqdYZBIBQg=="/>
    <POI MapID="1195" xpos="-154.965" ypos="153.524" zpos="-664.252" type="resourcenode.wood.elder" GUID="hwSdeBm0kEKuClPoOmm8DA=="/>
    <POI MapID="1185" xpos="350.959" ypos="75.6869" zpos="-47.6266" type="resourcenode.wood.elder" GUID="+XKTFCjPC0GvQYsmRKHG5g=="/>
    <POI MapID="1185" xpos="-231.505" ypos="45.4576" zpos="376.595" type="resourcenode.wood.elder" GUID="Tp1n0QfYik6k3+Oy20rGFw=="/>
    <POI MapID="1185" xpos="186.091" ypos="40.4614" zpos="-485.694" type="resourcenode.wood.elder" GUID="NikpuCKrbECmboKEmAMUgA=="/>
    <POI MapID="1185" xpos="174.105" ypos="52.7373" zpos="-596.36" type="resourcenode.wood.elder" GUID="us5lJjhmkEu+lnoe+6Ci6w=="/>
    <POI MapID="1185" xpos="1.27098" ypos="33.6241" zpos="-550.148" type="resourcenode.wood.elder" GUID="CnbnQHooJ0uAJmME8Tt3fA=="/>
    <POI MapID="1195" xpos="68.7392" ypos="185.938" zpos="-651.52" type="resourcenode.wood.elder" GUID="C2SaB2WZrU6KL5Lu18ThZg=="/>
    <POI MapID="1195" xpos="-302.087" ypos="32.1064" zpos="-566.004" type="resourcenode.wood.elder" GUID="NUr+uzFB+USsS9XSg0jVEQ=="/>
    <POI MapID="1195" xpos="278.206" ypos="217.518" zpos="56.6439" type="resourcenode.wood.elder" GUID="IRceqHY2tUOSZ93/vzBuVg=="/>
    <POI MapID="51" xpos="-431.259" ypos="35.1654" zpos="-232.629" type="resourcenode.wood.elder" GUID="J+1KWnMzQEugSUspIJorKg=="/>
    <POI MapID="51" xpos="-684.887" ypos="53.1778" zpos="-358.171" type="resourcenode.wood.elder" GUID="xoWM06X1yUO58G21HB1Y/Q=="/>
    <POI MapID="62" xpos="-67.553" ypos="15.5558" zpos="112.659" type="resourcenode.wood.elder" GUID="IciL/i22G0mBp4d9FzBxbg=="/>
    <POI MapID="1185" xpos="321.33" ypos="79.1869" zpos="-82.9437" type="resourcenode.wood.elder" GUID="SGPJStd5CE2mB0lMt1oXdg=="/>
    <POI MapID="1185" xpos="353.599" ypos="82.7169" zpos="-77.3843" type="resourcenode.wood.elder" GUID="s7iP7xsEMEmr+fedRc+D3g=="/>
    <POI MapID="1185" xpos="-279.544" ypos="103.594" zpos="551.067" type="resourcenode.wood.elder" GUID="NFhxYAUwW0257bCOpzRTVQ=="/>
    <POI MapID="1185" xpos="-76.7255" ypos="89.8425" zpos="655.252" type="resourcenode.wood.elder" GUID="v8+Y4Wetf0+aJJCz79I3BA=="/>
    <POI MapID="1185" xpos="-28.2984" ypos="78.6402" zpos="448.641" type="resourcenode.wood.elder" GUID="J2zLV67PUEGmOUjdUmKTnA=="/>
    <POI MapID="1185" xpos="-17.0236" ypos="77.0257" zpos="400.39" type="resourcenode.wood.elder" GUID="XmBlPl++NkSrnY4njDoxwA=="/>
    <POI MapID="1185" xpos="286.345" ypos="30.1995" zpos="-701.224" type="resourcenode.wood.elder" GUID="f+l8tkz2/kK9WM+eD+4+rw=="/>
    <POI MapID="30" xpos="746.557" ypos="26.9513" zpos="139.75" type="resourcenode.wood.elder" GUID="KImoWbPIcUWRw+ED38jFyw=="/>
    <POI MapID="30" xpos="667.712" ypos="31.8213" zpos="301.774" type="resourcenode.wood.elder" GUID="1fY6l4cTiUadwh1UcSNDzA=="/>
    <POI MapID="30" xpos="591.965" ypos="26.5662" zpos="324.246" type="resourcenode.wood.elder" GUID="ThGEMOumDkKhWjFLpuCijA=="/>
    <POI MapID="1015" xpos="-94.7171" ypos="415.011" zpos="-201.139" type="resourcenode.wood.elder" GUID="10aqjO1ArkeUJ3c5c4sftQ=="/>
    <POI MapID="1185" xpos="-61.0666" ypos="71.1912" zpos="571.606" type="resourcenode.wood.elder" GUID="XfSf+jMRw0iSO1P65PHiFQ=="/>
    <POI MapID="1185" xpos="220.844" ypos="43.2027" zpos="-495.411" type="resourcenode.wood.elder" GUID="28Nk0yc9I0yHPefeYactHw=="/>
    <POI MapID="1052" xpos="-453.575" ypos="712.555" zpos="-134.057" type="resourcenode.wood.elder" GUID="JDiK6TpcdU6YolDMVKzh+w=="/>
    <POI MapID="1041" xpos="475.013" ypos="75.7259" zpos="284.552" type="resourcenode.wood.elder" GUID="0TI7aJVM80a04QS/JvR4Zg=="/>
    <POI MapID="1041" xpos="856.413" ypos="66.3123" zpos="74.3823" type="resourcenode.wood.elder" GUID="J6xYOmZ7QU+9SrUkctW/EA=="/>
    <POI MapID="1041" xpos="529.425" ypos="55.373" zpos="-101.868" type="resourcenode.wood.elder" GUID="txiuL047nk26yquCmp3kZA=="/>
    <POI MapID="1185" xpos="200.55" ypos="63.7676" zpos="-629.991" type="resourcenode.wood.elder" GUID="18SGZUxa5EyVr2B4A4AS8w=="/>
    <POI MapID="1203" xpos="26.4501" ypos="16.0452" zpos="-108.951" type="resourcenode.wood.elder" GUID="zq5EbohUHkqlL3aeowhkgw=="/>
    <POI MapID="1185" xpos="-102.771" ypos="84.2116" zpos="579.234" type="resourcenode.wood.elder" GUID="xstDT0VZz0OL1yubsl9UEg=="/>
    <POI MapID="1185" xpos="343.501" ypos="86.1852" zpos="-110.938" type="resourcenode.wood.elder" GUID="Z95+moWZxkG01Z9zD9GVGw=="/>
    <POI MapID="1045" xpos="629.162" ypos="232.544" zpos="-274.269" type="resourcenode.wood.elder" GUID="AE2iIVkRg0KOVIjWfgt8/Q=="/>
    <POI MapID="1045" xpos="721.244" ypos="229.188" zpos="-273.51" type="resourcenode.wood.elder" GUID="OGM8gnOSgEmzy693NErdDQ=="/>
    <POI MapID="1043" xpos="329.46" ypos="382.203" zpos="661.945" type="resourcenode.wood.elder" GUID="WO0HOWDV9EiZk0KdyI06ig=="/>
    <POI MapID="65" xpos="922.645" ypos="52.3925" zpos="-426.955" type="resourcenode.wood.elder" GUID="QQFkaTmcWkeOfcixeCWpOg=="/>
    <POI MapID="1178" xpos="-161.189" ypos="102.801" zpos="286.136" type="resourcenode.wood.elder" GUID="39viA0jiaEWaLiOjd/Or/g=="/>
    <POI MapID="1178" xpos="-183.875" ypos="82.4135" zpos="204.109" type="resourcenode.wood.elder" GUID="aKFePYIllkGbPczAUWfmrA=="/>
    <POI MapID="1185" xpos="198.767" ypos="41.6026" zpos="-434.42" type="resourcenode.wood.elder" GUID="3rSIezFdJES6UDT8qRjfAw=="/>
    <POI MapID="1203" xpos="403.753" ypos="4.80695" zpos="-194.861" type="resourcenode.wood.elder" GUID="Fgzci2amREu6MG55AVAXYQ=="/>
    <POI MapID="1185" xpos="66.8353" ypos="37.6272" zpos="-543.812" type="resourcenode.wood.elder" GUID="rdP+e+84D0axcVugabQEZg=="/>
    <POI MapID="1015" xpos="-279.07" ypos="433.042" zpos="43.4347" type="resourcenode.wood.elder" GUID="FIVixRyIW0OD56Y40EGVzg=="/>
    <POI MapID="53" xpos="114.88" ypos="1.68243" zpos="225.714" type="resourcenode.wood.elder" GUID="1ZuDFdgMn0uv8qI7Ng8laQ=="/>
    <POI MapID="1045" xpos="675.005" ypos="232.98" zpos="-461.541" type="resourcenode.wood.elder" GUID="zDRrPg7Tokix4rlWmKhK+w=="/>
    <POI MapID="1045" xpos="807.378" ypos="262.248" zpos="-412.969" type="resourcenode.wood.elder" GUID="BGC+k6DYuEytPAsCDzTLbA=="/>
    <POI MapID="1045" xpos="568.75" ypos="203.654" zpos="-396.838" type="resourcenode.wood.elder" GUID="+CNDs3NdU0eHp87CqKDgfg=="/>
    <POI MapID="1195" xpos="-194.473" ypos="98.7572" zpos="-674.702" type="resourcenode.wood.elder" GUID="71pGp7v15Eqkq9K1/dT14A=="/>
    <POI MapID="1210" xpos="-119.607" ypos="3.80355" zpos="-132.773" type="resourcenode.wood.elder" GUID="P/rjhESTt0aGXzB2OkG2Rg=="/>
    <POI MapID="1210" xpos="-342.456" ypos="38.3138" zpos="457.585" type="resourcenode.wood.elder" GUID="bHoOInrJuU6C6YsfUpyHew=="/>
    <POI MapID="1210" xpos="-135.907" ypos="33.2716" zpos="337.601" type="resourcenode.wood.elder" GUID="EmdadbP3REOqZjYkMPKcOg=="/>
    <POI MapID="1210" xpos="228.941" ypos="2.30177" zpos="328.902" type="resourcenode.wood.elder" GUID="lXf6uKCXqkSSQpuuToy51g=="/>
    <POI MapID="1210" xpos="544.268" ypos="1.33985" zpos="-299.64" type="resourcenode.wood.elder" GUID="NcT573slVEilVs5VmVthUg=="/>
    <POI MapID="1211" xpos="-72.693" ypos="287.831" zpos="556.62" type="resourcenode.wood.elder" GUID="ugtJ9XSw9UyBSRz83DK5Cw=="/>
    <POI MapID="1211" xpos="-265.166" ypos="247.476" zpos="357.876" type="resourcenode.wood.elder" GUID="jAkjatXTf0+5DLJWfMcC5Q=="/>
    <POI MapID="1211" xpos="-328.877" ypos="232.21" zpos="447.719" type="resourcenode.wood.elder" GUID="W6fSOMfov0CZL7mDd87RoA=="/>
    <POI MapID="1211" xpos="-40.8588" ypos="228.443" zpos="305.616" type="resourcenode.wood.elder" GUID="Dz/wXTcfqEiW3+ltlnPLHg=="/>
    <POI MapID="1211" xpos="588.586" ypos="155.166" zpos="486.198" type="resourcenode.wood.elder" GUID="WPCeI3WLX0eecv8NReZmrw=="/>
    <POI MapID="1211" xpos="923.291" ypos="185.6" zpos="329.828" type="resourcenode.wood.elder" GUID="ZwwSp3wyt0G6bKbog7DFNg=="/>
    <POI MapID="1211" xpos="718.396" ypos="200.299" zpos="287.171" type="resourcenode.wood.elder" GUID="P2zWUYFmxESBdF6+ufDmmA=="/>
    <POI MapID="1211" xpos="756.345" ypos="214.838" zpos="450.984" type="resourcenode.wood.elder" GUID="5w8VXixug0mViRXCq5186A=="/>
    <POI MapID="1228" xpos="-722.748" ypos="56.6259" zpos="472.388" type="resourcenode.wood.elder" GUID="taqbEYijXkC3EIqXKJH8mg=="/>
    <POI MapID="1228" xpos="-677.543" ypos="52.9719" zpos="-253.781" type="resourcenode.wood.elder" GUID="N3ej1z+ib0eD6g0e1LUqlQ=="/>
    <POI MapID="1226" xpos="-32.2847" ypos="276.122" zpos="579.355" type="resourcenode.wood.elder" GUID="PBwtNVij7USymw/eysZ5Rg=="/>
    <POI MapID="1226" xpos="991.715" ypos="265.894" zpos="211.724" type="resourcenode.wood.elder" GUID="tX0o6izbAkyaPCtyUKb+bw=="/>
    <POI MapID="1226" xpos="828.239" ypos="46.5873" zpos="1112.34" type="resourcenode.wood.elder" GUID="5QvpAnRp+0ybrnXDC8Zvtw=="/>
    <POI MapID="1226" xpos="635.674" ypos="260.021" zpos="-874.884" type="resourcenode.wood.elder" GUID="bYJR0GATwUSYkxWRjtLlMg=="/>
    <POI MapID="1210" xpos="79.9291" ypos="21.3887" zpos="16.5734" type="resourcenode.wood.elder" GUID="08fN9C9gLkGO75MxTxpwMA=="/>
    <POI MapID="1211" xpos="-791.358" ypos="483.668" zpos="295.615" type="resourcenode.wood.elder" GUID="YR8xHyRn/USNYPn9A8a9EQ=="/>
    <POI MapID="1211" xpos="-332.1" ypos="281.358" zpos="564.533" type="resourcenode.wood.elder" GUID="VlVd3+hnmUu8jpQVVr+M3A=="/>
    <POI MapID="1211" xpos="151.559" ypos="269.998" zpos="386.842" type="resourcenode.wood.elder" GUID="0On5leEEGkSZinYkkzi7tA=="/>
    <POI MapID="1211" xpos="-366.336" ypos="16.8781" zpos="-417.173" type="resourcenode.wood.elder" GUID="cN9BbKG8FU+W06xlNbKUYg=="/>
    <POI MapID="1228" xpos="106.446" ypos="109.104" zpos="584.293" type="resourcenode.wood.elder" GUID="XYYlqgeOPECQlb8UEUoucQ=="/>
    <POI MapID="1211" xpos="-1019.13" ypos="1.23888" zpos="-503.023" type="resourcenode.wood.elder" GUID="5M6odcoQw06GO9Y2mmE/2A=="/>
    <POI MapID="1210" xpos="-480.119" ypos="18.9642" zpos="-681.245" type="resourcenode.wood.elder" GUID="v4YZiau0+kS4gJF330n+jg=="/>
    <POI MapID="1228" xpos="703.829" ypos="1.70012" zpos="-199.74" type="resourcenode.wood.elder" GUID="RukqWo0pr0SCOJzM9O/krg=="/>
    <POI MapID="1228" xpos="-250.035" ypos="74.8394" zpos="-120.998" type="resourcenode.wood.elder" GUID="Lx/rpT1nNkSOPUow+Xt3WA=="/>
    <POI MapID="1228" xpos="-161.488" ypos="71.534" zpos="-315.773" type="resourcenode.wood.elder" GUID="cZ+JsZocMUuX41H0PoTT6w=="/>
    <POI MapID="1248" xpos="578.411" ypos="84.6698" zpos="-844.845" type="resourcenode.wood.elder" GUID="VYjJi0kF+UqHiUiuYbehfQ=="/>
    <POI MapID="1248" xpos="462.911" ypos="125.745" zpos="-387.435" type="resourcenode.wood.elder" GUID="OFUlQSVq7EmF4m/LeI15KQ=="/>
    <POI MapID="1248" xpos="151.981" ypos="4.16771" zpos="-650.543" type="resourcenode.wood.elder" GUID="pj7Qd857d0e2PDGCNXHXig=="/>
    <POI MapID="1248" xpos="1183.3" ypos="4.6674" zpos="-668.735" type="resourcenode.wood.elder" GUID="/78fT+0jJ0WbiBDLL8pjYg=="/>
    <POI MapID="1228" xpos="-952.403" ypos="77.5555" zpos="810.057" type="resourcenode.wood.elder" GUID="aROYJFXFnESL5e7LU+JCvw=="/>
    <POI MapID="1210" xpos="-215.63" ypos="6.43849" zpos="190.245" type="resourcenode.wood.elder" GUID="FDzKB/jfLE2+e7YfO9OECQ=="/>
    <POI MapID="1210" xpos="-1220.32" ypos="1.74159" zpos="358.707" type="resourcenode.wood.elder" GUID="EsO/KGVoEUqb2f6AiaHHmQ=="/>
    <POI MapID="1248" xpos="-100.258" ypos="147.401" zpos="22.9832" type="resourcenode.wood.elder" GUID="O2xuBYP/HUmQJvqoVsMZHA=="/>
    <POI MapID="1210" xpos="-493.347" ypos="2.12969" zpos="223.396" type="resourcenode.wood.elder" GUID="Dc2LQGslyUWQQ2aKRQgmEw=="/>
    <POI MapID="1210" xpos="-741.085" ypos="-0.339874" zpos="363.49" type="resourcenode.wood.elder" GUID="6P9LBelnwU6Ejws9wvSDHQ=="/>
    <POI MapID="1210" xpos="-1111.42" ypos="33.0424" zpos="387.269" type="resourcenode.wood.elder" GUID="t8dLD95d70C9h+Ws+FzF0Q=="/>
    <POI MapID="1210" xpos="-382.611" ypos="14.6449" zpos="-625.79" type="resourcenode.wood.elder" GUID="KeeturFdP0++emEjna+zHA=="/>
    <POI MapID="1211" xpos="-517.721" ypos="329.703" zpos="656.637" type="resourcenode.wood.elder" GUID="PpX2jwkHsE6M9R19Ina9kw=="/>
    <POI MapID="1210" xpos="457.107" ypos="114.733" zpos="700.478" type="resourcenode.wood.elder" GUID="VOLhJl/Tm0Gmq3Rab1spIQ=="/>
    <POI MapID="1228" xpos="-112.467" ypos="112.829" zpos="722.188" type="resourcenode.wood.elder" GUID="5Woyazmpfk6zt8n6HpMrAQ=="/>
    <POI MapID="1045" xpos="-127.429" ypos="148.222" zpos="308.728" type="resourcenode.wood.elder" GUID="T8U4PQCUdkSqHc6CZu5KNg=="/>
    <POI MapID="1210" xpos="-133.871" ypos="33.261" zpos="336.336" type="resourcenode.wood.elder" GUID="SoDBuN3hhk6d3D9JtvRc8w=="/>
    <POI MapID="1226" xpos="-546.872" ypos="287.754" zpos="420.226" type="resourcenode.wood.elder" GUID="IPQJ5Dr3BkyMGftbB7v9nA=="/>
    <POI MapID="1228" xpos="-878.236" ypos="71.2468" zpos="159.068" type="resourcenode.wood.elder" GUID="FNNAKkiHwkGMk8v+gfyj6g=="/>
    <POI MapID="1228" xpos="-116.503" ypos="32.3591" zpos="40.8368" type="resourcenode.wood.elder" GUID="hg+QmDe5pUSLGBodJ/Xh+g=="/>
    <POI MapID="1228" xpos="-67.1653" ypos="76.5902" zpos="194.854" type="resourcenode.wood.elder" GUID="45GJIt/mLEaSTZhOd+ZM3g=="/>
    <POI MapID="1248" xpos="-254.934" ypos="82.7927" zpos="-827.484" type="resourcenode.wood.elder" GUID="Tk1XkJil6UuCV+zVFdoPwA=="/>
    <POI MapID="1248" xpos="-378.843" ypos="182.108" zpos="54.6929" type="resourcenode.wood.elder" GUID="MkF1EGtrcUOsUE5Hjdb9cQ=="/>
    <POI MapID="1226" xpos="518.607" ypos="258.462" zpos="-953.795" type="resourcenode.wood.elder" GUID="ERTiB33Hx0WfLVDX/ywB4Q=="/>
    <POI MapID="1228" xpos="1021.87" ypos="86.7499" zpos="864.489" type="resourcenode.wood.elder" GUID="EZ5IJxJRoUW0XbgRvJU09A=="/>
    <POI MapID="1228" xpos="-1049.95" ypos="93.0214" zpos="709.756" type="resourcenode.wood.elder" GUID="6gliqcS0+UKOoy9lkfuYIQ=="/>
    <POI MapID="1248" xpos="-287.207" ypos="108.095" zpos="101.789" type="resourcenode.wood.elder" GUID="JULc54OtuU+g2nWW5bRY6g=="/>
    <POI MapID="1210" xpos="-1233.37" ypos="17.526" zpos="538.016" type="resourcenode.wood.elder" GUID="TYfq/vabmUmC6emIMSDU3g=="/>
    <POI MapID="1228" xpos="-955.261" ypos="19.3263" zpos="-788.278" type="resourcenode.wood.elder" GUID="K/mLiXH7vEG6A3m1kgDQXw=="/>
    <POI MapID="1210" xpos="-906.975" ypos="87.5435" zpos="18.3285" type="resourcenode.wood.elder" GUID="UKu5w3N/FUaVLCoQwYym0A=="/>
    <POI MapID="1043" xpos="459.29" ypos="334.858" zpos="188.693" type="resourcenode.wood.elder" GUID="kxkJBsArF0O0/i9FmMYUGw=="/>
    <POI MapID="1045" xpos="-697.149" ypos="241.686" zpos="223.257" type="resourcenode.wood.elder" GUID="LPcH0SXyz02VX/j/j93T3Q=="/>
    <POI MapID="1045" xpos="-275.84" ypos="210.87" zpos="-182.86" type="resourcenode.wood.elder" GUID="pEcR2G4ZMUmlKJVTgDS0dQ=="/>
    <POI MapID="1045" xpos="-37.7648" ypos="198.533" zpos="480.268" type="resourcenode.wood.elder" GUID="NcCf6ow17EusyYpTuz1hTg=="/>
    <POI MapID="1045" xpos="180.725" ypos="121.235" zpos="80.5543" type="resourcenode.wood.elder" GUID="gx5jjX7trU6Sd2ff11PydQ=="/>
    <POI MapID="1228" xpos="426.778" ypos="0.313091" zpos="-606.676" type="resourcenode.wood.elder" GUID="cJL+Z1V3/EOQGyqVD3E3Tg=="/>
    <POI MapID="1226" xpos="-55.5642" ypos="0.0224083" zpos="1384.39" type="resourcenode.wood.elder" GUID="au31cRlF2kGfLyJXbXuLZQ=="/>
    <POI MapID="1248" xpos="-292.586" ypos="100.091" zpos="-273.636" type="resourcenode.wood.elder" GUID="uwsQacTmlUqsdZbnagatRQ=="/>
    <POI MapID="1228" xpos="751.059" ypos="23.0611" zpos="-55.7695" type="resourcenode.wood.elder" GUID="tXO4vUGdwUCMi6OCCPQmsg=="/>
    <POI MapID="1226" xpos="-525.556" ypos="55.563" zpos="809.213" type="resourcenode.wood.elder" GUID="9F5zrXo2VE+48khHMPTICA=="/>
    <POI MapID="1211" xpos="-861.948" ypos="466.851" zpos="110.462" type="resourcenode.wood.elder" GUID="B+Ccxyn3tUaFvQuhLRV6Tw=="/>
    <POI MapID="1228" xpos="948.147" ypos="55.8689" zpos="-88.4375" type="resourcenode.wood.elder" GUID="rJfKVwztGU6WN3z7vwVB8Q=="/>
    <POI MapID="1211" xpos="-370.115" ypos="239.063" zpos="489.091" type="resourcenode.wood.elder" GUID="CcmD9d8caUumU/G98GpDow=="/>
    <POI MapID="1228" xpos="774.985" ypos="96.9243" zpos="588.318" type="resourcenode.wood.elder" GUID="UArGXLbkp0uNWcTD4JK8Og=="/>
    <POI MapID="1226" xpos="-397.91" ypos="262.781" zpos="-137.552" type="resourcenode.wood.elder" GUID="CfYsmUIJFEmk5Mrwm40yaQ=="/>
    <POI MapID="1248" xpos="596.231" ypos="103.378" zpos="378.32" type="resourcenode.wood.elder" GUID="gO7gjTjpn02SMV8BPmEzNg=="/>
    <POI MapID="1210" xpos="940.088" ypos="204.973" zpos="620.453" type="resourcenode.wood.elder" GUID="n72IDmnKKkSDech5eFz8mw=="/>
    <POI MapID="1211" xpos="71.2904" ypos="240.517" zpos="195.808" type="resourcenode.wood.elder" GUID="tMmmZAguMEqc8zqPT7l9oQ=="/>
    <POI MapID="1211" xpos="-1060.16" ypos="414.179" zpos="-231.506" type="resourcenode.wood.elder" GUID="E4FjIEBiF02SVNiWP7O2qQ=="/>
    <POI MapID="1210" xpos="-133.693" ypos="5.50392" zpos="-522.254" type="resourcenode.wood.elder" GUID="S6u1BkNKv0W0C4DssMmfVQ=="/>
    <POI MapID="1228" xpos="731.836" ypos="145.948" zpos="904.987" type="resourcenode.wood.elder" GUID="OKYyxj6Pg0ulARN9oiDQUQ=="/>
    <POI MapID="1228" xpos="1002.95" ypos="52.1857" zpos="443.112" type="resourcenode.wood.elder" GUID="VsGi5FU/50mAEM/aOfWOAQ=="/>
    <POI MapID="1211" xpos="498.038" ypos="201.042" zpos="174.474" type="resourcenode.wood.elder" GUID="KT0rwQ7BAkezU4XYCwPecA=="/>
    <POI MapID="1248" xpos="190.667" ypos="144.681" zpos="218.673" type="resourcenode.wood.elder" GUID="JQmuDXeSSEeGuYzKAS+WXw=="/>
    <POI MapID="1210" xpos="175.69" ypos="82.3931" zpos="-90.1751" type="resourcenode.wood.elder" GUID="mVUNo9m4uUyFLA4kYERy2w=="/>
    <POI MapID="1043" xpos="410.659" ypos="288.528" zpos="164.63" type="resourcenode.wood.elder" GUID="bI1+K/Dhi0Kje6w8oIB1RA=="/>
    <POI MapID="1043" xpos="-38.5675" ypos="319.169" zpos="470.838" type="resourcenode.wood.elder" GUID="H0gYYHdl40WWCtz0zp1FjA=="/>
    <POI MapID="1226" xpos="809.112" ypos="296.283" zpos="-490.904" type="resourcenode.wood.elder" GUID="0iodRH7Mg0y6rI0bQLG1hQ=="/>
    <POI MapID="1226" xpos="774.756" ypos="277.999" zpos="-232.087" type="resourcenode.wood.elder" GUID="G1HnnIM3ekeiHRnkFUk6Ng=="/>
    <POI MapID="1228" xpos="-870.073" ypos="98.4339" zpos="684.122" type="resourcenode.wood.elder" GUID="DXbsMHxhX0mBgOpMMuJmag=="/>
    <POI MapID="1226" xpos="-31.0103" ypos="271.265" zpos="281.861" type="resourcenode.wood.elder" GUID="crxzMGqjlUCaejpQvCiJqQ=="/>
    <POI MapID="1226" xpos="405.315" ypos="263.609" zpos="-305.473" type="resourcenode.wood.elder" GUID="OK3hvKw6IE6liT9078htoQ=="/>
    <POI MapID="1226" xpos="-133.404" ypos="53.3466" zpos="1042.62" type="resourcenode.wood.elder" GUID="RFAtbgYYR0q6AIHWkKeiDg=="/>
    <POI MapID="1226" xpos="-1029.53" ypos="274.189" zpos="-749.167" type="resourcenode.wood.elder" GUID="cj8y2M7seka8pfdjj3bq2g=="/>
    <POI MapID="1248" xpos="520.158" ypos="153.376" zpos="827.495" type="resourcenode.wood.elder" GUID="NZVQxWRF302Re7ZPPEjzLQ=="/>
    <POI MapID="1211" xpos="269.656" ypos="239.769" zpos="188.382" type="resourcenode.wood.elder" GUID="fS77jIaKTky/MHfq7UgCCw=="/>
    <POI MapID="1211" xpos="573.59" ypos="180.982" zpos="298.107" type="resourcenode.wood.elder" GUID="+Ne/m44jWEitqqDHZeXwyg=="/>
    <POI MapID="1210" xpos="-1095.43" ypos="2.66714" zpos="-195.71" type="resourcenode.wood.elder" GUID="xFzbWoXNt0qKHiErd8jLNg=="/>
    <POI MapID="1226" xpos="-458.123" ypos="2.78954" zpos="1208.89" type="resourcenode.wood.elder" GUID="fjipvYV72UabcKPYfjF44g=="/>
  </POIs>
</OverlayData>