<OverlayData>
  <MarkerCategory name="ResourceNode" DisplayName="Resource Nodes" data-class="fade-1" behavior="1" iconFile="Data/ResourceNode.png" data-iconFile="Data/ResourceNode.png" fadeFar="16800" fadeNear="8400">
    <MarkerCategory name="Wood" iconFile="Data/ResourceNode/Wood.png" data-iconFile="Data/Wood.png">
      <MarkerCategory name="Hard"/>
    </MarkerCategory>
  </MarkerCategory>
  <POIs>
    <POI MapID="22" xpos="-120.251" ypos="60.2807" zpos="538.685" type="resourcenode.wood.hard" GUID="SQ23DYY+7UCj7VJ9B/HTBQ=="/>
    <POI MapID="22" xpos="-274.768" ypos="59.4496" zpos="469.202" type="resourcenode.wood.hard" GUID="2d1zmYjTFEuxA9O1En8JLg=="/>
    <POI MapID="73" xpos="227.502" ypos="8.39511" zpos="-104.9" type="resourcenode.wood.hard" GUID="7ERa8jbWFk+e648yrwzOHA=="/>
    <POI MapID="73" xpos="283.838" ypos="24.057" zpos="-197.522" type="resourcenode.wood.hard" GUID="4/1mMmXH0U6ijxDE+bgpjA=="/>
    <POI MapID="73" xpos="315.583" ypos="3.9505" zpos="-39.7754" type="resourcenode.wood.hard" GUID="SkqVd6gs/k2zf70whQR0Ag=="/>
    <POI MapID="73" xpos="442.219" ypos="13.4345" zpos="115.336" type="resourcenode.wood.hard" GUID="M/GHiVdrAkWdkOK/FZGByA=="/>
    <POI MapID="73" xpos="-16.4126" ypos="4.85181" zpos="-18.6772" type="resourcenode.wood.hard" GUID="IAAI+DKFj0KevFkWdBvocQ=="/>
    <POI MapID="73" xpos="-39.2337" ypos="6.86456" zpos="-49.6347" type="resourcenode.wood.hard" GUID="3J0fhu7HcEKCPidYLhXERw=="/>
    <POI MapID="73" xpos="-492.335" ypos="12.9888" zpos="-621.575" type="resourcenode.wood.hard" GUID="ONfew3e/KE68wQQMUuvHzA=="/>
    <POI MapID="73" xpos="413.198" ypos="10.3168" zpos="-597.622" type="resourcenode.wood.hard" GUID="z+OLWoUgaUaBe5a0r9DTKg=="/>
    <POI MapID="73" xpos="431.587" ypos="21.2152" zpos="-565.3" type="resourcenode.wood.hard" GUID="HH1Q165J8E2divDkPZT/Qw=="/>
    <POI MapID="73" xpos="424.599" ypos="24.0689" zpos="-501.6" type="resourcenode.wood.hard" GUID="0QJwQRe5wUu42BR5umYeJQ=="/>
    <POI MapID="73" xpos="387.163" ypos="20.1294" zpos="-439.036" type="resourcenode.wood.hard" GUID="PnMI43/gQ0uaVe6HfMlQ8A=="/>
    <POI MapID="73" xpos="561.567" ypos="24.3774" zpos="-372.611" type="resourcenode.wood.hard" GUID="LKlXQG4RFU2m/JB5hUNiWw=="/>
    <POI MapID="73" xpos="548.839" ypos="31.9953" zpos="-285.66" type="resourcenode.wood.hard" GUID="v+XwD3q4ZEK5+3KlZK+ttA=="/>
    <POI MapID="73" xpos="620.282" ypos="6.59806" zpos="-563.124" type="resourcenode.wood.hard" GUID="cbLb2AF3TEyvySsXqBnvKA=="/>
    <POI MapID="73" xpos="96.5688" ypos="1.66926" zpos="-9.20395" type="resourcenode.wood.hard" GUID="7zaSuY9MPk+1cCKtD1Yj+A=="/>
    <POI MapID="53" xpos="69.9499" ypos="20.5145" zpos="-699.74" type="resourcenode.wood.hard" GUID="4ju3gQpL/kSjLTUjoyFJbg=="/>
    <POI MapID="53" xpos="-452.363" ypos="2.55112" zpos="-423.422" type="resourcenode.wood.hard" GUID="DdZyCnARa06/LJ46vYzqfA=="/>
    <POI MapID="53" xpos="-454.066" ypos="12.0204" zpos="765" type="resourcenode.wood.hard" GUID="YAQrrpwRuUen1dVnCzM0wg=="/>
    <POI MapID="53" xpos="-382.37" ypos="9.4135" zpos="772.647" type="resourcenode.wood.hard" GUID="TlhnSANHbUi6wkixW5IqmA=="/>
    <POI MapID="73" xpos="320.709" ypos="1.38043" zpos="-90.7332" type="resourcenode.wood.hard" GUID="N+w6UM8+/UyxeVaYqqFQNw=="/>
    <POI MapID="73" xpos="658.952" ypos="13.671" zpos="222.596" type="resourcenode.wood.hard" GUID="QpwEXZThZESMMakt92aVPA=="/>
    <POI MapID="73" xpos="31.6725" ypos="3.93294" zpos="-2.10721" type="resourcenode.wood.hard" GUID="IrqLJtFnBEubuO4AfYMyhw=="/>
    <POI MapID="73" xpos="-60.8674" ypos="3.07787" zpos="-76.7228" type="resourcenode.wood.hard" GUID="kokUYXLyNkqEbuU7LAINpQ=="/>
    <POI MapID="73" xpos="339.302" ypos="20.8769" zpos="-457.669" type="resourcenode.wood.hard" GUID="PFZ34OUPzkK0qYMRKy1BPg=="/>
    <POI MapID="73" xpos="344.612" ypos="37.7192" zpos="-370.254" type="resourcenode.wood.hard" GUID="TYKsAnT94EWy9uVyM8Ncrg=="/>
    <POI MapID="73" xpos="298.079" ypos="41.7867" zpos="-354.253" type="resourcenode.wood.hard" GUID="iMckvrkmsUW3jhZhMveDQQ=="/>
    <POI MapID="73" xpos="304.149" ypos="45.3236" zpos="-293.814" type="resourcenode.wood.hard" GUID="srfC4Pxw+UeShr8WGesk3Q=="/>
    <POI MapID="73" xpos="619.179" ypos="3.20983" zpos="-585.531" type="resourcenode.wood.hard" GUID="Nwq3VJnWHESs40PjTDxDcQ=="/>
    <POI MapID="73" xpos="442.095" ypos="2.1087" zpos="-797.692" type="resourcenode.wood.hard" GUID="D4JocfQi60SP6iJC77BcqQ=="/>
    <POI MapID="73" xpos="443.616" ypos="12.5607" zpos="-764.963" type="resourcenode.wood.hard" GUID="f6SLEOqWSUua3f9LMXe4yg=="/>
    <POI MapID="73" xpos="13.4682" ypos="19.2346" zpos="530.899" type="resourcenode.wood.hard" GUID="fSiAvDJ0M06pFElAM7HEwA=="/>
    <POI MapID="73" xpos="57.2298" ypos="53.633" zpos="570.87" type="resourcenode.wood.hard" GUID="w8BwNVLMykuq9iRfRVlyHg=="/>
    <POI MapID="73" xpos="-64.9337" ypos="51.7312" zpos="589.969" type="resourcenode.wood.hard" GUID="szTTZvEWFkmTsb2qXKtmxA=="/>
    <POI MapID="73" xpos="147.726" ypos="3.16677" zpos="892.483" type="resourcenode.wood.hard" GUID="uqPXTS0/9k2qsB6uAWeqHg=="/>
    <POI MapID="73" xpos="528.326" ypos="24.5153" zpos="-477.969" type="resourcenode.wood.hard" GUID="9ocv1+uauUumAwopWxD6+g=="/>
    <POI MapID="39" xpos="-1054.02" ypos="23.666" zpos="338.351" type="resourcenode.wood.hard" GUID="AesLCUuWYEmae/MFtxlz4Q=="/>
    <POI MapID="39" xpos="-1057.06" ypos="14.6669" zpos="303.949" type="resourcenode.wood.hard" GUID="ACIjj8V/L0iu4t3glkvq+Q=="/>
    <POI MapID="39" xpos="-915.404" ypos="0.188814" zpos="-330.464" type="resourcenode.wood.hard" GUID="1I+6MG0gS0mQpeBwi1pfMQ=="/>
    <POI MapID="39" xpos="-898.602" ypos="27.8135" zpos="-308.063" type="resourcenode.wood.hard" GUID="w5SVjbmzNEu6I/FNegTCKw=="/>
    <POI MapID="39" xpos="-837.684" ypos="30.9866" zpos="-392.276" type="resourcenode.wood.hard" GUID="ui2uDERAtkStyWhCsTI9ww=="/>
    <POI MapID="73" xpos="210.235" ypos="17.9678" zpos="-190.98" type="resourcenode.wood.hard" GUID="VIcE/4avHkK+ukTmw1qAxw=="/>
    <POI MapID="73" xpos="272.689" ypos="20.6105" zpos="-163.217" type="resourcenode.wood.hard" GUID="WEKoKciQ6UGgOQ6CefH+ww=="/>
    <POI MapID="73" xpos="416.646" ypos="12.6489" zpos="-661.164" type="resourcenode.wood.hard" GUID="nlS9K3mL80WnvxDmWQhtMg=="/>
    <POI MapID="73" xpos="530.632" ypos="17.2634" zpos="-660.351" type="resourcenode.wood.hard" GUID="vkUQ/IuAvUimmFJmarFBqg=="/>
    <POI MapID="73" xpos="471.764" ypos="9.64309" zpos="-774.195" type="resourcenode.wood.hard" GUID="YCrzFxojtUyuswb+KkPWPQ=="/>
    <POI MapID="73" xpos="432.72" ypos="34.0764" zpos="558.159" type="resourcenode.wood.hard" GUID="Hvgz1h+CpEiQfZn9y/ZkBw=="/>
    <POI MapID="73" xpos="418.318" ypos="40.7586" zpos="553.564" type="resourcenode.wood.hard" GUID="v/VZ+UdyFkC16YeVPoSU1w=="/>
    <POI MapID="53" xpos="-345.095" ypos="22.9032" zpos="545.479" type="resourcenode.wood.hard" GUID="c/D0oEM4J02BEdaRq8I45w=="/>
    <POI MapID="53" xpos="-341.223" ypos="2.82992" zpos="635.647" type="resourcenode.wood.hard" GUID="tpHexwx0t02Xix1O64IcWw=="/>
    <POI MapID="53" xpos="-487.451" ypos="25.3523" zpos="259.567" type="resourcenode.wood.hard" GUID="mZv7ITt+wkeTWQGz5pH2Gg=="/>
    <POI MapID="53" xpos="-449.461" ypos="35.6902" zpos="279.112" type="resourcenode.wood.hard" GUID="4IIOx6LGbEGTToJFDLLmSQ=="/>
    <POI MapID="53" xpos="-397.156" ypos="30.6269" zpos="272.824" type="resourcenode.wood.hard" GUID="a75JYZWjNEOB7xUqRjT/hQ=="/>
    <POI MapID="53" xpos="-380.38" ypos="32.6579" zpos="229.968" type="resourcenode.wood.hard" GUID="MeSKC2hXk0ePkofxe6cMsw=="/>
    <POI MapID="53" xpos="-643.652" ypos="5.86652" zpos="-165.749" type="resourcenode.wood.hard" GUID="jfLx0JaH4k+ELG+l67WmLw=="/>
    <POI MapID="53" xpos="620.287" ypos="79.8944" zpos="112.695" type="resourcenode.wood.hard" GUID="i++qZ24Od0WfKMYVF5vnNQ=="/>
    <POI MapID="53" xpos="240.272" ypos="1.04904" zpos="482.814" type="resourcenode.wood.hard" GUID="X7f1+8qf9EGEB+cpRBLoqw=="/>
    <POI MapID="53" xpos="241.962" ypos="0.747317" zpos="385.639" type="resourcenode.wood.hard" GUID="fCbkuG578kaPJpX69Pi9ew=="/>
    <POI MapID="53" xpos="120.101" ypos="3.53041" zpos="273.875" type="resourcenode.wood.hard" GUID="wYVdCEN+WkqE9bscMBt6sQ=="/>
    <POI MapID="53" xpos="184.973" ypos="33.424" zpos="165.366" type="resourcenode.wood.hard" GUID="eIL43dYS8k2P+ph+dfsLjQ=="/>
    <POI MapID="53" xpos="264.916" ypos="44.5639" zpos="164.955" type="resourcenode.wood.hard" GUID="N6MwwmVzK0OLbJOCyUdn/g=="/>
    <POI MapID="53" xpos="307.754" ypos="4.52587" zpos="-179.032" type="resourcenode.wood.hard" GUID="yC5Vblf59kuj3GTQpq7sZw=="/>
    <POI MapID="53" xpos="372.174" ypos="14.5842" zpos="-233.99" type="resourcenode.wood.hard" GUID="PvCpZ+ImEkSbM2nBqkwN5w=="/>
    <POI MapID="53" xpos="438.255" ypos="7.28575" zpos="-424.769" type="resourcenode.wood.hard" GUID="dWwqCSAdYkyo7tFoNuAFCQ=="/>
    <POI MapID="53" xpos="353.5" ypos="7.18603" zpos="-550.249" type="resourcenode.wood.hard" GUID="lpn/SKoDXk22RDyOt9+IBg=="/>
    <POI MapID="53" xpos="348.215" ypos="0.36463" zpos="-609.24" type="resourcenode.wood.hard" GUID="IWJDGEsK00y2u/hVovQtJA=="/>
    <POI MapID="53" xpos="501.034" ypos="13.3628" zpos="-676.385" type="resourcenode.wood.hard" GUID="6IeDysTKnECNQysu4tdPcg=="/>
    <POI MapID="53" xpos="460.831" ypos="10.463" zpos="-703.627" type="resourcenode.wood.hard" GUID="yrMoPi0lNE2Oeba/kPBgtw=="/>
    <POI MapID="53" xpos="403.667" ypos="4.64523" zpos="-781.71" type="resourcenode.wood.hard" GUID="vP8N3hqmJ0ic5B/Zyj0uiw=="/>
    <POI MapID="53" xpos="361.228" ypos="12.2408" zpos="-799.785" type="resourcenode.wood.hard" GUID="8deQFmO7OkihFo+zFlLzmA=="/>
    <POI MapID="53" xpos="370.757" ypos="30.428" zpos="-852.503" type="resourcenode.wood.hard" GUID="QhJFBbEsYEWkMjdehP8mPg=="/>
    <POI MapID="53" xpos="217.721" ypos="8.02919" zpos="-788.19" type="resourcenode.wood.hard" GUID="BW2HaXf9XkurxJsGODnb1Q=="/>
    <POI MapID="53" xpos="-55.89" ypos="14.6019" zpos="-534.804" type="resourcenode.wood.hard" GUID="077i9/9LtU+diL8rEhtrSg=="/>
    <POI MapID="53" xpos="-268.542" ypos="5.2213" zpos="-195.977" type="resourcenode.wood.hard" GUID="TGz17yl/+ESIixTS4UeuAg=="/>
    <POI MapID="53" xpos="-324.74" ypos="2.86723" zpos="-787.86" type="resourcenode.wood.hard" GUID="4oBWJuIQ4UyQjRlIWsPrhQ=="/>
    <POI MapID="25" xpos="-292.272" ypos="16.2566" zpos="-772.955" type="resourcenode.wood.hard" GUID="oHkkAgPdykOugTQnH8+k0A=="/>
    <POI MapID="25" xpos="133.62" ypos="33.4568" zpos="-372.476" type="resourcenode.wood.hard" GUID="5UKantAu+0isL9ojILyXrw=="/>
    <POI MapID="25" xpos="190.168" ypos="16.7051" zpos="-343.969" type="resourcenode.wood.hard" GUID="xRHkmozWLEaGC7KbVrtHXg=="/>
    <POI MapID="25" xpos="19.023" ypos="4.67024" zpos="-175.292" type="resourcenode.wood.hard" GUID="e/4HeUL7uUO/RopHDvpn8w=="/>
    <POI MapID="25" xpos="-122.01" ypos="25.237" zpos="-190.126" type="resourcenode.wood.hard" GUID="47uGYg9+n0Kht0Zr7fnI3A=="/>
    <POI MapID="25" xpos="-29.5145" ypos="27.0245" zpos="-70.2087" type="resourcenode.wood.hard" GUID="zpA1o9TSdESjPtrMg4j/KQ=="/>
    <POI MapID="25" xpos="-48.5134" ypos="3.88065" zpos="84.5748" type="resourcenode.wood.hard" GUID="U9qRy8X3AUmcODuZSxyitg=="/>
    <POI MapID="25" xpos="-368.58" ypos="3.9123" zpos="232.267" type="resourcenode.wood.hard" GUID="2rFXz61HcUKQP8P35nz4Cw=="/>
    <POI MapID="25" xpos="-327.781" ypos="0.132457" zpos="465.159" type="resourcenode.wood.hard" GUID="HcQBBRf020OSpxKJKEVuGA=="/>
    <POI MapID="25" xpos="-46.7428" ypos="8.50862" zpos="627.931" type="resourcenode.wood.hard" GUID="VeO4sSns8kGxl1GBaxDZXw=="/>
    <POI MapID="25" xpos="-102.037" ypos="0.895451" zpos="715.55" type="resourcenode.wood.hard" GUID="Voh384TGHkqYhSVIurDEYA=="/>
    <POI MapID="25" xpos="-71.8011" ypos="0.48905" zpos="757.765" type="resourcenode.wood.hard" GUID="9HZq5LcSa0KrqozpGJfzMw=="/>
    <POI MapID="25" xpos="-23.5895" ypos="0.426046" zpos="753.493" type="resourcenode.wood.hard" GUID="55ouDxwQp0qyHR5kgunq8g=="/>
    <POI MapID="25" xpos="127.628" ypos="48.2457" zpos="662.794" type="resourcenode.wood.hard" GUID="NuvAqSIdEU6M9h2J8V5Lgw=="/>
    <POI MapID="25" xpos="96.1272" ypos="23.8633" zpos="535.964" type="resourcenode.wood.hard" GUID="zNEH2JMTDkSrsSvxyY/Buw=="/>
    <POI MapID="25" xpos="69.1874" ypos="25.6627" zpos="295.513" type="resourcenode.wood.hard" GUID="KKiTEr+U/UqYQIevIenROQ=="/>
    <POI MapID="25" xpos="66.7243" ypos="32.7388" zpos="-195.657" type="resourcenode.wood.hard" GUID="FZDrvJzU106zo7kPPr6vNA=="/>
    <POI MapID="25" xpos="469.426" ypos="4.66408" zpos="-726.989" type="resourcenode.wood.hard" GUID="VcWC6m3ZQ0Kr+s9GNaJVXQ=="/>
    <POI MapID="25" xpos="532.459" ypos="0.71894" zpos="-724.776" type="resourcenode.wood.hard" GUID="An32f5VyJEmFCa9yFjB5Aw=="/>
    <POI MapID="25" xpos="-512.904" ypos="71.3298" zpos="-1051.85" type="resourcenode.wood.hard" GUID="D8d5pKloPUSkCHvub+lVFQ=="/>
    <POI MapID="25" xpos="-497.72" ypos="48.1979" zpos="-572.005" type="resourcenode.wood.hard" GUID="ZL25NOPQYkOoSID27XCM+w=="/>
    <POI MapID="25" xpos="-401.101" ypos="27.8157" zpos="-314.291" type="resourcenode.wood.hard" GUID="gDa2IT6TikuXVnWe6z3YGA=="/>
    <POI MapID="25" xpos="-269.061" ypos="18.1987" zpos="-167.643" type="resourcenode.wood.hard" GUID="E1T5FG/84UCxqkO88SJElw=="/>
    <POI MapID="25" xpos="-329.448" ypos="38.0982" zpos="-51.5092" type="resourcenode.wood.hard" GUID="Bp27nW+zxUy+b+CFHe2UeQ=="/>
    <POI MapID="25" xpos="-228.816" ypos="53.5427" zpos="-49.6726" type="resourcenode.wood.hard" GUID="WbVSs0Z6REigUC32qyOnGA=="/>
    <POI MapID="22" xpos="-615.108" ypos="43.8029" zpos="-406.132" type="resourcenode.wood.hard" GUID="Vxa0PiT6ikm86AD1J4z47Q=="/>
    <POI MapID="22" xpos="-868.601" ypos="67.4473" zpos="-506.781" type="resourcenode.wood.hard" GUID="U5GI15ZPykK7YuRtqKM6WQ=="/>
    <POI MapID="22" xpos="-874.366" ypos="59.4116" zpos="-464.594" type="resourcenode.wood.hard" GUID="L7C7WtC5eUqIaRSvynAi7Q=="/>
    <POI MapID="22" xpos="-845.75" ypos="45.7771" zpos="-425.214" type="resourcenode.wood.hard" GUID="hHtO1HL41kShN2oVMz3q5A=="/>
    <POI MapID="22" xpos="-643.658" ypos="48.4574" zpos="-212.368" type="resourcenode.wood.hard" GUID="pTHwmXW+8UGkySi4rhomtQ=="/>
    <POI MapID="22" xpos="-739.603" ypos="48.365" zpos="-164.14" type="resourcenode.wood.hard" GUID="/hRY8K2Dbk+Dbu/pI/AccQ=="/>
    <POI MapID="22" xpos="-720.346" ypos="71.2463" zpos="-50.0225" type="resourcenode.wood.hard" GUID="c9FVuQtvt0+IKEZIwBn6qw=="/>
    <POI MapID="22" xpos="-135.504" ypos="17.2043" zpos="236.468" type="resourcenode.wood.hard" GUID="huU1T1/3oEqzGobtY1jqDw=="/>
    <POI MapID="22" xpos="-52.7727" ypos="28.6794" zpos="307.016" type="resourcenode.wood.hard" GUID="d2rCx5bn2UO5iKCq85M5MQ=="/>
    <POI MapID="22" xpos="-261.321" ypos="59.848" zpos="363.093" type="resourcenode.wood.hard" GUID="jcr7h43at0i4AQVQxr2mpQ=="/>
    <POI MapID="22" xpos="-226.103" ypos="84.6977" zpos="325.858" type="resourcenode.wood.hard" GUID="Ydxt617vvkecXW2scg8Ybg=="/>
    <POI MapID="22" xpos="-181.464" ypos="65.0512" zpos="322.276" type="resourcenode.wood.hard" GUID="BCvV5budMU6Cx6aeexg7KA=="/>
    <POI MapID="22" xpos="-174.227" ypos="22.8142" zpos="-274.642" type="resourcenode.wood.hard" GUID="dBfuzZu8X0yJnPgNgOMvqA=="/>
    <POI MapID="22" xpos="-177.427" ypos="17.0084" zpos="-407.587" type="resourcenode.wood.hard" GUID="7eS/XKaXa0qk8PPuI/K1BA=="/>
    <POI MapID="22" xpos="-125.69" ypos="19.7602" zpos="-434.507" type="resourcenode.wood.hard" GUID="9F6+7ydTkUuZZTFGTLlb/g=="/>
    <POI MapID="22" xpos="903.314" ypos="0.914799" zpos="-463.339" type="resourcenode.wood.hard" GUID="qwIi/+bG20OcK2wMHlYQiQ=="/>
    <POI MapID="22" xpos="922.704" ypos="6.29554" zpos="-284.194" type="resourcenode.wood.hard" GUID="79wvcwikBU25eyTinVZ/kQ=="/>
    <POI MapID="22" xpos="791.577" ypos="5.21406" zpos="-181.244" type="resourcenode.wood.hard" GUID="ACIFQrphNUiwLjc54vvpZA=="/>
    <POI MapID="25" xpos="-162.286" ypos="26.5338" zpos="1050.19" type="resourcenode.wood.hard" GUID="KLD/7mBq70aPGQKgO1mQLQ=="/>
    <POI MapID="22" xpos="-760.907" ypos="59.0348" zpos="-721.029" type="resourcenode.wood.hard" GUID="nTvWsxOBzkuwAezWIVoRNw=="/>
    <POI MapID="53" xpos="-386.921" ypos="24.9118" zpos="592.635" type="resourcenode.wood.hard" GUID="H+PYC+/JXEeizjU52oOZLA=="/>
    <POI MapID="53" xpos="-505.848" ypos="44.9222" zpos="616.075" type="resourcenode.wood.hard" GUID="4YEzIDBZcUaJoUMzffti/Q=="/>
    <POI MapID="53" xpos="507.602" ypos="1.65954" zpos="740.544" type="resourcenode.wood.hard" GUID="62JyTHeHb0mQMe4uhZ6p8w=="/>
    <POI MapID="53" xpos="555.994" ypos="6.39109" zpos="784.591" type="resourcenode.wood.hard" GUID="Z3210tmzzUyPDR3s28Z02A=="/>
    <POI MapID="53" xpos="369.062" ypos="2.55419" zpos="774.653" type="resourcenode.wood.hard" GUID="qyBAHUZT6USnmOxcu6zJMA=="/>
    <POI MapID="53" xpos="547.366" ypos="19.9442" zpos="-657.06" type="resourcenode.wood.hard" GUID="/QvVKnetP069J6Zsjbc+9A=="/>
    <POI MapID="53" xpos="444.658" ypos="0.775396" zpos="-650.468" type="resourcenode.wood.hard" GUID="JIDGHvjfyUa/n3PEkwytyQ=="/>
    <POI MapID="53" xpos="446.822" ypos="0.417712" zpos="-603.892" type="resourcenode.wood.hard" GUID="U/vsCqVBYU68vX4E0M642w=="/>
    <POI MapID="53" xpos="374.268" ypos="5.78645" zpos="-509.84" type="resourcenode.wood.hard" GUID="t0c1vr87x0a4//oMihdTSQ=="/>
    <POI MapID="53" xpos="354.325" ypos="0.201315" zpos="-429.297" type="resourcenode.wood.hard" GUID="1Atx/M1Uu06IDBadmUuqoA=="/>
    <POI MapID="53" xpos="-445.57" ypos="4.04258" zpos="-681.202" type="resourcenode.wood.hard" GUID="AIY2eMeRP0OU/1xjZyxUGA=="/>
    <POI MapID="22" xpos="-589.373" ypos="47.1286" zpos="-374.243" type="resourcenode.wood.hard" GUID="2DDrwb7Ra02wAW/AmPTf5A=="/>
    <POI MapID="22" xpos="-620.165" ypos="50.0793" zpos="-362.454" type="resourcenode.wood.hard" GUID="hGrp5SawJUSn5Hxgl3rC2w=="/>
    <POI MapID="22" xpos="-651.129" ypos="47.8384" zpos="-368.279" type="resourcenode.wood.hard" GUID="c8R1urJuxU2jfZaZ1eecuQ=="/>
    <POI MapID="22" xpos="-814.123" ypos="48.3414" zpos="-284.372" type="resourcenode.wood.hard" GUID="ow/eA0iCAEyRs36VOgjCeQ=="/>
    <POI MapID="73" xpos="267.357" ypos="13.3745" zpos="-24.6328" type="resourcenode.wood.hard" GUID="Pp6Hv6TZAk+4SEgi9xPh8A=="/>
    <POI MapID="73" xpos="464.031" ypos="24.9982" zpos="-418.9" type="resourcenode.wood.hard" GUID="PH5SUgqVn0qB3HicTaHB4A=="/>
    <POI MapID="73" xpos="506.219" ypos="23.5977" zpos="-425.874" type="resourcenode.wood.hard" GUID="nQgAdPYfQk+dLg3U+fOTAQ=="/>
    <POI MapID="73" xpos="506.467" ypos="29.3244" zpos="-346.165" type="resourcenode.wood.hard" GUID="mcJyLkkeOUiD9yA6m8wzfA=="/>
    <POI MapID="73" xpos="246.724" ypos="7.10765" zpos="-101.949" type="resourcenode.wood.hard" GUID="ubeJhJku8kSbxNCAP05i2g=="/>
    <POI MapID="25" xpos="-303.687" ypos="14.953" zpos="-760.684" type="resourcenode.wood.hard" GUID="NH3z1Me5N02cH334QQvcIQ=="/>
    <POI MapID="25" xpos="-278.86" ypos="12.1714" zpos="-709.046" type="resourcenode.wood.hard" GUID="CTKwwMLWJEyzKc8fGbuZnQ=="/>
    <POI MapID="25" xpos="-414.254" ypos="36.7525" zpos="-365.087" type="resourcenode.wood.hard" GUID="Q7X/zKmTT0qITtXHxz3nFg=="/>
    <POI MapID="25" xpos="-250.741" ypos="22.2865" zpos="-184.387" type="resourcenode.wood.hard" GUID="QLLmFi/EyUyJd2+RMdtIDw=="/>
    <POI MapID="25" xpos="116.214" ypos="37.0932" zpos="-254.258" type="resourcenode.wood.hard" GUID="itniZJ2PhkWl8TPpB/DYgw=="/>
    <POI MapID="25" xpos="149.178" ypos="32.4548" zpos="-301.276" type="resourcenode.wood.hard" GUID="PxTHeO+EBkeivegmFLEOzg=="/>
    <POI MapID="25" xpos="217.294" ypos="34.8621" zpos="-329.556" type="resourcenode.wood.hard" GUID="WfO5MI8oG0Sn/U0LgETg4Q=="/>
    <POI MapID="25" xpos="8.24867" ypos="18.7725" zpos="-357.152" type="resourcenode.wood.hard" GUID="WvkBTugC0k+aHfacAHiV4Q=="/>
    <POI MapID="25" xpos="120.942" ypos="28.3088" zpos="-7.58965" type="resourcenode.wood.hard" GUID="kORhsDfZ1UCRY/bhQb2LKg=="/>
    <POI MapID="25" xpos="-49.7762" ypos="26.126" zpos="-56.2035" type="resourcenode.wood.hard" GUID="2ZM6SDmntEGyKq0fwOyfwg=="/>
    <POI MapID="25" xpos="-12.611" ypos="7.71288" zpos="63.4753" type="resourcenode.wood.hard" GUID="yvn3oOOrBEO2pEcDBDq3Sg=="/>
    <POI MapID="25" xpos="17.5528" ypos="4.70695" zpos="87.7445" type="resourcenode.wood.hard" GUID="GDBoiJa+/kuqYroR+zoJpQ=="/>
    <POI MapID="25" xpos="-58.5217" ypos="18.1466" zpos="348.764" type="resourcenode.wood.hard" GUID="OamwXCNHH0SKSSVoBITmew=="/>
    <POI MapID="25" xpos="-40.9274" ypos="8.94876" zpos="403.021" type="resourcenode.wood.hard" GUID="7bSA8993c0u5hJcE7ebfQw=="/>
    <POI MapID="25" xpos="-0.538064" ypos="12.0516" zpos="615.135" type="resourcenode.wood.hard" GUID="yKYHc1e0oU+UIC8KJz+GtA=="/>
    <POI MapID="25" xpos="388.074" ypos="24.5676" zpos="-584.803" type="resourcenode.wood.hard" GUID="WmpcEVTEzkmLepe/L9H2ag=="/>
    <POI MapID="25" xpos="483.689" ypos="14.6321" zpos="-810.302" type="resourcenode.wood.hard" GUID="7NFnQcVlDE2ikONPYtuorw=="/>
    <POI MapID="73" xpos="-278.06" ypos="1.87057" zpos="95.6276" type="resourcenode.wood.hard" GUID="OA8AQ0Qc7UuUJ06vwxZKMg=="/>
    <POI MapID="73" xpos="208.359" ypos="18.2153" zpos="-177.021" type="resourcenode.wood.hard" GUID="svi92bT7ik+MkX5gnsh+wQ=="/>
    <POI MapID="73" xpos="293.312" ypos="46.2022" zpos="-245.992" type="resourcenode.wood.hard" GUID="CVg+Q7fsr0GmQ7I/Th4DnA=="/>
    <POI MapID="73" xpos="407.441" ypos="20.0397" zpos="-521.045" type="resourcenode.wood.hard" GUID="nZuPhpyhM0eoHTDbkaSMyQ=="/>
    <POI MapID="73" xpos="464.179" ypos="27.6471" zpos="-558.372" type="resourcenode.wood.hard" GUID="4OdxibhEAkS9F2wAl09SdQ=="/>
    <POI MapID="73" xpos="394.016" ypos="21.6343" zpos="-423.417" type="resourcenode.wood.hard" GUID="CYstU7wYt0KjJJPML90rnQ=="/>
    <POI MapID="73" xpos="383.776" ypos="28.9037" zpos="-390.946" type="resourcenode.wood.hard" GUID="4TXAnC2wfk2mz5tE5pCGsA=="/>
    <POI MapID="73" xpos="414.382" ypos="26.2105" zpos="-396.196" type="resourcenode.wood.hard" GUID="sAc5GaJm+UGhjXIeuFv9aA=="/>
    <POI MapID="73" xpos="535.814" ypos="30.9362" zpos="-301.957" type="resourcenode.wood.hard" GUID="JwUrPI2+eEuldcB4zFtG0w=="/>
    <POI MapID="73" xpos="567.47" ypos="0.21848" zpos="-721.568" type="resourcenode.wood.hard" GUID="a0ZcUXtr/U2hmy1y1gTH/g=="/>
    <POI MapID="73" xpos="571.786" ypos="2.46619" zpos="-755.708" type="resourcenode.wood.hard" GUID="Ym17XfgB8k2jiYo6wcfI6Q=="/>
    <POI MapID="73" xpos="552.382" ypos="1.11165" zpos="-751.887" type="resourcenode.wood.hard" GUID="vhhZoLB1wEW9UQB/QeO1vA=="/>
    <POI MapID="73" xpos="161.759" ypos="5.78427" zpos="113.933" type="resourcenode.wood.hard" GUID="1Yne7AqvU06arrh9ggIrQw=="/>
    <POI MapID="73" xpos="-517.215" ypos="3.29883" zpos="-175.958" type="resourcenode.wood.hard" GUID="rOwcbfjLFEWuXBMwJMkJdQ=="/>
    <POI MapID="73" xpos="350.703" ypos="19.2015" zpos="-458.323" type="resourcenode.wood.hard" GUID="8677hp7uYkWCF+A3N3ZqLw=="/>
    <POI MapID="73" xpos="375.345" ypos="16.5893" zpos="-465.361" type="resourcenode.wood.hard" GUID="myXNvxKOLUym/AFsOvHhDQ=="/>
    <POI MapID="73" xpos="477.74" ypos="22.7457" zpos="-500.42" type="resourcenode.wood.hard" GUID="WnvsQ2yR6kqlW075pnB4pw=="/>
    <POI MapID="73" xpos="508.431" ypos="23.834" zpos="-556.573" type="resourcenode.wood.hard" GUID="CH7LpUwwOku6/iNn+GSMtg=="/>
    <POI MapID="73" xpos="536.438" ypos="24.5386" zpos="-474.976" type="resourcenode.wood.hard" GUID="Bn0X2L2ZNEu3+9dIm9L7Fg=="/>
    <POI MapID="73" xpos="484.731" ypos="23.7159" zpos="-636.274" type="resourcenode.wood.hard" GUID="JA4a30zEjkmF0wq/hQIONg=="/>
    <POI MapID="73" xpos="458.371" ypos="26.1888" zpos="-593.335" type="resourcenode.wood.hard" GUID="T6LbFxoFH0GA4e4pFQROtg=="/>
    <POI MapID="73" xpos="479.453" ypos="24.6114" zpos="-598.887" type="resourcenode.wood.hard" GUID="i+dXYuuC4kmdxSXRPz+Onw=="/>
    <POI MapID="73" xpos="157.387" ypos="2.566" zpos="-39.1271" type="resourcenode.wood.hard" GUID="femZzMbLMU2UmhmTiQpF2A=="/>
    <POI MapID="73" xpos="496.746" ypos="23.3291" zpos="519.659" type="resourcenode.wood.hard" GUID="MbDFjOr4XUmkQqy6K4qNFQ=="/>
    <POI MapID="22" xpos="-612.871" ypos="54.2054" zpos="-302.44" type="resourcenode.wood.hard" GUID="J63T6E0RAk2YpDalVCzufQ=="/>
    <POI MapID="22" xpos="-509.446" ypos="48.4936" zpos="-256.884" type="resourcenode.wood.hard" GUID="3DrU6cEwx0uHKow0LNTfyQ=="/>
    <POI MapID="22" xpos="-223.515" ypos="24.6175" zpos="-358.189" type="resourcenode.wood.hard" GUID="af5StXCOWEWbJGxsU6xUrg=="/>
    <POI MapID="22" xpos="-474.64" ypos="63.1849" zpos="-634.154" type="resourcenode.wood.hard" GUID="ppe17FY6l06U0zbuSl5hKA=="/>
    <POI MapID="22" xpos="-441.478" ypos="47.614" zpos="-715.037" type="resourcenode.wood.hard" GUID="Evaq7ElsNk6osXfMTFlBug=="/>
    <POI MapID="22" xpos="-101.704" ypos="58.182" zpos="-144.443" type="resourcenode.wood.hard" GUID="7mgtr5V2oUaL63u6U+L0iA=="/>
    <POI MapID="22" xpos="-125.505" ypos="66.3916" zpos="-81.1034" type="resourcenode.wood.hard" GUID="HNeWE/5n10Wn2MQ2ItrfeQ=="/>
    <POI MapID="22" xpos="117.501" ypos="33.6458" zpos="-190.801" type="resourcenode.wood.hard" GUID="oGwUXcVyPUiF3EW5WTzWAA=="/>
    <POI MapID="22" xpos="209.267" ypos="7.89674" zpos="-357.265" type="resourcenode.wood.hard" GUID="zX/AJR2FDEuTfANrOTKoTw=="/>
    <POI MapID="22" xpos="219.798" ypos="0.750988" zpos="-438.538" type="resourcenode.wood.hard" GUID="bMOWpLxY4EiUOKPfu1xwPw=="/>
    <POI MapID="25" xpos="-98.1737" ypos="18.6613" zpos="-746.655" type="resourcenode.wood.hard" GUID="Yoeg/oh66UiELxBtvEVp6g=="/>
    <POI MapID="53" xpos="-405.078" ypos="26.0504" zpos="345.942" type="resourcenode.wood.hard" GUID="JlGosU8MSUGIvTbrIkg6VA=="/>
    <POI MapID="39" xpos="-909.473" ypos="79.3034" zpos="303.671" type="resourcenode.wood.hard" GUID="KxFKKr3UOU+LEH55g4gB2w=="/>
    <POI MapID="39" xpos="-849.434" ypos="62.6382" zpos="298.174" type="resourcenode.wood.hard" GUID="6e+UVP4Vd0OvY95k2fG0QQ=="/>
    <POI MapID="53" xpos="-465.942" ypos="32.4182" zpos="661.435" type="resourcenode.wood.hard" GUID="4/R3VLjp7k+E4pjBBJl1QA=="/>
    <POI MapID="29" xpos="446.306" ypos="9.42501" zpos="251.189" type="resourcenode.wood.hard" GUID="i8108K8u2EKmQMeVDT7juQ=="/>
    <POI MapID="29" xpos="514.723" ypos="5.7806" zpos="32.0469" type="resourcenode.wood.hard" GUID="LX+o9ynoVE6rU8dsp9rwQg=="/>
    <POI MapID="29" xpos="500.175" ypos="15.185" zpos="-349.201" type="resourcenode.wood.hard" GUID="aqy5yc5FA0KQnhzrhYt3CQ=="/>
    <POI MapID="29" xpos="327.196" ypos="0.395784" zpos="-665.171" type="resourcenode.wood.hard" GUID="Sxn10Qr1ikmlDuMjtzMQsQ=="/>
    <POI MapID="29" xpos="2.55915" ypos="19.8084" zpos="-679.219" type="resourcenode.wood.hard" GUID="L833dNhUVkStL7eDbycZMw=="/>
    <POI MapID="29" xpos="-65.1488" ypos="9.50914" zpos="-610.841" type="resourcenode.wood.hard" GUID="OMrjkGJuDkyW8OViDxTS6A=="/>
    <POI MapID="29" xpos="-83.2097" ypos="16.3377" zpos="-632.078" type="resourcenode.wood.hard" GUID="TfwFqi+DcUCZZhnp3DtXBQ=="/>
    <POI MapID="29" xpos="-310.334" ypos="0.58311" zpos="-555.43" type="resourcenode.wood.hard" GUID="qq4wiyiAcUOg7uQIPvuiEg=="/>
    <POI MapID="29" xpos="-274.065" ypos="15.2924" zpos="-498.384" type="resourcenode.wood.hard" GUID="jV2HV1zfj0qCZAHSnbxFFw=="/>
    <POI MapID="29" xpos="-529.506" ypos="9.6031" zpos="-640.165" type="resourcenode.wood.hard" GUID="Ujuv2CVrkkKqrrly5h/FIA=="/>
    <POI MapID="29" xpos="-274.013" ypos="12.1966" zpos="-262.975" type="resourcenode.wood.hard" GUID="5SYnuKH9zkWFhZE/S4SYYQ=="/>
    <POI MapID="29" xpos="-462.274" ypos="18.5324" zpos="-181.838" type="resourcenode.wood.hard" GUID="PE9e7rlxhE6oWwR7S6/rSA=="/>
    <POI MapID="29" xpos="-463.696" ypos="7.55116" zpos="-78.7947" type="resourcenode.wood.hard" GUID="HGhuJAyJT0aHW4GHp07h7w=="/>
    <POI MapID="29" xpos="-444.561" ypos="8.13834" zpos="16.0797" type="resourcenode.wood.hard" GUID="AGa3/tUf6U2e9w/qQy7SAA=="/>
    <POI MapID="29" xpos="-521.632" ypos="50.1381" zpos="163.806" type="resourcenode.wood.hard" GUID="09nNr7mZi06x9AWmGKf8cQ=="/>
    <POI MapID="29" xpos="-499.873" ypos="45.2046" zpos="21.7548" type="resourcenode.wood.hard" GUID="j6l0l0uxL0KJrpMM4/IBaQ=="/>
    <POI MapID="29" xpos="-495.643" ypos="42.3644" zpos="34.7766" type="resourcenode.wood.hard" GUID="XxA0AZNhTkeBd7hlENxWDA=="/>
    <POI MapID="29" xpos="7.92144" ypos="11.261" zpos="-470.686" type="resourcenode.wood.hard" GUID="RBGcnlFfK0aIyhh3NR7IXQ=="/>
    <POI MapID="29" xpos="-9.50389" ypos="30.541" zpos="-361.831" type="resourcenode.wood.hard" GUID="+Ybd61gAWUSGQdPZAFpAPg=="/>
    <POI MapID="29" xpos="207.279" ypos="1.5495" zpos="-283.633" type="resourcenode.wood.hard" GUID="bwVxs9xhHUm7LeH/oH9/gg=="/>
    <POI MapID="29" xpos="292.432" ypos="9.96823" zpos="86.2086" type="resourcenode.wood.hard" GUID="cBmpHLdrgEi5/mh2mw0o9A=="/>
    <POI MapID="29" xpos="267.516" ypos="0.86003" zpos="165.256" type="resourcenode.wood.hard" GUID="zd6KW++ovUiywnLWKcLTlQ=="/>
    <POI MapID="53" xpos="587.33" ypos="40.313" zpos="-8.48858" type="resourcenode.wood.hard" GUID="eIy+FfkM9UuWfbs3KSb/oA=="/>
    <POI MapID="53" xpos="518.574" ypos="27.9445" zpos="-29.6856" type="resourcenode.wood.hard" GUID="9XMdiTvjGUWio6quw8cyjQ=="/>
    <POI MapID="53" xpos="472.858" ypos="39.0523" zpos="-95.315" type="resourcenode.wood.hard" GUID="AlyvDyBzs0qcem4Lsxmo0A=="/>
    <POI MapID="53" xpos="395.237" ypos="20.8456" zpos="-184.69" type="resourcenode.wood.hard" GUID="MpSlTgca6EyXaqO6h/ESBQ=="/>
    <POI MapID="53" xpos="336.726" ypos="7.0498" zpos="-156.378" type="resourcenode.wood.hard" GUID="kGXFGgBau066bMgqrItRBA=="/>
    <POI MapID="53" xpos="-46.9875" ypos="18.2051" zpos="-137.17" type="resourcenode.wood.hard" GUID="W7EzgsZdRkKATek19LUiuQ=="/>
    <POI MapID="73" xpos="562.643" ypos="29.9426" zpos="121.757" type="resourcenode.wood.hard" GUID="VYD9Xl7fEEWWn6mjb5G+vw=="/>
    <POI MapID="73" xpos="602.815" ypos="28.9872" zpos="150.89" type="resourcenode.wood.hard" GUID="nKJaHVhPfkeRDsL+GfynQA=="/>
    <POI MapID="73" xpos="636.567" ypos="27.5488" zpos="164.186" type="resourcenode.wood.hard" GUID="iFL7b3aLwkGsRTyAIRX8uQ=="/>
    <POI MapID="73" xpos="283.871" ypos="1.40325" zpos="480.717" type="resourcenode.wood.hard" GUID="/aXpQ5Iw+E6UX74cBHhtSw=="/>
    <POI MapID="73" xpos="442.935" ypos="21.0112" zpos="-672.084" type="resourcenode.wood.hard" GUID="9ks03u9y6k+sC/oyeS/hIw=="/>
    <POI MapID="73" xpos="396.046" ypos="23.7605" zpos="-411.415" type="resourcenode.wood.hard" GUID="BGszfyuQNUCYLhlGLKZXwA=="/>
    <POI MapID="73" xpos="94.2155" ypos="50.0132" zpos="-446.306" type="resourcenode.wood.hard" GUID="RdeMhVNCw0abBKYYmiyJ+g=="/>
    <POI MapID="22" xpos="-651.355" ypos="43.1647" zpos="-417.047" type="resourcenode.wood.hard" GUID="Nl63piemqECWkECc/UuQLQ=="/>
    <POI MapID="22" xpos="-412.928" ypos="50.9705" zpos="-332.744" type="resourcenode.wood.hard" GUID="OvZA7EatMUOo/VATI/RhcA=="/>
    <POI MapID="25" xpos="-90.9117" ypos="6.04243" zpos="454.239" type="resourcenode.wood.hard" GUID="gZMjldKS5Ea9QQLn8javYA=="/>
    <POI MapID="25" xpos="45.7424" ypos="12.8493" zpos="166.661" type="resourcenode.wood.hard" GUID="OvKy6q9SD0uVSfBGItOJVg=="/>
    <POI MapID="25" xpos="-70.9277" ypos="3.61891" zpos="58.0336" type="resourcenode.wood.hard" GUID="H8Tql/dLxU6h3vfY/thTjg=="/>
    <POI MapID="25" xpos="-136.167" ypos="12.4751" zpos="184.781" type="resourcenode.wood.hard" GUID="IpzoD+RIYUKKwrf8SZnSYA=="/>
    <POI MapID="25" xpos="-205.917" ypos="3.96509" zpos="23.2371" type="resourcenode.wood.hard" GUID="emhI1GjFHkeehihy9Wg5+g=="/>
    <POI MapID="25" xpos="-280.57" ypos="46.9055" zpos="-36.7957" type="resourcenode.wood.hard" GUID="R2/T+ZBYtUysTWDJUPK7yA=="/>
    <POI MapID="25" xpos="-327.396" ypos="38.1975" zpos="-52.3136" type="resourcenode.wood.hard" GUID="3s77HCk2Q06ndLMioUjzgg=="/>
    <POI MapID="25" xpos="204.454" ypos="12.5081" zpos="-38.7954" type="resourcenode.wood.hard" GUID="bYBm6OoHwEuqG9E5fnN93g=="/>
    <POI MapID="25" xpos="-519.708" ypos="72.575" zpos="-1061.8" type="resourcenode.wood.hard" GUID="fkc3RMS61EauuiZvIvkfCQ=="/>
    <POI MapID="25" xpos="-387.424" ypos="27.4628" zpos="-258.465" type="resourcenode.wood.hard" GUID="86mF2tBJBE20jgZ0KRyxmw=="/>
    <POI MapID="25" xpos="-385.793" ypos="22.0314" zpos="139.452" type="resourcenode.wood.hard" GUID="9VKuysBGekuxy/oEEqw+uQ=="/>
    <POI MapID="25" xpos="-387.648" ypos="3.36422" zpos="225.204" type="resourcenode.wood.hard" GUID="4B7fB5cEikKEp0+68St67g=="/>
    <POI MapID="25" xpos="-443.826" ypos="13.8971" zpos="352.272" type="resourcenode.wood.hard" GUID="x+RdzHusKkayZj2U1bbIeA=="/>
    <POI MapID="25" xpos="-496.48" ypos="4.53847" zpos="472.476" type="resourcenode.wood.hard" GUID="eScQ6GD72EGI8J5XvQ9ihw=="/>
    <POI MapID="873" xpos="-27.5502" ypos="37.3978" zpos="-108.803" type="resourcenode.wood.hard" GUID="2HpTSQNO60W146cnGHc20A=="/>
    <POI MapID="30" xpos="124.412" ypos="51.9816" zpos="-113.698" type="resourcenode.wood.hard" GUID="owbF04a0q0GNbQkMOu3/jg=="/>
    <POI MapID="30" xpos="80.7137" ypos="23.5136" zpos="-131.468" type="resourcenode.wood.hard" GUID="TY11Vr7NWU+IMluMFD/v9Q=="/>
    <POI MapID="30" xpos="76.008" ypos="3.71297" zpos="-65.6432" type="resourcenode.wood.hard" GUID="cHZZRwd9W0iPRItynjRr8A=="/>
    <POI MapID="73" xpos="62.5151" ypos="54.7727" zpos="-473.007" type="resourcenode.wood.hard" GUID="9wAaZTqueU+XTm1QR0UMOw=="/>
    <POI MapID="73" xpos="466.324" ypos="22.6937" zpos="-457.689" type="resourcenode.wood.hard" GUID="iWc+6X89bEKOZ8+EGlt3Fg=="/>
    <POI MapID="73" xpos="-44.3512" ypos="2.67097" zpos="711.088" type="resourcenode.wood.hard" GUID="MmxSvYSqBU6GVzF5WsTVTg=="/>
    <POI MapID="73" xpos="171.439" ypos="12.2382" zpos="960.322" type="resourcenode.wood.hard" GUID="FrgBKKOt4k+vbozBabbEQQ=="/>
    <POI MapID="73" xpos="203.235" ypos="14.2041" zpos="691.417" type="resourcenode.wood.hard" GUID="u+FocEJij0SupKMzjUwrQQ=="/>
    <POI MapID="53" xpos="-558.609" ypos="1.2195" zpos="22.9902" type="resourcenode.wood.hard" GUID="uc+RaNdk7EmbJtese2B4mA=="/>
    <POI MapID="53" xpos="-621.258" ypos="7.95577" zpos="-71.4536" type="resourcenode.wood.hard" GUID="CPOYY5/yUEGEr1noZaZmLQ=="/>
    <POI MapID="53" xpos="-605.662" ypos="7.85566" zpos="-132.386" type="resourcenode.wood.hard" GUID="/DAg1TwgoEKAQ/HD/lGscw=="/>
    <POI MapID="73" xpos="673.462" ypos="43.9901" zpos="85.8584" type="resourcenode.wood.hard" GUID="pDBK95vFoE+DeJWGTwZG6g=="/>
    <POI MapID="73" xpos="45.4306" ypos="54.3229" zpos="-462.857" type="resourcenode.wood.hard" GUID="xqs9BIlD7kGgibWxpUE+Pg=="/>
    <POI MapID="73" xpos="441.829" ypos="22.3141" zpos="-444.857" type="resourcenode.wood.hard" GUID="+Tcc6474NEi/7hXyLjDmrA=="/>
    <POI MapID="73" xpos="433.865" ypos="26.2788" zpos="36.7622" type="resourcenode.wood.hard" GUID="8CGtrYbzHEqJyU2L68Vh2Q=="/>
    <POI MapID="73" xpos="653.323" ypos="21.6678" zpos="186.658" type="resourcenode.wood.hard" GUID="00RplGHhGUGD64w/cAYDbQ=="/>
    <POI MapID="73" xpos="683.041" ypos="23.3053" zpos="182.435" type="resourcenode.wood.hard" GUID="GNxcU0LWsUmkfgv+3owrFg=="/>
    <POI MapID="73" xpos="692.976" ypos="15.5453" zpos="229.589" type="resourcenode.wood.hard" GUID="0JFI+t8bX0uAiQsezLxH7w=="/>
    <POI MapID="73" xpos="299.632" ypos="11.082" zpos="-24.7618" type="resourcenode.wood.hard" GUID="CRC98O7cc0KIAe6I+Nkp+A=="/>
    <POI MapID="73" xpos="338.048" ypos="21.0991" zpos="-495.633" type="resourcenode.wood.hard" GUID="l/OlnoJ9UEaiwmGYx3w+Vw=="/>
    <POI MapID="73" xpos="505.086" ypos="23.5686" zpos="525.8" type="resourcenode.wood.hard" GUID="Q1is4xvKC0S4D3R15J3PjQ=="/>
    <POI MapID="22" xpos="-269.933" ypos="31.7566" zpos="-283.359" type="resourcenode.wood.hard" GUID="oPL+tWXszUSjf7Wvc17HIA=="/>
    <POI MapID="22" xpos="-74.5511" ypos="27.6973" zpos="-250.197" type="resourcenode.wood.hard" GUID="etYmPHhl8Ue3H4Gg5AVNxw=="/>
    <POI MapID="22" xpos="168.264" ypos="21.2925" zpos="-265.26" type="resourcenode.wood.hard" GUID="dW2cVVnqdkiWYWD3c55QgQ=="/>
    <POI MapID="25" xpos="-151.896" ypos="10.0216" zpos="629.879" type="resourcenode.wood.hard" GUID="03wMZSBOq0ics5Tt9Sa7eQ=="/>
    <POI MapID="25" xpos="-169.482" ypos="2.33899" zpos="597.572" type="resourcenode.wood.hard" GUID="lQ7u+qS1GkSUeyPX56ZZZQ=="/>
    <POI MapID="25" xpos="-210.99" ypos="0.175221" zpos="583.631" type="resourcenode.wood.hard" GUID="0yuiM0NwiEGh1t10gMp7lQ=="/>
    <POI MapID="25" xpos="-268.776" ypos="6.99176" zpos="527.424" type="resourcenode.wood.hard" GUID="KoOHm4D8qE2MpPBU+FMj9Q=="/>
    <POI MapID="25" xpos="-302.79" ypos="13.4186" zpos="504.076" type="resourcenode.wood.hard" GUID="JmaUymhSgE2aTA7OhFInfA=="/>
    <POI MapID="25" xpos="-417.631" ypos="8.82721" zpos="516.876" type="resourcenode.wood.hard" GUID="+72dW1+Aj0e2T6tiD8Nltg=="/>
    <POI MapID="25" xpos="-504.31" ypos="6.1481" zpos="476.401" type="resourcenode.wood.hard" GUID="FlsnvRSYzUiTAJL6xMkwlw=="/>
    <POI MapID="25" xpos="-278.852" ypos="36.1614" zpos="918.554" type="resourcenode.wood.hard" GUID="wg0KsbA+D0yiZ9YlXcu8XA=="/>
    <POI MapID="25" xpos="-376.68" ypos="49.3862" zpos="978.271" type="resourcenode.wood.hard" GUID="Nj6dxckLmU+XJNlevDis1A=="/>
    <POI MapID="25" xpos="-325.679" ypos="53.5688" zpos="1032.32" type="resourcenode.wood.hard" GUID="lBLZMwQh+0uXZLaJlxSK9w=="/>
    <POI MapID="25" xpos="-75.2087" ypos="3.36045" zpos="85.8906" type="resourcenode.wood.hard" GUID="ePClpNb6sE2XNpEwWcUCUw=="/>
    <POI MapID="25" xpos="-192.155" ypos="11.8481" zpos="-6.38315" type="resourcenode.wood.hard" GUID="hIGFOQv/y0mGRj79ivep4w=="/>
    <POI MapID="25" xpos="-282.224" ypos="13.3471" zpos="-732.119" type="resourcenode.wood.hard" GUID="FMyhj10pUke4r8BhJ6VSKg=="/>
    <POI MapID="25" xpos="419.403" ypos="16.9151" zpos="-530.517" type="resourcenode.wood.hard" GUID="oXKWcL4Aq0OdfRESTUh5Ew=="/>
    <POI MapID="73" xpos="-42.7349" ypos="3.75673" zpos="453.014" type="resourcenode.wood.hard" GUID="IFIxUJYFLEGVLOlDVqtbsQ=="/>
    <POI MapID="73" xpos="19.0435" ypos="24.6267" zpos="484.752" type="resourcenode.wood.hard" GUID="8WpWjzI8iEadSTx2Ik1NOQ=="/>
    <POI MapID="73" xpos="35.8648" ypos="47.356" zpos="583.596" type="resourcenode.wood.hard" GUID="HdJ6sUE2I0mHPSyjUMby6w=="/>
    <POI MapID="73" xpos="-118.96" ypos="60.1207" zpos="607.102" type="resourcenode.wood.hard" GUID="Y0bJFfXtDEy5c8V45mBuyQ=="/>
    <POI MapID="73" xpos="-507.666" ypos="8.19092" zpos="-88.224" type="resourcenode.wood.hard" GUID="QlRZ4ol5ZUmbnfxU21YjUA=="/>
    <POI MapID="73" xpos="322.528" ypos="4.87731" zpos="-809.178" type="resourcenode.wood.hard" GUID="DBmibkODz0W9q1a87rwabQ=="/>
    <POI MapID="73" xpos="432.229" ypos="23.3268" zpos="-475.855" type="resourcenode.wood.hard" GUID="Dr/+4o9GxEeyTwcydr6sBw=="/>
    <POI MapID="73" xpos="518.075" ypos="30.4588" zpos="-384.647" type="resourcenode.wood.hard" GUID="lU9BzsPD6Uu2MwcMo0eZ4A=="/>
    <POI MapID="73" xpos="350.459" ypos="33.4283" zpos="41.5505" type="resourcenode.wood.hard" GUID="iMnGRCF9v0idgB8bFoY2RQ=="/>
    <POI MapID="53" xpos="-370.992" ypos="13.7876" zpos="457.24" type="resourcenode.wood.hard" GUID="h4QKWHL2KkmSvYrReZJeDA=="/>
    <POI MapID="53" xpos="-418.402" ypos="26.7471" zpos="429.921" type="resourcenode.wood.hard" GUID="NnAAI3ZVyUGyGHh7QUZOgQ=="/>
    <POI MapID="53" xpos="-655.586" ypos="2.80323" zpos="-220.058" type="resourcenode.wood.hard" GUID="CL0znPSfU0u87DLjwxXOBw=="/>
    <POI MapID="73" xpos="528.29" ypos="24.5366" zpos="-463.636" type="resourcenode.wood.hard" GUID="jqtG6MtI60qN0/TFRTZcug=="/>
    <POI MapID="73" xpos="644.659" ypos="60.7082" zpos="39.3935" type="resourcenode.wood.hard" GUID="726HWj+9kUO6t7Aic+sQMA=="/>
    <POI MapID="53" xpos="452.125" ypos="21.1225" zpos="-168.126" type="resourcenode.wood.hard" GUID="fKUd80USiUaXrkWd62Q+lQ=="/>
    <POI MapID="53" xpos="120.218" ypos="11.7945" zpos="-47.8855" type="resourcenode.wood.hard" GUID="SJFYGp+TwEC25nlogLN05w=="/>
    <POI MapID="53" xpos="-64.4071" ypos="18.2551" zpos="273.25" type="resourcenode.wood.hard" GUID="C/9v3XkEAUewcorST21HZA=="/>
    <POI MapID="53" xpos="-27.3522" ypos="22.7821" zpos="294.935" type="resourcenode.wood.hard" GUID="YPAQsn1KMkKjyXzz6DCSPg=="/>
    <POI MapID="25" xpos="73.1588" ypos="22.1052" zpos="39.6184" type="resourcenode.wood.hard" GUID="mNamqnv86EGoCI0Iz50p/Q=="/>
    <POI MapID="39" xpos="-781.688" ypos="27.6057" zpos="-206.063" type="resourcenode.wood.hard" GUID="Q2ElbRVwbE2jlV2p3P3bzg=="/>
    <POI MapID="39" xpos="-1012.85" ypos="15.1187" zpos="310.541" type="resourcenode.wood.hard" GUID="WZCg8yL6ak639bKbxP2THg=="/>
    <POI MapID="39" xpos="-85.9738" ypos="11.8244" zpos="624.47" type="resourcenode.wood.hard" GUID="ByhF+5AVPkaLMiKC47c1nA=="/>
    <POI MapID="39" xpos="289.444" ypos="7.83701" zpos="317.641" type="resourcenode.wood.hard" GUID="cHEI/5poNk6VIKKQj4sSLQ=="/>
    <POI MapID="39" xpos="284.938" ypos="4.74485" zpos="193.665" type="resourcenode.wood.hard" GUID="r1wuC99lyk21KyzG7bzRAw=="/>
    <POI MapID="39" xpos="325.861" ypos="1.28776" zpos="195.089" type="resourcenode.wood.hard" GUID="lBq4ETIGzkyH166HLuA22w=="/>
    <POI MapID="39" xpos="363.195" ypos="13.6708" zpos="123.94" type="resourcenode.wood.hard" GUID="D30ubxjes0eN/8IMjXfP1g=="/>
    <POI MapID="39" xpos="342.438" ypos="9.89957" zpos="118.293" type="resourcenode.wood.hard" GUID="VJ8oVm/zyEuygNPvMQQlVQ=="/>
    <POI MapID="39" xpos="775.439" ypos="14.3405" zpos="-600.387" type="resourcenode.wood.hard" GUID="/h6qJ/P9yk6MOutSHcbGIA=="/>
    <POI MapID="39" xpos="378.679" ypos="10.3172" zpos="-594.62" type="resourcenode.wood.hard" GUID="jDroZO1WnUiXnqQ6EQAO4g=="/>
    <POI MapID="73" xpos="-558.521" ypos="33.3555" zpos="-707.163" type="resourcenode.wood.hard" GUID="yzadRKBZ6UmRW0ZONuDpIw=="/>
    <POI MapID="73" xpos="-505.81" ypos="20.0271" zpos="-632.515" type="resourcenode.wood.hard" GUID="zxBUZD4XGUmlgeiiXQ5EWA=="/>
    <POI MapID="73" xpos="-561.388" ypos="48.0748" zpos="-521.179" type="resourcenode.wood.hard" GUID="3IG1MR2jTUGKQguxxfALJQ=="/>
    <POI MapID="1165" xpos="197.239" ypos="694.141" zpos="-136.803" type="resourcenode.wood.hard" GUID="CLqB4tuolEiAugJPuMUI1Q=="/>
    <POI MapID="22" xpos="73.1823" ypos="19.8608" zpos="-316.39" type="resourcenode.wood.hard" GUID="OnU2I2KQB0m0f8VKs53DOg=="/>
    <POI MapID="22" xpos="99.0661" ypos="20.9835" zpos="-350.499" type="resourcenode.wood.hard" GUID="ggCb4MNFvkKQW9V6GEOL6w=="/>
    <POI MapID="22" xpos="-743.755" ypos="64.2088" zpos="-259.679" type="resourcenode.wood.hard" GUID="ZKrfFkuJGkyOaCkTA7PncA=="/>
    <POI MapID="25" xpos="-490.563" ypos="13.3761" zpos="412.896" type="resourcenode.wood.hard" GUID="kdIQrDPDKUWRe4dICQNpZQ=="/>
    <POI MapID="25" xpos="-346.212" ypos="23.3044" zpos="530.123" type="resourcenode.wood.hard" GUID="qwPK3toqf0qKCCNYRGTZUg=="/>
    <POI MapID="29" xpos="-64.1697" ypos="27.8491" zpos="-680.141" type="resourcenode.wood.hard" GUID="JhnvSTSR30mdPTbtuiIrqQ=="/>
    <POI MapID="29" xpos="-110.49" ypos="22.9081" zpos="-635.346" type="resourcenode.wood.hard" GUID="ZSztGGtsgEqqrmnZVRnxww=="/>
    <POI MapID="22" xpos="-809.369" ypos="66.5379" zpos="-51.8063" type="resourcenode.wood.hard" GUID="UhE5aRIwOki/hyJFXFifRQ=="/>
    <POI MapID="22" xpos="-692.425" ypos="50.1991" zpos="-150.725" type="resourcenode.wood.hard" GUID="t0nyYqZAfUmvZo4smiaZqg=="/>
    <POI MapID="22" xpos="-594.549" ypos="53.9889" zpos="-306.987" type="resourcenode.wood.hard" GUID="9GUP4+JUGkiN6aN3E1vXYg=="/>
    <POI MapID="53" xpos="-310.489" ypos="34.3002" zpos="259.464" type="resourcenode.wood.hard" GUID="HWwOeYnIpEyLL2ZPMv1uTQ=="/>
    <POI MapID="53" xpos="-61.6512" ypos="18.799" zpos="-123.988" type="resourcenode.wood.hard" GUID="njROnOt3Q0S/G7vxbVumbQ=="/>
    <POI MapID="53" xpos="140.021" ypos="7.69259" zpos="-346.117" type="resourcenode.wood.hard" GUID="5w8rQQLRdk2xeHldzt79sA=="/>
    <POI MapID="53" xpos="160.332" ypos="0.493287" zpos="710.723" type="resourcenode.wood.hard" GUID="xumNx1T750C4+xTcg/yZpw=="/>
    <POI MapID="53" xpos="-437.789" ypos="34.1038" zpos="556.173" type="resourcenode.wood.hard" GUID="KBvGh/mF3kqt4yAUP0lNXg=="/>
    <POI MapID="53" xpos="469.486" ypos="54.3273" zpos="431.997" type="resourcenode.wood.hard" GUID="Vvjeo1oHik+kDYaviCs4mg=="/>
    <POI MapID="53" xpos="247.194" ypos="11.324" zpos="279.554" type="resourcenode.wood.hard" GUID="UOXnkbE99UyuMntmU9GORw=="/>
    <POI MapID="53" xpos="70.8056" ypos="3.26414" zpos="-42.736" type="resourcenode.wood.hard" GUID="ZTx3QF8cbUSrpbqyGVThEA=="/>
    <POI MapID="53" xpos="-435.103" ypos="2.13352" zpos="-343.619" type="resourcenode.wood.hard" GUID="HicrLOk7NkuHho84cOOhNg=="/>
    <POI MapID="53" xpos="-221.548" ypos="31.1918" zpos="-411.367" type="resourcenode.wood.hard" GUID="pTEZEFXZiUS9IECuYDLFYA=="/>
    <POI MapID="53" xpos="-248.613" ypos="34.008" zpos="-445.94" type="resourcenode.wood.hard" GUID="4EzkSSEdgkqpGRJUdKBpig=="/>
    <POI MapID="29" xpos="23.4927" ypos="42.5426" zpos="-17.4685" type="resourcenode.wood.hard" GUID="Jno5nJLlOEG0QmozaqxptQ=="/>
    <POI MapID="29" xpos="-19.7034" ypos="42.174" zpos="-43.6178" type="resourcenode.wood.hard" GUID="GqjcwTqgS0KUBlrvYhdiEg=="/>
    <POI MapID="968" xpos="-42.5521" ypos="167.167" zpos="-26.2621" type="resourcenode.wood.hard" GUID="KqSzY3zZ6kGayq4YIpctUg=="/>
    <POI MapID="968" xpos="-62.5289" ypos="168.169" zpos="-26.3898" type="resourcenode.wood.hard" GUID="6+ETFlCPtEyBW/Zf/VQ5Gg=="/>
    <POI MapID="25" xpos="453.192" ypos="7.43788" zpos="-640.356" type="resourcenode.wood.hard" GUID="4JaFI1+/j067g3BWpHvdMw=="/>
    <POI MapID="73" xpos="597.888" ypos="34.0532" zpos="884.167" type="resourcenode.wood.hard" GUID="d9ltUUGpj0mGaO+6j2FUiA=="/>
    <POI MapID="73" xpos="52.978" ypos="33.0955" zpos="500.151" type="resourcenode.wood.hard" GUID="i40dFaT6skSuZxTheIMwwA=="/>
    <POI MapID="73" xpos="21.4137" ypos="20.5674" zpos="532.574" type="resourcenode.wood.hard" GUID="mbrJfF8hJ0O4yKMj3eOOKQ=="/>
    <POI MapID="73" xpos="-160.935" ypos="10.2467" zpos="133.552" type="resourcenode.wood.hard" GUID="XVlo2vmKpE+9dCjQPAx/2w=="/>
    <POI MapID="73" xpos="496.029" ypos="10.9036" zpos="-767.642" type="resourcenode.wood.hard" GUID="ZLkxw1F1CkqAhLy2e5hphw=="/>
    <POI MapID="73" xpos="346.857" ypos="11.2388" zpos="-834.536" type="resourcenode.wood.hard" GUID="8SfWEUAvf0idjvUb+pM5Yw=="/>
    <POI MapID="39" xpos="611.103" ypos="37.3359" zpos="-589.057" type="resourcenode.wood.hard" GUID="b/U2XO2iEke3FbpgSw0XbQ=="/>
    <POI MapID="39" xpos="749.905" ypos="36.1479" zpos="-630.974" type="resourcenode.wood.hard" GUID="Q4S7Bw7PBUmQ3zBh4yANpg=="/>
    <POI MapID="39" xpos="1055.98" ypos="1.71838" zpos="-550.719" type="resourcenode.wood.hard" GUID="DWXiqVXT3kSFYa1JdtE8hQ=="/>
    <POI MapID="73" xpos="-572.408" ypos="34.8138" zpos="-673.615" type="resourcenode.wood.hard" GUID="suTEPi0P7ku5c3b3cxp3VQ=="/>
    <POI MapID="968" xpos="59.1899" ypos="144.24" zpos="121.001" type="resourcenode.wood.hard" GUID="hd6D1RkQa0qiZ0Y4xusDsQ=="/>
    <POI MapID="29" xpos="230.207" ypos="35.9144" zpos="586.107" type="resourcenode.wood.hard" GUID="tEiAZjSbO0CUmwFuem53tw=="/>
    <POI MapID="53" xpos="-411.075" ypos="0.300544" zpos="-885.174" type="resourcenode.wood.hard" GUID="G58zAbnzH0+zjg55pGDoZw=="/>
    <POI MapID="39" xpos="-852.139" ypos="25.0025" zpos="-253.858" type="resourcenode.wood.hard" GUID="3bx5XsDIGEGXuMCfjYxdDg=="/>
    <POI MapID="39" xpos="-885.445" ypos="25.8195" zpos="-235.691" type="resourcenode.wood.hard" GUID="iDePlpWgn0ueUCZJ5aJvCQ=="/>
    <POI MapID="53" xpos="-1.27526" ypos="37.7959" zpos="-823.731" type="resourcenode.wood.hard" GUID="FATufWQakkKFP2/ggbQlJA=="/>
    <POI MapID="73" xpos="448.302" ypos="16.4061" zpos="-636.598" type="resourcenode.wood.hard" GUID="aqn1sgmZ7UmPc4h22/p2dA=="/>
  </POIs>
</OverlayData>