<OverlayData>
  <MarkerCategory name="ResourceNode" DisplayName="Resource Nodes" data-class="fade-1" behavior="1" iconFile="Data/ResourceNode.png" data-iconFile="Data/ResourceNode.png" fadeFar="16800" fadeNear="8400">
    <MarkerCategory name="Ore" iconFile="Data/ResourceNode/Ore.png" data-iconFile="Data/Ore.png">
      <MarkerCategory name="Normal">
        <MarkerCategory name="Orichalcum" data-class="fade-max" behavior="0" iconFile="Data/ResourceNode/Ore.Normal.Orichalcum.png" data-iconFile="Data/ResourceNode/Ore.Normal.Orichalcum.png" fadeFar="25200" fadeNear="16800"/>
      </MarkerCategory>
    </MarkerCategory>
  </MarkerCategory>
  <POIs>
    <POI MapID="1043" xpos="446.093" ypos="298.806" zpos="117.341" type="resourcenode.ore.normal.orichalcum" GUID="b/J28JaejEGBLQowwZkcGQ=="/>
    <POI MapID="62" xpos="196.023" ypos="45.7115" zpos="1064.02" type="resourcenode.ore.normal.orichalcum" GUID="3cy+eF9EPEWuzmkcY9uKPg=="/>
    <POI MapID="62" xpos="95.9446" ypos="29.5551" zpos="13.944" type="resourcenode.ore.normal.orichalcum" GUID="O2TTl/ihT0aDPN8xKGeNrQ=="/>
    <POI MapID="62" xpos="468.068" ypos="120.869" zpos="15.7904" type="resourcenode.ore.normal.orichalcum" GUID="wYxuJfhAgkqdCPzQSMOR5w=="/>
    <POI MapID="873" xpos="71.4413" ypos="39.3103" zpos="61.2786" type="resourcenode.ore.normal.orichalcum" GUID="KsFwZzBdA0WvwYynUnghzQ=="/>
    <POI MapID="873" xpos="-507.862" ypos="42.6413" zpos="-22.5449" type="resourcenode.ore.normal.orichalcum" GUID="zD62uV6SkUGYAwT9Cwpmkg=="/>
    <POI MapID="1052" xpos="-139.143" ypos="390.899" zpos="145.902" type="resourcenode.ore.normal.orichalcum" GUID="v/8v6Uvp90eTa5k5jm+4Ow=="/>
    <POI MapID="1043" xpos="398.561" ypos="326.721" zpos="206.788" type="resourcenode.ore.normal.orichalcum" GUID="x/+z675QS0GfsW+jNp6oQA=="/>
    <POI MapID="62" xpos="181.331" ypos="15.3353" zpos="-612.252" type="resourcenode.ore.normal.orichalcum" GUID="Vbmr1GKVq0GD4y4jwwLx8w=="/>
    <POI MapID="62" xpos="-324.978" ypos="6.35299" zpos="-362.013" type="resourcenode.ore.normal.orichalcum" GUID="M5r+59a2bEWqH32mIWWQ/g=="/>
    <POI MapID="1052" xpos="888.638" ypos="396.744" zpos="141.746" type="resourcenode.ore.normal.orichalcum" GUID="FkyDUpli40CRBeTaoawGvQ=="/>
    <POI MapID="988" xpos="-486.98" ypos="89.3895" zpos="-380.167" type="resourcenode.ore.normal.orichalcum" GUID="Y7T8ioSNekWCU12HdVcQGA=="/>
    <POI MapID="988" xpos="-306.529" ypos="118.129" zpos="-509.606" type="resourcenode.ore.normal.orichalcum" GUID="ISfwQKHN6UCU/WrwfTQPQg=="/>
    <POI MapID="1015" xpos="-81.6755" ypos="416.403" zpos="-212.666" type="resourcenode.ore.normal.orichalcum" GUID="WYl71NZQ8EmrMqO+UStAOQ=="/>
    <POI MapID="65" xpos="814.02" ypos="73.082" zpos="-388.908" type="resourcenode.ore.normal.orichalcum" GUID="TB/t7pwJuUOsN/uvK5Zt3w=="/>
    <POI MapID="65" xpos="886.42" ypos="68.4116" zpos="-486.984" type="resourcenode.ore.normal.orichalcum" GUID="rJJD6u+S7UKEvkWCNN2yLQ=="/>
    <POI MapID="1052" xpos="-230.439" ypos="350.594" zpos="226.312" type="resourcenode.ore.normal.orichalcum" GUID="utGee5V+QkOwE0v4ilB/rg=="/>
    <POI MapID="1043" xpos="610.73" ypos="273.102" zpos="49.5352" type="resourcenode.ore.normal.orichalcum" GUID="J8S9r/oeOUyAG90QeaiwbQ=="/>
    <POI MapID="1043" xpos="-249.404" ypos="278.358" zpos="368.875" type="resourcenode.ore.normal.orichalcum" GUID="m7GlufzdK0Cn43uATQqywQ=="/>
    <POI MapID="873" xpos="222.121" ypos="-45.1731" zpos="-290.607" type="resourcenode.ore.normal.orichalcum" GUID="/AGacRtZQkeI8SAqo3Nrxg=="/>
    <POI MapID="873" xpos="-341.647" ypos="39.8361" zpos="76.3924" type="resourcenode.ore.normal.orichalcum" GUID="1yagna7E/0afE8wR+0mDgA=="/>
    <POI MapID="873" xpos="-159.827" ypos="47.4323" zpos="-194.551" type="resourcenode.ore.normal.orichalcum" GUID="eIrVCH8jQUa6RbuWsk/goA=="/>
    <POI MapID="988" xpos="-579.372" ypos="119.898" zpos="-379.272" type="resourcenode.ore.normal.orichalcum" GUID="MG/B1Fy6OEeHeex7Cbkr1g=="/>
    <POI MapID="873" xpos="197.276" ypos="1.14826" zpos="-101.213" type="resourcenode.ore.normal.orichalcum" GUID="GKrqdGW4YUup1bfNCiQ68w=="/>
    <POI MapID="62" xpos="-447.052" ypos="-77.15" zpos="170.515" type="resourcenode.ore.normal.orichalcum" GUID="X+BjLP42pUaRKNsYV8p2wg=="/>
    <POI MapID="248" xpos="136.967" ypos="82.4364" zpos="182.002" type="resourcenode.ore.normal.orichalcum" GUID="I5Lm0QJXkEyrjytFfbwi+g=="/>
    <POI MapID="1043" xpos="332.571" ypos="343.084" zpos="354.983" type="resourcenode.ore.normal.orichalcum" GUID="nb8gZ8Uo50m8KXMnKcQuSQ=="/>
    <POI MapID="1043" xpos="197.751" ypos="284.81" zpos="-572.291" type="resourcenode.ore.normal.orichalcum" GUID="1kyowU2XT0yJYT2tzzvclA=="/>
    <POI MapID="30" xpos="546.711" ypos="39.5115" zpos="347.826" type="resourcenode.ore.normal.orichalcum" GUID="55KqbjJllUmq4mhmdjG4eQ=="/>
    <POI MapID="62" xpos="171.617" ypos="66.3349" zpos="784.002" type="resourcenode.ore.normal.orichalcum" GUID="Cd++jDIyhky1H1K0HfSvNw=="/>
    <POI MapID="62" xpos="-24.2213" ypos="25.5312" zpos="-7.48041" type="resourcenode.ore.normal.orichalcum" GUID="UYJea8IrzEOjTSuHC2c1Tw=="/>
    <POI MapID="62" xpos="-86.641" ypos="20.6356" zpos="3.72279" type="resourcenode.ore.normal.orichalcum" GUID="kwmpCvJ/nUO3ivMyDlgtqQ=="/>
    <POI MapID="1043" xpos="500.752" ypos="292.711" zpos="9.93023" type="resourcenode.ore.normal.orichalcum" GUID="d2ZxT8oLU0qc+vzrX0H5Ww=="/>
    <POI MapID="1043" xpos="599.799" ypos="352.807" zpos="238.699" type="resourcenode.ore.normal.orichalcum" GUID="68lsvNdAA025UnyTgv71zg=="/>
    <POI MapID="873" xpos="-511.434" ypos="0.410072" zpos="-272.959" type="resourcenode.ore.normal.orichalcum" GUID="A6/JYAMbtku+8xSo6pezkw=="/>
    <POI MapID="1015" xpos="-318.931" ypos="431.989" zpos="-62.1537" type="resourcenode.ore.normal.orichalcum" GUID="RG59xV3D1Uu8Z583OynjzQ=="/>
    <POI MapID="1043" xpos="440.164" ypos="344.483" zpos="266.505" type="resourcenode.ore.normal.orichalcum" GUID="ev8kOTENdkaXMg37Ni9PVw=="/>
    <POI MapID="62" xpos="162.656" ypos="60.1103" zpos="833.695" type="resourcenode.ore.normal.orichalcum" GUID="qhnwkvm/AkGQ2MjQo3ipoQ=="/>
    <POI MapID="62" xpos="-208.558" ypos="0.309166" zpos="250.149" type="resourcenode.ore.normal.orichalcum" GUID="x0R72UGWUEyjNswd9T9O5g=="/>
    <POI MapID="375" xpos="20.8425" ypos="341.971" zpos="-221.117" type="resourcenode.ore.normal.orichalcum" GUID="f1/4bojTiUyQB3KJzIZjZw=="/>
    <POI MapID="873" xpos="-278.707" ypos="52.9877" zpos="-137.774" type="resourcenode.ore.normal.orichalcum" GUID="yFS0PPIsbkiuLXoewtr4XQ=="/>
    <POI MapID="30" xpos="235.889" ypos="23.8262" zpos="439.823" type="resourcenode.ore.normal.orichalcum" GUID="bYJOjz/cQU64DZ3tOKZWRg=="/>
    <POI MapID="1043" xpos="129.836" ypos="259.542" zpos="-371.808" type="resourcenode.ore.normal.orichalcum" GUID="6x06/KzlY0mhYQT4dqfpog=="/>
    <POI MapID="1165" xpos="194.612" ypos="175.699" zpos="166.661" type="resourcenode.ore.normal.orichalcum" GUID="0ca4Z0tzMEOYcqN3OE3PUQ=="/>
    <POI MapID="1045" xpos="151.931" ypos="126.444" zpos="13.5712" type="resourcenode.ore.normal.orichalcum" GUID="EfFUqzMuakGbgUv8QzJnFQ=="/>
    <POI MapID="1165" xpos="9.85945" ypos="775.224" zpos="86.2589" type="resourcenode.ore.normal.orichalcum" GUID="tTvGDsjOYkyKEpSqpORUGA=="/>
    <POI MapID="1045" xpos="-440.683" ypos="169.219" zpos="-334.351" type="resourcenode.ore.normal.orichalcum" GUID="sfAxxBRS3E2kCrOExzwm6w=="/>
    <POI MapID="1045" xpos="348.144" ypos="173.504" zpos="221.894" type="resourcenode.ore.normal.orichalcum" GUID="Ubz/tzgFI0eCeEaXF0k2PQ=="/>
    <POI MapID="1175" xpos="-576.864" ypos="35.6652" zpos="-326.22" type="resourcenode.ore.normal.orichalcum" GUID="iIVhfySH7EGIsv/bwgcZGw=="/>
    <POI MapID="1175" xpos="-685.515" ypos="5.00498" zpos="-399.4" type="resourcenode.ore.normal.orichalcum" GUID="+twoMjL2lkyqOSsM4QiM5g=="/>
    <POI MapID="1175" xpos="302.407" ypos="29.9815" zpos="-797.377" type="resourcenode.ore.normal.orichalcum" GUID="IPN5+74YPkO/gJ7mIFOy6w=="/>
    <POI MapID="1175" xpos="-645.943" ypos="27.3387" zpos="-396.271" type="resourcenode.ore.normal.orichalcum" GUID="d9wNm1Aeak2gfIVkvyvxlw=="/>
    <POI MapID="1175" xpos="101.915" ypos="108.249" zpos="205.149" type="resourcenode.ore.normal.orichalcum" GUID="apDtQ4b3lUmzoMIUQRLqFg=="/>
    <POI MapID="1165" xpos="226.556" ypos="331.833" zpos="79.6369" type="resourcenode.ore.normal.orichalcum" GUID="RnNMR4wI1kmyTEIQx6iLiQ=="/>
    <POI MapID="62" xpos="454.448" ypos="23.3656" zpos="-836.859" type="resourcenode.ore.normal.orichalcum" GUID="DVYKEk/FmECG8vnCvG+gUw=="/>
    <POI MapID="1175" xpos="314.356" ypos="125.184" zpos="-723.83" type="resourcenode.ore.normal.orichalcum" GUID="jwEI12X0lEKTuA3rOXWHvA=="/>
    <POI MapID="1043" xpos="-272.106" ypos="290.358" zpos="9.93643" type="resourcenode.ore.normal.orichalcum" GUID="4XRx/Evrj0Ss9wSRgMqb2Q=="/>
    <POI MapID="62" xpos="420.718" ypos="2.39872" zpos="-987.04" type="resourcenode.ore.normal.orichalcum" GUID="GIcZsDoprkKNr1uzUq93wQ=="/>
    <POI MapID="62" xpos="450.424" ypos="19.0237" zpos="-805.325" type="resourcenode.ore.normal.orichalcum" GUID="8lgNHXRLJkue35QvE57ttA=="/>
    <POI MapID="62" xpos="9.77651" ypos="25.8946" zpos="810.313" type="resourcenode.ore.normal.orichalcum" GUID="8JVHBw9S+0+b5lsV/ur/ow=="/>
    <POI MapID="65" xpos="-379.575" ypos="19.5987" zpos="-129.517" type="resourcenode.ore.normal.orichalcum" GUID="Lyk7ETyyAkCv5fLCc6mXdQ=="/>
    <POI MapID="1052" xpos="408.839" ypos="406.864" zpos="229.511" type="resourcenode.ore.normal.orichalcum" GUID="LTl+zPfdI0ucnw/105VMRA=="/>
    <POI MapID="62" xpos="-25.9604" ypos="29.0758" zpos="-16.5128" type="resourcenode.ore.normal.orichalcum" GUID="jRLR74z3ykax8Og+vD2Quw=="/>
    <POI MapID="62" xpos="2.22036" ypos="31.4397" zpos="-11.0212" type="resourcenode.ore.normal.orichalcum" GUID="1FmkV8AIUk6qrI6X63ofjg=="/>
    <POI MapID="1175" xpos="69.6645" ypos="26.3131" zpos="-22.832" type="resourcenode.ore.normal.orichalcum" GUID="7xPCSJEHEEy+XPIhyd5aug=="/>
    <POI MapID="1041" xpos="230.985" ypos="38.6067" zpos="87.394" type="resourcenode.ore.normal.orichalcum" GUID="RjDoNNgmQUmV27OMFUgxKA=="/>
    <POI MapID="1178" xpos="-891.278" ypos="104.535" zpos="-243.38" type="resourcenode.ore.normal.orichalcum" GUID="bdjLPAfuqUqKbG+asO5oLQ=="/>
    <POI MapID="1178" xpos="-650.263" ypos="58.9195" zpos="282.29" type="resourcenode.ore.normal.orichalcum" GUID="BU+SHKPRVUuOynS0V81LgA=="/>
    <POI MapID="1195" xpos="118.723" ypos="508.45" zpos="110.064" type="resourcenode.ore.normal.orichalcum" GUID="FhyxtxBK7UeovxpvCFluYQ=="/>
    <POI MapID="1165" xpos="119.252" ypos="750.421" zpos="-20.6745" type="resourcenode.ore.normal.orichalcum" GUID="2y9p8uApq06UCBwXuVPnSw=="/>
    <POI MapID="1203" xpos="-431.732" ypos="96.4465" zpos="174.933" type="resourcenode.ore.normal.orichalcum" GUID="Ev+f2g0drEe7o36diFbdbQ=="/>
    <POI MapID="1203" xpos="-645.747" ypos="167.784" zpos="-120.666" type="resourcenode.ore.normal.orichalcum" GUID="ItjeVSC7206A+CE4UW2lwg=="/>
    <POI MapID="1195" xpos="-515.808" ypos="472.692" zpos="-187.994" type="resourcenode.ore.normal.orichalcum" GUID="oVJrz0iZ10C4WOIvu21Kwg=="/>
    <POI MapID="1185" xpos="-6.82425" ypos="100.497" zpos="621.63" type="resourcenode.ore.normal.orichalcum" GUID="JJmzmQnyQUaX6uVMRq0xAg=="/>
    <POI MapID="1195" xpos="487.5" ypos="113.025" zpos="-518.169" type="resourcenode.ore.normal.orichalcum" GUID="IguHn5+VG0Ohxy5/W7Wr2g=="/>
    <POI MapID="1185" xpos="243.499" ypos="79.2853" zpos="16.5271" type="resourcenode.ore.normal.orichalcum" GUID="cIZGem6Apki0toFL9fjzrQ=="/>
    <POI MapID="1185" xpos="343.886" ypos="72.8254" zpos="-285.371" type="resourcenode.ore.normal.orichalcum" GUID="5YneuW7+s0CF3rhMMGGU6g=="/>
    <POI MapID="1195" xpos="508.557" ypos="113.328" zpos="-303.593" type="resourcenode.ore.normal.orichalcum" GUID="uzm1KnaubUufWhb36fV0yg=="/>
    <POI MapID="1185" xpos="-336.694" ypos="48.5222" zpos="352.205" type="resourcenode.ore.normal.orichalcum" GUID="FhqxqQJYp0aqbKO9FSGFKQ=="/>
    <POI MapID="1185" xpos="-311.494" ypos="106.083" zpos="591.234" type="resourcenode.ore.normal.orichalcum" GUID="UIkCAsZQvkaUss3bt2SeRg=="/>
    <POI MapID="1195" xpos="-391.739" ypos="530.993" zpos="-150.494" type="resourcenode.ore.normal.orichalcum" GUID="mF2jRxfsgUqIHj1meRK4mg=="/>
    <POI MapID="1043" xpos="332.839" ypos="343.148" zpos="354.923" type="resourcenode.ore.normal.orichalcum" GUID="psICBggzmkeloPeBeM5C0w=="/>
    <POI MapID="1185" xpos="159.089" ypos="104.458" zpos="403.493" type="resourcenode.ore.normal.orichalcum" GUID="LJnuazE3U0avBtmVR+RnxA=="/>
    <POI MapID="1185" xpos="-174.025" ypos="3.28049" zpos="144.113" type="resourcenode.ore.normal.orichalcum" GUID="GfRz8Bk6Ek6oj+kxLMBD8w=="/>
    <POI MapID="30" xpos="654.658" ypos="33.7113" zpos="318.004" type="resourcenode.ore.normal.orichalcum" GUID="iMq2ZyU/f0OlRIu3F0JozA=="/>
    <POI MapID="1052" xpos="636.886" ypos="364.166" zpos="129.225" type="resourcenode.ore.normal.orichalcum" GUID="EIXwfWi+VUKAl5iHptHpAA=="/>
    <POI MapID="1185" xpos="82.0085" ypos="54.4724" zpos="-201.378" type="resourcenode.ore.normal.orichalcum" GUID="VGCKLX1H5ESechjD27BiWA=="/>
    <POI MapID="1045" xpos="116.845" ypos="4.17127" zpos="-337.601" type="resourcenode.ore.normal.orichalcum" GUID="OQNnlbXIhUusiRrko536Ag=="/>
    <POI MapID="1165" xpos="-25.6438" ypos="267.641" zpos="179.343" type="resourcenode.ore.normal.orichalcum" GUID="caVk6+jR2UGhEV6lD2Qa7A=="/>
    <POI MapID="1185" xpos="79.9714" ypos="96.8758" zpos="438.307" type="resourcenode.ore.normal.orichalcum" GUID="KvPTOGPZZU6418YWDDB6cQ=="/>
    <POI MapID="65" xpos="857.045" ypos="81.8242" zpos="-532.405" type="resourcenode.ore.normal.orichalcum" GUID="DaV6AQp1Q0SaryFGWQmBOw=="/>
    <POI MapID="1052" xpos="156.297" ypos="607" zpos="-200.235" type="resourcenode.ore.normal.orichalcum" GUID="vVHktbAEI0uHCQVTh7G1HA=="/>
    <POI MapID="1165" xpos="-47.571" ypos="332.15" zpos="95.035" type="resourcenode.ore.normal.orichalcum" GUID="x7uzk9lzbk2JTHvbVsYp7A=="/>
    <POI MapID="1178" xpos="803.883" ypos="87.5523" zpos="293.277" type="resourcenode.ore.normal.orichalcum" GUID="me7xOev78EuBm8tHLayPKQ=="/>
    <POI MapID="1195" xpos="-194.1" ypos="461.52" zpos="150.984" type="resourcenode.ore.normal.orichalcum" GUID="qCj0OPWS1EW2Jv2Q+u7gxg=="/>
    <POI MapID="1210" xpos="-355.566" ypos="18.0661" zpos="-206.571" type="resourcenode.ore.normal.orichalcum" GUID="7cIplSP1UEi08ZO8yONhfg=="/>
    <POI MapID="1210" xpos="27.5947" ypos="25.6373" zpos="327.358" type="resourcenode.ore.normal.orichalcum" GUID="qpqCPR8E8UyVp8QtfPxPUw=="/>
    <POI MapID="1211" xpos="63.4001" ypos="205.607" zpos="13.3092" type="resourcenode.ore.normal.orichalcum" GUID="Ft4pnxUE/EesK9tQlty16Q=="/>
    <POI MapID="1210" xpos="-1324.72" ypos="4.56994" zpos="-571.065" type="resourcenode.ore.normal.orichalcum" GUID="rA/KJAejPUOmQBlCSyTSWg=="/>
    <POI MapID="1211" xpos="548.955" ypos="159.696" zpos="598.911" type="resourcenode.ore.normal.orichalcum" GUID="dE1CT8xpc0KNwmADdr/jwA=="/>
    <POI MapID="1211" xpos="1192.04" ypos="75.7624" zpos="-460.127" type="resourcenode.ore.normal.orichalcum" GUID="yg5IXo8Kq0KL5XZnRmGu5w=="/>
    <POI MapID="1228" xpos="373.439" ypos="61.4618" zpos="385.472" type="resourcenode.ore.normal.orichalcum" GUID="sG4jkMdMe0CGPs6DBV+lvQ=="/>
    <POI MapID="1228" xpos="-964.594" ypos="49.4103" zpos="147.204" type="resourcenode.ore.normal.orichalcum" GUID="7OAMYL535EmtXlUv+XlUug=="/>
    <POI MapID="1210" xpos="-301.118" ypos="54.7715" zpos="-680.121" type="resourcenode.ore.normal.orichalcum" GUID="yTtr8Pqw4kOBlkF1AHU/9g=="/>
    <POI MapID="1210" xpos="1355.43" ypos="67.1324" zpos="-81.4938" type="resourcenode.ore.normal.orichalcum" GUID="wpcaAfGm3kiongvzPuqJ/A=="/>
    <POI MapID="1228" xpos="-721.302" ypos="98.7939" zpos="-226.306" type="resourcenode.ore.normal.orichalcum" GUID="nIApDABxSUywHEVseq8iJg=="/>
    <POI MapID="1226" xpos="-156.285" ypos="274.411" zpos="663.702" type="resourcenode.ore.normal.orichalcum" GUID="kES5QbqoFECQvtuxpqXv3Q=="/>
    <POI MapID="1210" xpos="697.599" ypos="58.8219" zpos="281.495" type="resourcenode.ore.normal.orichalcum" GUID="L5uBv/HtBEe/w+gS8yNEsw=="/>
    <POI MapID="1210" xpos="1008.7" ypos="201.27" zpos="490.45" type="resourcenode.ore.normal.orichalcum" GUID="fGW/7uKVeU6C+5UWeRIkrg=="/>
    <POI MapID="1210" xpos="-245.658" ypos="68.8646" zpos="635.806" type="resourcenode.ore.normal.orichalcum" GUID="EggGxEZkIEaV0giUe0ShJQ=="/>
    <POI MapID="1211" xpos="-744.198" ypos="440.409" zpos="386.517" type="resourcenode.ore.normal.orichalcum" GUID="jvH9vebWEEmlLOSqASKKVQ=="/>
    <POI MapID="1211" xpos="-995.945" ypos="339.306" zpos="630.171" type="resourcenode.ore.normal.orichalcum" GUID="dHhDYfoozUewPiOhGA8yFg=="/>
    <POI MapID="1211" xpos="-1260.78" ypos="24.8265" zpos="-438.937" type="resourcenode.ore.normal.orichalcum" GUID="aXEmkDA8PUi+udyVpJdoFw=="/>
    <POI MapID="1210" xpos="-940.165" ypos="43.3085" zpos="350.745" type="resourcenode.ore.normal.orichalcum" GUID="4B7rHjhGs0K4Y/8FtnAT9Q=="/>
    <POI MapID="1210" xpos="-691.095" ypos="52.0223" zpos="701.889" type="resourcenode.ore.normal.orichalcum" GUID="Ai1xYmq7IkyqGx7iYA/P9w=="/>
    <POI MapID="1210" xpos="185.479" ypos="103.897" zpos="725.233" type="resourcenode.ore.normal.orichalcum" GUID="esWGY3LkuEGXHo71ahrHhA=="/>
    <POI MapID="1228" xpos="-232.446" ypos="120.862" zpos="-92.2425" type="resourcenode.ore.normal.orichalcum" GUID="zS0IS80mskirNxfUm2ETOA=="/>
    <POI MapID="1228" xpos="743.784" ypos="97.9769" zpos="711.113" type="resourcenode.ore.normal.orichalcum" GUID="gfQywB59kUyUS1tTo/ll+A=="/>
    <POI MapID="1228" xpos="692.077" ypos="120.465" zpos="824.407" type="resourcenode.ore.normal.orichalcum" GUID="mrkeG+rRwUCv9yvp7KcRRw=="/>
    <POI MapID="1248" xpos="581.91" ypos="87.1" zpos="-892.47" type="resourcenode.ore.normal.orichalcum" GUID="7RHnX+FDYUSGl2St0LTbog=="/>
    <POI MapID="1210" xpos="1261.63" ypos="189.24" zpos="483.452" type="resourcenode.ore.normal.orichalcum" GUID="vup1Y5f8j0+5wtitgt8yKQ=="/>
    <POI MapID="1210" xpos="5.76888" ypos="169.694" zpos="551.919" type="resourcenode.ore.normal.orichalcum" GUID="UGYrST7GsU+84j79gXbNTw=="/>
    <POI MapID="1228" xpos="-1029.08" ypos="5.25963" zpos="-430.769" type="resourcenode.ore.normal.orichalcum" GUID="iACmi8dK90WX60b8HVcHYg=="/>
    <POI MapID="1211" xpos="193.316" ypos="135.348" zpos="-429.733" type="resourcenode.ore.normal.orichalcum" GUID="HsCdQ4oiTUCUeiHKHE+Olw=="/>
    <POI MapID="1228" xpos="-338.341" ypos="4.9973" zpos="161.46" type="resourcenode.ore.normal.orichalcum" GUID="MFEt1/a2GUWkyVnu9NX+Kw=="/>
    <POI MapID="1210" xpos="485.73" ypos="88.5347" zpos="37.2542" type="resourcenode.ore.normal.orichalcum" GUID="dRsCIy/sakuP9B5Rkklb+A=="/>
    <POI MapID="1210" xpos="805.077" ypos="121.157" zpos="179.11" type="resourcenode.ore.normal.orichalcum" GUID="0pNBemEqxUe+xoZPF5u0Aw=="/>
    <POI MapID="1211" xpos="1386.08" ypos="161.755" zpos="561.847" type="resourcenode.ore.normal.orichalcum" GUID="oJhIHpSlMEyj3pF7haYDeA=="/>
    <POI MapID="1211" xpos="874.131" ypos="260.055" zpos="71.4322" type="resourcenode.ore.normal.orichalcum" GUID="eiluhw+q/UeGI+zROAJs4w=="/>
    <POI MapID="1211" xpos="-54.5922" ypos="187.451" zpos="-63.9051" type="resourcenode.ore.normal.orichalcum" GUID="1S/Z9zJTJ02lEh33kYrRBw=="/>
    <POI MapID="1210" xpos="27.6091" ypos="26.3304" zpos="327.811" type="resourcenode.ore.normal.orichalcum" GUID="kMnm/9vN0UyI4qhTnkFL8Q=="/>
    <POI MapID="1228" xpos="797.961" ypos="122.21" zpos="775.741" type="resourcenode.ore.normal.orichalcum" GUID="EKV2l+aQhEuXOyV6EY34Yg=="/>
    <POI MapID="1226" xpos="708.609" ypos="266.638" zpos="566.194" type="resourcenode.ore.normal.orichalcum" GUID="pXQyKh/xu0mHK4YRXXkR3Q=="/>
    <POI MapID="1226" xpos="939.318" ypos="178.817" zpos="1118.13" type="resourcenode.ore.normal.orichalcum" GUID="vj4f0ewvhE+bM9PDFSsk6g=="/>
    <POI MapID="1228" xpos="-748.495" ypos="45.551" zpos="-495.48" type="resourcenode.ore.normal.orichalcum" GUID="C+QYeeqH9UCSXvNzbpKWJg=="/>
    <POI MapID="1228" xpos="-678.463" ypos="51.5834" zpos="211.198" type="resourcenode.ore.normal.orichalcum" GUID="7UuCRycxOEeZ9Sgx0raz7A=="/>
    <POI MapID="1248" xpos="-146.852" ypos="83.8725" zpos="-904.078" type="resourcenode.ore.normal.orichalcum" GUID="g/brtVXioEyyw5VgTA3HGg=="/>
    <POI MapID="1226" xpos="-1044.38" ypos="277.291" zpos="-658.875" type="resourcenode.ore.normal.orichalcum" GUID="GN1GJQ0hUku4AXcfCC0Orw=="/>
    <POI MapID="1228" xpos="422.985" ypos="165.784" zpos="661.09" type="resourcenode.ore.normal.orichalcum" GUID="r1O4k87cFU20jO9mfkFgGQ=="/>
    <POI MapID="1228" xpos="-1071.07" ypos="90.8114" zpos="771.581" type="resourcenode.ore.normal.orichalcum" GUID="1sgAXNxWJEuUTDcqETdRtA=="/>
    <POI MapID="1226" xpos="129.568" ypos="256.318" zpos="360.66" type="resourcenode.ore.normal.orichalcum" GUID="jQjyq9eLMUimpPxn/Uim9Q=="/>
    <POI MapID="1226" xpos="-836.538" ypos="285.243" zpos="-175.596" type="resourcenode.ore.normal.orichalcum" GUID="4aW9X8TFlE64Wd3SKZns4A=="/>
    <POI MapID="1210" xpos="1042.39" ypos="104.428" zpos="-320.167" type="resourcenode.ore.normal.orichalcum" GUID="9dMU5B4sSkOvmaYxrfGzPw=="/>
    <POI MapID="1210" xpos="-1113.22" ypos="1.64071" zpos="-594.579" type="resourcenode.ore.normal.orichalcum" GUID="TmDVTT0lpkSfrCYgXRB/jg=="/>
    <POI MapID="1228" xpos="-24.3673" ypos="74.8006" zpos="62.737" type="resourcenode.ore.normal.orichalcum" GUID="IWIKSUDh0Eeq6fPXYxDtKw=="/>
    <POI MapID="1211" xpos="-1408.75" ypos="322.057" zpos="-246.923" type="resourcenode.ore.normal.orichalcum" GUID="SV2YI8FFPk2Icz1ijP1x6g=="/>
    <POI MapID="1210" xpos="-636.893" ypos="99.6012" zpos="-284.693" type="resourcenode.ore.normal.orichalcum" GUID="/jn5Pxspg02cSoQKv80byQ=="/>
    <POI MapID="1210" xpos="-779.239" ypos="23.9491" zpos="624.833" type="resourcenode.ore.normal.orichalcum" GUID="mpWYgvlKFUWJdzyRLWeExQ=="/>
    <POI MapID="1210" xpos="273.5" ypos="61.4689" zpos="478.557" type="resourcenode.ore.normal.orichalcum" GUID="F1uXv0UYF0yXba2GPhlgvA=="/>
    <POI MapID="1045" xpos="15.0768" ypos="62.3038" zpos="-36.0794" type="resourcenode.ore.normal.orichalcum" GUID="iZLuUuxkA0WeZPD8uFDheA=="/>
    <POI MapID="1210" xpos="770.989" ypos="77.984" zpos="-106.621" type="resourcenode.ore.normal.orichalcum" GUID="anav9P3FSU6v6GSU4Lx7YA=="/>
    <POI MapID="1228" xpos="314.634" ypos="5.57401" zpos="-787.564" type="resourcenode.ore.normal.orichalcum" GUID="8z18ydeFTUWZVgG/bF8akw=="/>
    <POI MapID="1228" xpos="669.341" ypos="41.0951" zpos="-404.798" type="resourcenode.ore.normal.orichalcum" GUID="t2C+4qKqs0mu7q6T8/B+yw=="/>
    <POI MapID="1211" xpos="-176.938" ypos="45.5119" zpos="-537.4" type="resourcenode.ore.normal.orichalcum" GUID="lDtOiYiFl0OEuLiS9Bl1/A=="/>
    <POI MapID="1228" xpos="821.229" ypos="73.0694" zpos="429.888" type="resourcenode.ore.normal.orichalcum" GUID="QXooTV5xa0+FkNpmuF3h/w=="/>
    <POI MapID="1228" xpos="1008.82" ypos="14.0755" zpos="-68.6206" type="resourcenode.ore.normal.orichalcum" GUID="9V9BcuDMNUujycQgKwnr1w=="/>
    <POI MapID="1248" xpos="1409.6" ypos="77.9173" zpos="-85.1794" type="resourcenode.ore.normal.orichalcum" GUID="3TVYVyR0Z0qI7Yo9LOsHRg=="/>
    <POI MapID="1211" xpos="-232.527" ypos="268.947" zpos="274.761" type="resourcenode.ore.normal.orichalcum" GUID="rRw1s3T1kE6xPR5yLK1LsA=="/>
    <POI MapID="1211" xpos="-280.226" ypos="326.719" zpos="388.805" type="resourcenode.ore.normal.orichalcum" GUID="a7WZzoXJ2kahDlFjWsOUtA=="/>
    <POI MapID="1211" xpos="-550.242" ypos="161.668" zpos="-162.57" type="resourcenode.ore.normal.orichalcum" GUID="XifcDQntFEm/22PN39htsQ=="/>
    <POI MapID="1228" xpos="213.073" ypos="-73.7779" zpos="44.8387" type="resourcenode.ore.normal.orichalcum" GUID="RRrnZwkviEWPKfduKBG0GQ=="/>
    <POI MapID="1210" xpos="-991.239" ypos="48.6593" zpos="271.908" type="resourcenode.ore.normal.orichalcum" GUID="uvYAQp5vkUChCeFLiRFlPA=="/>
    <POI MapID="1248" xpos="946.635" ypos="105.536" zpos="416.98" type="resourcenode.ore.normal.orichalcum" GUID="sG72CEc3tkyGPqiStLu0TA=="/>
    <POI MapID="1226" xpos="-552.817" ypos="286.341" zpos="-65.6877" type="resourcenode.ore.normal.orichalcum" GUID="HWcUJ0dvk06OYHbUbZ1G5Q=="/>
    <POI MapID="1228" xpos="938.699" ypos="63.4107" zpos="183.544" type="resourcenode.ore.normal.orichalcum" GUID="lon64gM0sUC8DTzfwKPQXg=="/>
    <POI MapID="1210" xpos="-708.276" ypos="22.1142" zpos="-662.469" type="resourcenode.ore.normal.orichalcum" GUID="fw/h7vYwWEGGESnRCkSjXA=="/>
    <POI MapID="1210" xpos="-490.784" ypos="37.573" zpos="415.393" type="resourcenode.ore.normal.orichalcum" GUID="1kBr2G+41U60Q/V1oLhAfA=="/>
    <POI MapID="1210" xpos="-774.177" ypos="85.01" zpos="204.192" type="resourcenode.ore.normal.orichalcum" GUID="45L1dQj3QE25UeV6xndUww=="/>
  </POIs>
</OverlayData>