<OverlayData>
  <MarkerCategory name="ResourceNode" DisplayName="Resource Nodes" data-class="fade-1" behavior="1" iconFile="Data/ResourceNode.png" data-iconFile="Data/ResourceNode.png" fadeFar="16800" fadeNear="8400" maxSize="256">
    <MarkerCategory name="Ore" iconFile="Data/ResourceNode/Ore.png" data-iconFile="Data/Ore.png">
      <MarkerCategory name="Normal">
        <MarkerCategory name="Iron"/>
      </MarkerCategory>
    </MarkerCategory>
  </MarkerCategory>
  <POIs>
    <POI MapID="32" xpos="-307.379" ypos="38.8927" zpos="-543.474" type="resourcenode.ore.normal.iron" GUID="7AdZ4wGk80WGMfu0qJ8fxg=="/>
    <POI MapID="32" xpos="-371.508" ypos="53.9753" zpos="-542.042" type="resourcenode.ore.normal.iron" GUID="3wEcL5X4TE+yzFepDwMMCw=="/>
    <POI MapID="54" xpos="-712.966" ypos="29.4249" zpos="503.884" type="resourcenode.ore.normal.iron" GUID="EvnevnpC6UWutFQugwzHhg=="/>
    <POI MapID="54" xpos="-766.902" ypos="47.4258" zpos="194.611" type="resourcenode.ore.normal.iron" GUID="nOQ4By8SrUGWfGVvEi8GFg=="/>
    <POI MapID="73" xpos="256.392" ypos="-46.1974" zpos="368.502" type="resourcenode.ore.normal.iron" GUID="87ZCdiasikGFdBJ88KmOZQ=="/>
    <POI MapID="73" xpos="173.197" ypos="-62.6536" zpos="346.331" type="resourcenode.ore.normal.iron" GUID="9/Wmgh6HDkyYiuFpcLQuuA=="/>
    <POI MapID="73" xpos="120.211" ypos="-46.4846" zpos="394.183" type="resourcenode.ore.normal.iron" GUID="w/SmHgObr029CmwQXoAuXg=="/>
    <POI MapID="73" xpos="-111.12" ypos="-29.6269" zpos="-60.1346" type="resourcenode.ore.normal.iron" GUID="q4aT7gnG/E+SMANoIigjBA=="/>
    <POI MapID="73" xpos="-389.398" ypos="-25.7752" zpos="-230.179" type="resourcenode.ore.normal.iron" GUID="QEaJHIukY0WYttglK3736Q=="/>
    <POI MapID="17" xpos="894.609" ypos="8.27337" zpos="-576.339" type="resourcenode.ore.normal.iron" GUID="fkYOoVZuBUyFPPjWa7ltHw=="/>
    <POI MapID="17" xpos="950.729" ypos="24.9452" zpos="-514.046" type="resourcenode.ore.normal.iron" GUID="qEhS7LAhCkSuLYUf/PaTcg=="/>
    <POI MapID="17" xpos="980.873" ypos="10.7631" zpos="-619.85" type="resourcenode.ore.normal.iron" GUID="7MaTB2C2q06Q2vZCrNXCQA=="/>
    <POI MapID="17" xpos="882.123" ypos="51.2537" zpos="-302.026" type="resourcenode.ore.normal.iron" GUID="9qHTAI8Or0O3eTrEiqz74Q=="/>
    <POI MapID="17" xpos="655.732" ypos="3.01179" zpos="-549.585" type="resourcenode.ore.normal.iron" GUID="fr9U+zpTu06tOWmzvuUW3A=="/>
    <POI MapID="17" xpos="728.645" ypos="32.5718" zpos="-487.579" type="resourcenode.ore.normal.iron" GUID="VXTINRWgekqxr+Cl5sTnNg=="/>
    <POI MapID="23" xpos="243.176" ypos="44.4463" zpos="421.598" type="resourcenode.ore.normal.iron" GUID="x7QoeRm/KEmg92w2c2zmLg=="/>
    <POI MapID="23" xpos="271.552" ypos="58.3136" zpos="360.122" type="resourcenode.ore.normal.iron" GUID="KMKW/EnvUEWMHXaHx2zt9Q=="/>
    <POI MapID="23" xpos="113.21" ypos="41.46" zpos="434.207" type="resourcenode.ore.normal.iron" GUID="Tiz/qigCG0yJXJwCLXXqJw=="/>
    <POI MapID="23" xpos="-221.787" ypos="55.8365" zpos="393.177" type="resourcenode.ore.normal.iron" GUID="bG812wYCk0alDPi0ESC/yQ=="/>
    <POI MapID="23" xpos="-948.799" ypos="59.2666" zpos="263.213" type="resourcenode.ore.normal.iron" GUID="Syi/HTTJd0C+pLq8zx7SEw=="/>
    <POI MapID="23" xpos="-1086.62" ypos="37.144" zpos="-107.751" type="resourcenode.ore.normal.iron" GUID="559PG4pZpEGTp1gwZ0cbrQ=="/>
    <POI MapID="23" xpos="-1023.69" ypos="4.04168" zpos="-404.618" type="resourcenode.ore.normal.iron" GUID="Xo77Xn/5L0+i+ey0ifiWWQ=="/>
    <POI MapID="23" xpos="-851.562" ypos="24.9206" zpos="-389.493" type="resourcenode.ore.normal.iron" GUID="ImzpWBnt3UCsZ9pj3ZExEA=="/>
    <POI MapID="23" xpos="86.9883" ypos="-23.622" zpos="-178.768" type="resourcenode.ore.normal.iron" GUID="ZS3AUZDIi0SXBbLIz7vaXQ=="/>
    <POI MapID="31" xpos="-1177.2" ypos="50.7035" zpos="-193.969" type="resourcenode.ore.normal.iron" GUID="o0aOlhEyv06mMsBMEEPLng=="/>
    <POI MapID="31" xpos="-1121.27" ypos="47.2582" zpos="-465.5" type="resourcenode.ore.normal.iron" GUID="/L2cz0YLhkSmMww03u8+aA=="/>
    <POI MapID="31" xpos="1133.09" ypos="107.286" zpos="-259.383" type="resourcenode.ore.normal.iron" GUID="ctkEdlsVSU2JWG0ejkQNSQ=="/>
    <POI MapID="17" xpos="787.648" ypos="84.6108" zpos="90.647" type="resourcenode.ore.normal.iron" GUID="VIlIgW+MAEm2B30HPOmi2g=="/>
    <POI MapID="17" xpos="907.78" ypos="86.0289" zpos="288.275" type="resourcenode.ore.normal.iron" GUID="C3mr20lbtE2c4sWGK34e3w=="/>
    <POI MapID="17" xpos="958.222" ypos="89.7546" zpos="269.932" type="resourcenode.ore.normal.iron" GUID="58T/wYkKSUG0jp2tuKZ0+Q=="/>
    <POI MapID="17" xpos="920.304" ypos="126.362" zpos="401.256" type="resourcenode.ore.normal.iron" GUID="OZyEosn1TEmh7l0KlIAUow=="/>
    <POI MapID="17" xpos="-662.083" ypos="14.473" zpos="656.539" type="resourcenode.ore.normal.iron" GUID="h9ehSGlJkUiUeysbjzHX+A=="/>
    <POI MapID="73" xpos="-150.549" ypos="-82.2852" zpos="-119.275" type="resourcenode.ore.normal.iron" GUID="MeewTTiP/0iPYdxfGA5hrA=="/>
    <POI MapID="20" xpos="8.67372" ypos="34.4755" zpos="46.2501" type="resourcenode.ore.normal.iron" GUID="D+XXVPoZIEOwGhA+tqANVA=="/>
    <POI MapID="20" xpos="159.69" ypos="49.1048" zpos="-4.41504" type="resourcenode.ore.normal.iron" GUID="9kujzOhbgUWp2fic9Sq12A=="/>
    <POI MapID="20" xpos="173.477" ypos="38.6863" zpos="84.6321" type="resourcenode.ore.normal.iron" GUID="bkqKyY8RCEmoUsatmR36qw=="/>
    <POI MapID="20" xpos="268.644" ypos="35.7392" zpos="85.9891" type="resourcenode.ore.normal.iron" GUID="O3CIpnXROki+r0hrZvLeyg=="/>
    <POI MapID="20" xpos="331.354" ypos="13.1786" zpos="309.843" type="resourcenode.ore.normal.iron" GUID="kT7ar1e1RkqWY6iRf7vQuA=="/>
    <POI MapID="26" xpos="79.7972" ypos="60.2654" zpos="-659.337" type="resourcenode.ore.normal.iron" GUID="jbmcdpZPA0epNe8/xKbeoA=="/>
    <POI MapID="26" xpos="579.221" ypos="64.718" zpos="-622.746" type="resourcenode.ore.normal.iron" GUID="b0F1joVzek65l30lMxhZng=="/>
    <POI MapID="31" xpos="-432.614" ypos="41.2091" zpos="-441.627" type="resourcenode.ore.normal.iron" GUID="X1MqbxmZhEuyMkAwJG04Vg=="/>
    <POI MapID="31" xpos="-775.622" ypos="59.628" zpos="-496.742" type="resourcenode.ore.normal.iron" GUID="Oj2oSd8rpE68M6JJ8+bFnQ=="/>
    <POI MapID="31" xpos="-829.677" ypos="62.7927" zpos="-497.269" type="resourcenode.ore.normal.iron" GUID="vPHIJfXla0G5vzYEXov1kQ=="/>
    <POI MapID="31" xpos="311.269" ypos="44.4633" zpos="154.333" type="resourcenode.ore.normal.iron" GUID="l55wceeTQEmQZrKGe4+bQg=="/>
    <POI MapID="31" xpos="360.197" ypos="84.5259" zpos="193.032" type="resourcenode.ore.normal.iron" GUID="7btbMjNSukeVBizcvmSoOg=="/>
    <POI MapID="31" xpos="533.318" ypos="87.822" zpos="269.982" type="resourcenode.ore.normal.iron" GUID="Rqk6wFG4c0Ga9eM/Z9kQcQ=="/>
    <POI MapID="54" xpos="-732.584" ypos="27.8205" zpos="516.612" type="resourcenode.ore.normal.iron" GUID="aq2MbDeGakuOXaOBm97bag=="/>
    <POI MapID="54" xpos="-747.171" ypos="61.4542" zpos="293.992" type="resourcenode.ore.normal.iron" GUID="5p02m1VJBEissjMYGCwwHw=="/>
    <POI MapID="54" xpos="-777.892" ypos="59.3611" zpos="405.03" type="resourcenode.ore.normal.iron" GUID="z8K9cchVAUKMSC4RogwVhQ=="/>
    <POI MapID="54" xpos="-736.084" ypos="54.2784" zpos="414.456" type="resourcenode.ore.normal.iron" GUID="q5swKpTaUEKIV2lFv+Epbw=="/>
    <POI MapID="17" xpos="895.018" ypos="137.243" zpos="465.303" type="resourcenode.ore.normal.iron" GUID="8GRlZWPR+k2MBQYYHwUsng=="/>
    <POI MapID="73" xpos="-119.424" ypos="-92.9355" zpos="-12.8183" type="resourcenode.ore.normal.iron" GUID="isl8s4yS1EqtPw4hReJMgA=="/>
    <POI MapID="73" xpos="27.8409" ypos="-16.6835" zpos="778.162" type="resourcenode.ore.normal.iron" GUID="U49dsFGHFECJgdiQvumvRw=="/>
    <POI MapID="73" xpos="495.06" ypos="26.9121" zpos="478.693" type="resourcenode.ore.normal.iron" GUID="U6D9CW+k0UWcqToJHxRpHg=="/>
    <POI MapID="17" xpos="130.83" ypos="70.0852" zpos="630.391" type="resourcenode.ore.normal.iron" GUID="4xYYk4/Yu0miZdzVi9aYzw=="/>
    <POI MapID="17" xpos="124.365" ypos="71.7966" zpos="683.767" type="resourcenode.ore.normal.iron" GUID="np3YeN4lMkGJbzu1DDjigA=="/>
    <POI MapID="17" xpos="57.3571" ypos="71.0698" zpos="736.208" type="resourcenode.ore.normal.iron" GUID="3qpmsV4Y7UCIQ7SOPRj+eg=="/>
    <POI MapID="29" xpos="-38.6803" ypos="49.324" zpos="314.315" type="resourcenode.ore.normal.iron" GUID="5j8h5DoGWESMgDvbvDMnnA=="/>
    <POI MapID="54" xpos="-734.828" ypos="14.7858" zpos="360.786" type="resourcenode.ore.normal.iron" GUID="kun0GxVuhEaefmu+i8Fj+Q=="/>
    <POI MapID="54" xpos="-677.382" ypos="8.47935" zpos="387.464" type="resourcenode.ore.normal.iron" GUID="bIpvWJM0uUC07fdsFFo/aw=="/>
    <POI MapID="54" xpos="-638.084" ypos="67.8618" zpos="313.109" type="resourcenode.ore.normal.iron" GUID="995SQypYHkyMkTfM3a3ixA=="/>
    <POI MapID="54" xpos="-709.078" ypos="63.2891" zpos="341.65" type="resourcenode.ore.normal.iron" GUID="cXr/tVZP9kWrTaEzQeMqcA=="/>
    <POI MapID="54" xpos="-736.006" ypos="33.0901" zpos="323.431" type="resourcenode.ore.normal.iron" GUID="CATxi3FrtECo260nEnhyhA=="/>
    <POI MapID="54" xpos="-636.782" ypos="39.6484" zpos="-127.68" type="resourcenode.ore.normal.iron" GUID="NS54udW6rUePBEpgGQddZQ=="/>
    <POI MapID="54" xpos="-467.783" ypos="42.0994" zpos="-9.61342" type="resourcenode.ore.normal.iron" GUID="eavVMxFCJU+iFZG0+WRzBA=="/>
    <POI MapID="54" xpos="-425.484" ypos="56.4029" zpos="217.561" type="resourcenode.ore.normal.iron" GUID="px/h+5QzhU+K0Tgq3XZLvg=="/>
    <POI MapID="54" xpos="-267.21" ypos="25.7708" zpos="209.248" type="resourcenode.ore.normal.iron" GUID="8RY6ydXeekKh0M2WpK8CzA=="/>
    <POI MapID="54" xpos="-130.364" ypos="53.7254" zpos="527.121" type="resourcenode.ore.normal.iron" GUID="f9fuN77Q6Uqy23RRau9/fw=="/>
    <POI MapID="54" xpos="-142.763" ypos="8.21583" zpos="632.42" type="resourcenode.ore.normal.iron" GUID="1k9m2m/Ah0+9SKuVClaEEQ=="/>
    <POI MapID="54" xpos="970.787" ypos="74.9147" zpos="513.772" type="resourcenode.ore.normal.iron" GUID="VADueDaXB0WaPENC0lEesQ=="/>
    <POI MapID="54" xpos="383.261" ypos="51.4317" zpos="203.631" type="resourcenode.ore.normal.iron" GUID="MMmrhuiCs0OW20nNjq2qMw=="/>
    <POI MapID="54" xpos="299.306" ypos="85.4429" zpos="238.755" type="resourcenode.ore.normal.iron" GUID="gP446xRsDUSBxPmnmQtxWQ=="/>
    <POI MapID="54" xpos="170.189" ypos="79.7389" zpos="455.694" type="resourcenode.ore.normal.iron" GUID="2yMF+siJ40qSzRvLBo+DuQ=="/>
    <POI MapID="27" xpos="-99.0235" ypos="14.9385" zpos="-830.573" type="resourcenode.ore.normal.iron" GUID="/QuPZV3F7kygc8qtGdJ1SA=="/>
    <POI MapID="27" xpos="-43.2757" ypos="97.5479" zpos="59.3778" type="resourcenode.ore.normal.iron" GUID="jSiS4fjTdEC1ZndNl2YtdA=="/>
    <POI MapID="27" xpos="400.487" ypos="120.294" zpos="628.261" type="resourcenode.ore.normal.iron" GUID="A4fUhHC6Q0udUxPJZGCVbQ=="/>
    <POI MapID="27" xpos="72.6032" ypos="148.843" zpos="732.777" type="resourcenode.ore.normal.iron" GUID="enrVC9OpGEW/MG94sFDYZA=="/>
    <POI MapID="27" xpos="-219.148" ypos="33.913" zpos="759.138" type="resourcenode.ore.normal.iron" GUID="zx/j1gQ3WUG36zfTuvWbPw=="/>
    <POI MapID="27" xpos="-278.589" ypos="51.2075" zpos="1355.47" type="resourcenode.ore.normal.iron" GUID="ueiqYV0+ZEWQF1noD+7WtA=="/>
    <POI MapID="27" xpos="-231.305" ypos="63.1782" zpos="1263.57" type="resourcenode.ore.normal.iron" GUID="2YuAKecoqk6bxaVmb8LCxw=="/>
    <POI MapID="73" xpos="363.803" ypos="-8.38747" zpos="474.21" type="resourcenode.ore.normal.iron" GUID="1K3cYQF+BEqMnpAKjv/lIg=="/>
    <POI MapID="73" xpos="348.114" ypos="-18.7872" zpos="522.351" type="resourcenode.ore.normal.iron" GUID="yzSRjedPnkuh3R3D0NYAqg=="/>
    <POI MapID="73" xpos="314.021" ypos="-14.136" zpos="540.202" type="resourcenode.ore.normal.iron" GUID="VRVydrQAT0eO5f+hQkM3hA=="/>
    <POI MapID="73" xpos="246.363" ypos="-13.2055" zpos="773.829" type="resourcenode.ore.normal.iron" GUID="HhQZuypmdkumCZ74to7TLg=="/>
    <POI MapID="73" xpos="-302.79" ypos="-68.7782" zpos="785.348" type="resourcenode.ore.normal.iron" GUID="YWSFTh3iekKd7AWZMCtiEQ=="/>
    <POI MapID="73" xpos="-341.953" ypos="-65.0828" zpos="850.288" type="resourcenode.ore.normal.iron" GUID="PbfiA732BEWEDrS6gH42Vg=="/>
    <POI MapID="73" xpos="-392.527" ypos="-13.237" zpos="461.261" type="resourcenode.ore.normal.iron" GUID="9sjjV93PCE2+M2en3mnO+g=="/>
    <POI MapID="73" xpos="-485.572" ypos="-12.04" zpos="425.417" type="resourcenode.ore.normal.iron" GUID="V7nxH1FSRky4IJ5e95s6Cw=="/>
    <POI MapID="73" xpos="-534.994" ypos="-12.1488" zpos="353.284" type="resourcenode.ore.normal.iron" GUID="TFbPNYWoM0eUUhVa1lzwGQ=="/>
    <POI MapID="73" xpos="-621.331" ypos="-60.0305" zpos="308.014" type="resourcenode.ore.normal.iron" GUID="E87ZZcR4WEyqf0v0ZbyKuw=="/>
    <POI MapID="73" xpos="-289.764" ypos="-90.5131" zpos="-19.2092" type="resourcenode.ore.normal.iron" GUID="eavvWIFv/kW9+waZ2Xdb0Q=="/>
    <POI MapID="25" xpos="-260.984" ypos="26.8583" zpos="-602.117" type="resourcenode.ore.normal.iron" GUID="/G8KhUUH/Eu51IQQprQO+A=="/>
    <POI MapID="25" xpos="129.928" ypos="18.0853" zpos="-442.109" type="resourcenode.ore.normal.iron" GUID="Pzhh9X7SSkSouupStR3uoA=="/>
    <POI MapID="25" xpos="282.252" ypos="32.9917" zpos="-774.848" type="resourcenode.ore.normal.iron" GUID="OGRHuWKMFkiiAVSHPnbaWA=="/>
    <POI MapID="25" xpos="-559.804" ypos="82.9978" zpos="-1119.19" type="resourcenode.ore.normal.iron" GUID="dbGeMErb10SWVpo9YQCM7w=="/>
    <POI MapID="73" xpos="-140.542" ypos="-107.775" zpos="-34.4725" type="resourcenode.ore.normal.iron" GUID="r1WslnLmKEKItiIY+DrRxg=="/>
    <POI MapID="73" xpos="-105.69" ypos="-68.8575" zpos="15.1902" type="resourcenode.ore.normal.iron" GUID="fGevUuyJCUWE7IZKabjI0Q=="/>
    <POI MapID="73" xpos="-357.279" ypos="-18.9484" zpos="30.3501" type="resourcenode.ore.normal.iron" GUID="2x/lyE3fVUCvN7Qoiy4PRw=="/>
    <POI MapID="25" xpos="-330.702" ypos="31.1309" zpos="-908.767" type="resourcenode.ore.normal.iron" GUID="gwqzJ1f8DESAsAZFtCoGsQ=="/>
    <POI MapID="25" xpos="211.429" ypos="8.43351" zpos="-495.026" type="resourcenode.ore.normal.iron" GUID="MpjkvjFgK0OJdwbqRwyEdA=="/>
    <POI MapID="25" xpos="422.769" ypos="-15.8049" zpos="-940.057" type="resourcenode.ore.normal.iron" GUID="ljUkzeTlHU66NoVVXQxJ6g=="/>
    <POI MapID="25" xpos="99.5718" ypos="23.7235" zpos="-948.343" type="resourcenode.ore.normal.iron" GUID="RuUUClvI10KrZjLMtsQIUA=="/>
    <POI MapID="17" xpos="460.564" ypos="56.7025" zpos="553.267" type="resourcenode.ore.normal.iron" GUID="Z33CP0Xdp0GFWcjG45Z+7A=="/>
    <POI MapID="17" xpos="905.255" ypos="150.045" zpos="532.356" type="resourcenode.ore.normal.iron" GUID="cOXrKSHjE02YSZ1qLseJFA=="/>
    <POI MapID="25" xpos="227.346" ypos="2.99502" zpos="-1162.17" type="resourcenode.ore.normal.iron" GUID="ptjWpW6mTE655xcnO2aTGw=="/>
    <POI MapID="25" xpos="-260.937" ypos="17.1155" zpos="-760.294" type="resourcenode.ore.normal.iron" GUID="0h+9FiIZWkS6xaZP6JYF5g=="/>
    <POI MapID="54" xpos="-725.466" ypos="10.3694" zpos="403.155" type="resourcenode.ore.normal.iron" GUID="Vagl/jhra0KqUO/bPdmqMQ=="/>
    <POI MapID="54" xpos="-676.874" ypos="29.572" zpos="326.44" type="resourcenode.ore.normal.iron" GUID="OMhiUbCBj0GRONOI5MD1fA=="/>
    <POI MapID="54" xpos="-646.772" ypos="35.4084" zpos="325.024" type="resourcenode.ore.normal.iron" GUID="chMK3BVrD0KL9toWy0YZUg=="/>
    <POI MapID="54" xpos="-776.023" ypos="10.5584" zpos="369.34" type="resourcenode.ore.normal.iron" GUID="2kqY9mYX70G2gnxslBDGfg=="/>
    <POI MapID="17" xpos="52.1197" ypos="6.87835" zpos="389.143" type="resourcenode.ore.normal.iron" GUID="oiTsP/RXsEaMoPX5iYmxgA=="/>
    <POI MapID="17" xpos="47.7969" ypos="1.33916" zpos="378.434" type="resourcenode.ore.normal.iron" GUID="yOMa6kauFUulv5JvJA2ABg=="/>
    <POI MapID="17" xpos="157.764" ypos="8.11591" zpos="295.144" type="resourcenode.ore.normal.iron" GUID="456Jdavq3U2Ds5dRHlnX+g=="/>
    <POI MapID="17" xpos="630.433" ypos="121.117" zpos="733.335" type="resourcenode.ore.normal.iron" GUID="1UdUp1KJxEygYrRinCykiw=="/>
    <POI MapID="73" xpos="15.3944" ypos="-13.1833" zpos="53.1127" type="resourcenode.ore.normal.iron" GUID="1B82o/cFF0ud2y57yEvcmw=="/>
    <POI MapID="73" xpos="-310.47" ypos="-38.0275" zpos="-232.99" type="resourcenode.ore.normal.iron" GUID="uyQx9dwskUGCsHfb49TVgQ=="/>
    <POI MapID="28" xpos="401.14" ypos="71.8442" zpos="327.318" type="resourcenode.ore.normal.iron" GUID="4z0S3dim4UuSsOGPfzWrVQ=="/>
    <POI MapID="20" xpos="81.1247" ypos="62.9616" zpos="-66.0718" type="resourcenode.ore.normal.iron" GUID="pMPsEOaXV0a4SMdrN6AZmg=="/>
    <POI MapID="26" xpos="-454.853" ypos="86.7545" zpos="-281.993" type="resourcenode.ore.normal.iron" GUID="PCvehFnnS0aQ8tuGVbFQfw=="/>
    <POI MapID="17" xpos="889.323" ypos="54.0646" zpos="-207.291" type="resourcenode.ore.normal.iron" GUID="TTjE7hnEt0m+AVoHLPufHg=="/>
    <POI MapID="17" xpos="926.703" ypos="77.3623" zpos="-126.4" type="resourcenode.ore.normal.iron" GUID="vObWuR6V0UO4iPVPCgSCzQ=="/>
    <POI MapID="17" xpos="833.18" ypos="88.8107" zpos="-66.5626" type="resourcenode.ore.normal.iron" GUID="Z/043Gc3AkOZoXX2Kr/Zcg=="/>
    <POI MapID="23" xpos="962.809" ypos="49.5769" zpos="5.67513" type="resourcenode.ore.normal.iron" GUID="u4FAUCaWZUujdc2Vd5ZHXw=="/>
    <POI MapID="17" xpos="-450.965" ypos="75.8574" zpos="-636.021" type="resourcenode.ore.normal.iron" GUID="egt+1zS2akKd/zsMRRol8A=="/>
    <POI MapID="17" xpos="-503.429" ypos="73.0875" zpos="-746.831" type="resourcenode.ore.normal.iron" GUID="l9/znFNvDE2lP4ZXlspbtg=="/>
    <POI MapID="27" xpos="-250.784" ypos="2.44089" zpos="-774.146" type="resourcenode.ore.normal.iron" GUID="WmbiC5CPZ0GICivaUxonRw=="/>
    <POI MapID="73" xpos="284.595" ypos="5.00758" zpos="499.263" type="resourcenode.ore.normal.iron" GUID="6FgSkPboWkanopMYI5Exug=="/>
    <POI MapID="73" xpos="172.074" ypos="-73.1821" zpos="384.722" type="resourcenode.ore.normal.iron" GUID="ON2EhOIzd0mSr/t7QuiTRw=="/>
    <POI MapID="73" xpos="60.8114" ypos="-14.3759" zpos="244.096" type="resourcenode.ore.normal.iron" GUID="71W/RmQi30mVK9cyB0cC1g=="/>
    <POI MapID="73" xpos="68.5773" ypos="-2.99592" zpos="167.907" type="resourcenode.ore.normal.iron" GUID="7dTZ+wy7YU+hc5gnAzOG9w=="/>
    <POI MapID="73" xpos="-115.733" ypos="5.91524" zpos="-156.116" type="resourcenode.ore.normal.iron" GUID="ktK91u/uxUOHZQzsUx5zXg=="/>
    <POI MapID="73" xpos="-121.522" ypos="8.97991" zpos="-192.099" type="resourcenode.ore.normal.iron" GUID="LWucVZGCrEee/5x8d8sXng=="/>
    <POI MapID="73" xpos="426.174" ypos="8.94429" zpos="448.181" type="resourcenode.ore.normal.iron" GUID="dhf3Rfy2YUSncWeD+qCChA=="/>
    <POI MapID="73" xpos="-177.473" ypos="-107.601" zpos="-140.07" type="resourcenode.ore.normal.iron" GUID="7pZ5ldSmuUiN72Vo+3MVoQ=="/>
    <POI MapID="73" xpos="-165.363" ypos="0.741562" zpos="-225.408" type="resourcenode.ore.normal.iron" GUID="rTq6Yed/u02Pwrne6Hl0OQ=="/>
    <POI MapID="54" xpos="-668.522" ypos="62.9802" zpos="518.762" type="resourcenode.ore.normal.iron" GUID="SvHgYvZUL0iwLyNvrLD6uQ=="/>
    <POI MapID="54" xpos="-725.843" ypos="29.1361" zpos="332.911" type="resourcenode.ore.normal.iron" GUID="41QMzdWFYkCGOBi99+2MQA=="/>
    <POI MapID="54" xpos="-855.467" ypos="66.9558" zpos="401.32" type="resourcenode.ore.normal.iron" GUID="DQxLzjhQq0ujAUefmDoBmw=="/>
    <POI MapID="54" xpos="-754.291" ypos="54.3335" zpos="448.604" type="resourcenode.ore.normal.iron" GUID="nI00374Jw0OjXyCY/3FxKA=="/>
    <POI MapID="54" xpos="-479.68" ypos="15.6791" zpos="687.028" type="resourcenode.ore.normal.iron" GUID="u3oIpEg87UiztF8wY2kZIA=="/>
    <POI MapID="32" xpos="909.699" ypos="37.7847" zpos="-89.8227" type="resourcenode.ore.normal.iron" GUID="PPYiQUgZaEqe41XFjhqFjQ=="/>
    <POI MapID="32" xpos="947.225" ypos="45.4394" zpos="-103.785" type="resourcenode.ore.normal.iron" GUID="tdvBSCCEAkCImAwuPbLceQ=="/>
    <POI MapID="32" xpos="951.122" ypos="40.1939" zpos="-146.131" type="resourcenode.ore.normal.iron" GUID="5gY+M7THVUqD3Ig33sEOGg=="/>
    <POI MapID="21" xpos="-226.151" ypos="45.5246" zpos="-857.58" type="resourcenode.ore.normal.iron" GUID="jrFcaFmu1U2qsly6A3zovg=="/>
    <POI MapID="21" xpos="-160.406" ypos="47.4586" zpos="-792.508" type="resourcenode.ore.normal.iron" GUID="kydPlQkczUuWlyc6g8Chgw=="/>
    <POI MapID="21" xpos="65.4435" ypos="30.7738" zpos="-783.183" type="resourcenode.ore.normal.iron" GUID="xaNtVU9T2kK1nfHiWAjVPg=="/>
    <POI MapID="21" xpos="172.535" ypos="45.724" zpos="-726.348" type="resourcenode.ore.normal.iron" GUID="+U3MxGvVM0q/nfgYI2dVyQ=="/>
    <POI MapID="23" xpos="828.835" ypos="31.5309" zpos="-299.187" type="resourcenode.ore.normal.iron" GUID="twF1M1PS8kqI0AVaDAlZMw=="/>
    <POI MapID="24" xpos="1048.36" ypos="74.6723" zpos="-530.588" type="resourcenode.ore.normal.iron" GUID="lRQ99K6/Gku+5q057ve7/A=="/>
    <POI MapID="31" xpos="728.102" ypos="53.0185" zpos="-6.42095" type="resourcenode.ore.normal.iron" GUID="Hld56S9YYU+33akABh7Kjw=="/>
    <POI MapID="29" xpos="-215.374" ypos="17.0389" zpos="548.386" type="resourcenode.ore.normal.iron" GUID="H7YUeUPwM0C8DQZoZzxpvQ=="/>
    <POI MapID="29" xpos="412.824" ypos="18.7081" zpos="837.817" type="resourcenode.ore.normal.iron" GUID="l5OM0GyOj0u6pjRyXsgB5Q=="/>
    <POI MapID="29" xpos="574.604" ypos="26.9822" zpos="606.575" type="resourcenode.ore.normal.iron" GUID="WEJhLsBgf0CDZJlMS+/SkQ=="/>
    <POI MapID="54" xpos="-682.755" ypos="36.7837" zpos="519.511" type="resourcenode.ore.normal.iron" GUID="dRB7G9RMN06kzbDABE+IFw=="/>
    <POI MapID="54" xpos="-763.479" ypos="12.2164" zpos="448.953" type="resourcenode.ore.normal.iron" GUID="04VazVr6n0Wl1YvsZDUoHA=="/>
    <POI MapID="23" xpos="-465.833" ypos="-16.1752" zpos="-363.403" type="resourcenode.ore.normal.iron" GUID="8i409CKyI0yWUp7iZScFAQ=="/>
    <POI MapID="23" xpos="-451.216" ypos="-67.5534" zpos="-261.146" type="resourcenode.ore.normal.iron" GUID="QoNnk9qDeEmX7WV8a1Qgww=="/>
    <POI MapID="23" xpos="-368.051" ypos="-88.6161" zpos="-241.17" type="resourcenode.ore.normal.iron" GUID="74Y6BJcdAUefi4X2BdNoug=="/>
    <POI MapID="23" xpos="-152.596" ypos="5.84985" zpos="-20.927" type="resourcenode.ore.normal.iron" GUID="3A0xAdjJs0GGjyAiADTbFg=="/>
    <POI MapID="73" xpos="409.991" ypos="-17.065" zpos="608.381" type="resourcenode.ore.normal.iron" GUID="/H6wt9G+QkaZDPa1GbfxdQ=="/>
    <POI MapID="73" xpos="280.351" ypos="-38.965" zpos="418.667" type="resourcenode.ore.normal.iron" GUID="pwqxrVW8LUma6PfodvmO4Q=="/>
    <POI MapID="73" xpos="128.971" ypos="-1.53075" zpos="105.898" type="resourcenode.ore.normal.iron" GUID="wV0qBi691UadxrcPGZO7Ww=="/>
    <POI MapID="20" xpos="-25.6213" ypos="33.1769" zpos="1057.07" type="resourcenode.ore.normal.iron" GUID="bPYlYYOuUUCO3Z0Y8T1uVQ=="/>
    <POI MapID="20" xpos="67.5713" ypos="15.0694" zpos="1016.54" type="resourcenode.ore.normal.iron" GUID="maQyE7TZQ0WuietvHRZoMw=="/>
    <POI MapID="20" xpos="103.838" ypos="31.9954" zpos="901.334" type="resourcenode.ore.normal.iron" GUID="VkvNBNtePE+3EJCuX1cvRw=="/>
    <POI MapID="20" xpos="225.564" ypos="13.2979" zpos="775.663" type="resourcenode.ore.normal.iron" GUID="DxjirHEiWUCUajlg1KUt8w=="/>
    <POI MapID="20" xpos="254.028" ypos="6.37075" zpos="733.572" type="resourcenode.ore.normal.iron" GUID="cARFBJmNJEGl6brJUpmNVQ=="/>
    <POI MapID="20" xpos="345.938" ypos="17.7984" zpos="829.572" type="resourcenode.ore.normal.iron" GUID="GCB0veGeiUSI30YGOjdPcg=="/>
    <POI MapID="20" xpos="327.533" ypos="23.1795" zpos="784.916" type="resourcenode.ore.normal.iron" GUID="zsO9xKq8gUCcwptdAY47dQ=="/>
    <POI MapID="20" xpos="387.259" ypos="42.5652" zpos="894.806" type="resourcenode.ore.normal.iron" GUID="RGT1Rw085k2jjHJKkmWQnw=="/>
    <POI MapID="20" xpos="280.549" ypos="25.0244" zpos="706.229" type="resourcenode.ore.normal.iron" GUID="oJJq0GXTAUap92+qf6kDVg=="/>
    <POI MapID="20" xpos="73.2707" ypos="29.402" zpos="153.399" type="resourcenode.ore.normal.iron" GUID="N5gUn+Od9E29ZIQjyK/QZQ=="/>
    <POI MapID="25" xpos="24.4504" ypos="16.6768" zpos="-518.874" type="resourcenode.ore.normal.iron" GUID="w756BxEGLEmy0ARrfZ8tzQ=="/>
    <POI MapID="25" xpos="-120.583" ypos="-9.90096" zpos="-895.352" type="resourcenode.ore.normal.iron" GUID="csKzhAoBHkS7Kw4rfqGTZA=="/>
    <POI MapID="73" xpos="375.582" ypos="44.7425" zpos="502.943" type="resourcenode.ore.normal.iron" GUID="HZ4olQoVnkmi/c8VRnuLAg=="/>
    <POI MapID="73" xpos="109.893" ypos="-54.6447" zpos="322.038" type="resourcenode.ore.normal.iron" GUID="eii1Le0YI0ugiW8MPgnbNw=="/>
    <POI MapID="73" xpos="-214.984" ypos="-58.7803" zpos="-260.275" type="resourcenode.ore.normal.iron" GUID="eYsvklOGKEaLkmvtrIkgtQ=="/>
    <POI MapID="73" xpos="-232.593" ypos="-63.6417" zpos="631.915" type="resourcenode.ore.normal.iron" GUID="skGK+NWEI0eNpKQxdWlaEg=="/>
    <POI MapID="73" xpos="-157.433" ypos="-23.1808" zpos="718.737" type="resourcenode.ore.normal.iron" GUID="Y4G6NdNSfkSpk5xkTLrIUQ=="/>
    <POI MapID="73" xpos="-121.249" ypos="-8.93913" zpos="659.089" type="resourcenode.ore.normal.iron" GUID="YFZtg9I3GEqc3xxcheN5tg=="/>
    <POI MapID="73" xpos="86.6537" ypos="-18.2031" zpos="785.883" type="resourcenode.ore.normal.iron" GUID="expw6UovFUSCW4UjPguNpw=="/>
    <POI MapID="73" xpos="257.558" ypos="13.9093" zpos="527.166" type="resourcenode.ore.normal.iron" GUID="242wOGZdjUiHBdeCnn5h1A=="/>
    <POI MapID="73" xpos="270.053" ypos="-7.29031" zpos="112.174" type="resourcenode.ore.normal.iron" GUID="2QUkhcOihECJZQJLlj9qtw=="/>
    <POI MapID="31" xpos="-131.738" ypos="59.8015" zpos="126.85" type="resourcenode.ore.normal.iron" GUID="eoh7+h3rwUqNd1WjUT3a1Q=="/>
    <POI MapID="31" xpos="-83.366" ypos="59.3398" zpos="74.0566" type="resourcenode.ore.normal.iron" GUID="FNB6chpltEac9cJj2z7i6w=="/>
    <POI MapID="31" xpos="-125.693" ypos="5.17734" zpos="-256.252" type="resourcenode.ore.normal.iron" GUID="JjMPizBlKU6884uDUVey/Q=="/>
    <POI MapID="31" xpos="-114.72" ypos="2.18748" zpos="-341.076" type="resourcenode.ore.normal.iron" GUID="nIwm0Jg4uEWCQF+iJEYnyw=="/>
    <POI MapID="31" xpos="477.183" ypos="61.3975" zpos="432.477" type="resourcenode.ore.normal.iron" GUID="OektapI0I0iv3QNeZCRMZw=="/>
    <POI MapID="31" xpos="587.606" ypos="74.047" zpos="326.016" type="resourcenode.ore.normal.iron" GUID="BStKolmWsUKS05xvB3en9Q=="/>
    <POI MapID="31" xpos="-730.77" ypos="50.8002" zpos="-455.563" type="resourcenode.ore.normal.iron" GUID="oIc8FwdTEk23N2v/jpIetA=="/>
    <POI MapID="31" xpos="-814.633" ypos="53.4842" zpos="-582.822" type="resourcenode.ore.normal.iron" GUID="r/gLavi/f02I5AAECAmL8Q=="/>
    <POI MapID="31" xpos="-805.116" ypos="58.8296" zpos="-551.953" type="resourcenode.ore.normal.iron" GUID="qkvwHDFYPEOsfx24oj3C5w=="/>
    <POI MapID="31" xpos="-865.785" ypos="58.1507" zpos="-534.885" type="resourcenode.ore.normal.iron" GUID="I0d1aTSxO02HnCzFqHVDPA=="/>
    <POI MapID="31" xpos="-882.052" ypos="42.8108" zpos="-411.266" type="resourcenode.ore.normal.iron" GUID="VpcYjKhn9k++YQ8bJXIHrg=="/>
    <POI MapID="31" xpos="-772.643" ypos="61.5442" zpos="316.022" type="resourcenode.ore.normal.iron" GUID="Oj5fkqZt7UOHO/xIz7aK4A=="/>
    <POI MapID="31" xpos="646.691" ypos="44.3018" zpos="-265.56" type="resourcenode.ore.normal.iron" GUID="R0zqyQyzOU27Wz1FNwlK5w=="/>
    <POI MapID="31" xpos="982.653" ypos="103.193" zpos="-264.641" type="resourcenode.ore.normal.iron" GUID="rNrd/5fKJ0uo+U11En5USA=="/>
    <POI MapID="31" xpos="987.497" ypos="111.69" zpos="-464.871" type="resourcenode.ore.normal.iron" GUID="WQLBL69p/kWOUFUJbfFBiA=="/>
    <POI MapID="31" xpos="935.472" ypos="52.7986" zpos="-10.9815" type="resourcenode.ore.normal.iron" GUID="tfK7s1Ayw0iFSN8GvfROvQ=="/>
    <POI MapID="31" xpos="567.771" ypos="44.2683" zpos="534.432" type="resourcenode.ore.normal.iron" GUID="45gznGD4n02wDoTDPobeLQ=="/>
    <POI MapID="31" xpos="369.631" ypos="77.9525" zpos="251.554" type="resourcenode.ore.normal.iron" GUID="5lRSuX8ywUunmu7oZilIkA=="/>
    <POI MapID="54" xpos="-776.675" ypos="9.03666" zpos="468.304" type="resourcenode.ore.normal.iron" GUID="c3GHe+D1uEKcj0Sj51Z+Kw=="/>
    <POI MapID="54" xpos="-497.929" ypos="37.7609" zpos="627.951" type="resourcenode.ore.normal.iron" GUID="ilFv7nmqb0CtOeF7JTiBXQ=="/>
    <POI MapID="54" xpos="188.754" ypos="47.4553" zpos="-551.956" type="resourcenode.ore.normal.iron" GUID="ES2aF1QH/U2AIeqzEcqvzw=="/>
    <POI MapID="54" xpos="361.167" ypos="36.3435" zpos="-321.386" type="resourcenode.ore.normal.iron" GUID="CAOCdnoWCU2U+I7IHFGmKA=="/>
    <POI MapID="54" xpos="377.471" ypos="32.6798" zpos="-229.077" type="resourcenode.ore.normal.iron" GUID="PEzPdbFqfkuUehoU1EJgzA=="/>
    <POI MapID="54" xpos="695.623" ypos="48.4069" zpos="-163.438" type="resourcenode.ore.normal.iron" GUID="0WTj2I5MEUGZbUA1j1c90A=="/>
    <POI MapID="54" xpos="736.968" ypos="48.1513" zpos="-199.836" type="resourcenode.ore.normal.iron" GUID="smX4uHJjfU62aQEA0vapjA=="/>
    <POI MapID="73" xpos="260.872" ypos="-49.3072" zpos="400.853" type="resourcenode.ore.normal.iron" GUID="9Ghh6tvmSkyZnxb0eHF2Lg=="/>
    <POI MapID="73" xpos="238.872" ypos="-46.0598" zpos="419.328" type="resourcenode.ore.normal.iron" GUID="35gSt4LMU0ewTuBzGZ0rDQ=="/>
    <POI MapID="73" xpos="127.051" ypos="-25.8991" zpos="416.815" type="resourcenode.ore.normal.iron" GUID="/jrk2hCitUCEdbnhCVi83g=="/>
    <POI MapID="73" xpos="233.95" ypos="-10.9608" zpos="111.441" type="resourcenode.ore.normal.iron" GUID="EBntGFRsfkemnKeHlXU1uQ=="/>
    <POI MapID="26" xpos="-288.777" ypos="60.6802" zpos="589.191" type="resourcenode.ore.normal.iron" GUID="eEdXRMRn90q5oIcAzJcl4g=="/>
    <POI MapID="26" xpos="-259.942" ypos="63.1827" zpos="605.958" type="resourcenode.ore.normal.iron" GUID="HsI7wK5ECUKoWZC8ChPlhg=="/>
    <POI MapID="54" xpos="-729.855" ypos="58.8606" zpos="486.079" type="resourcenode.ore.normal.iron" GUID="aiTvTYJ6+keQZ90FBT/VAg=="/>
    <POI MapID="54" xpos="-750.79" ypos="55.5087" zpos="420.619" type="resourcenode.ore.normal.iron" GUID="4CutZTsSF02NQNKDKp214w=="/>
    <POI MapID="54" xpos="-664.391" ypos="33.8295" zpos="332.963" type="resourcenode.ore.normal.iron" GUID="rQ99k9gqdEa+cOEEyZX/ew=="/>
    <POI MapID="54" xpos="-654.274" ypos="59.5857" zpos="340.534" type="resourcenode.ore.normal.iron" GUID="MBxowow4aEKFwoUVd71xww=="/>
    <POI MapID="21" xpos="591.377" ypos="23.7629" zpos="422.136" type="resourcenode.ore.normal.iron" GUID="2RrJE+fXrkWkWygF/eI0Iw=="/>
    <POI MapID="26" xpos="-484.651" ypos="1.04487" zpos="690.628" type="resourcenode.ore.normal.iron" GUID="KQorL1P+AkWH/OSVmNdzUA=="/>
    <POI MapID="26" xpos="-445.055" ypos="72.0247" zpos="826.791" type="resourcenode.ore.normal.iron" GUID="o6LC3xIms0+RmiFlntjjKQ=="/>
    <POI MapID="26" xpos="-437.386" ypos="77.7745" zpos="815.996" type="resourcenode.ore.normal.iron" GUID="glP9oh+ez023xEd8YIrfKA=="/>
    <POI MapID="21" xpos="579.61" ypos="32.9964" zpos="182.329" type="resourcenode.ore.normal.iron" GUID="2N7h2iYF00eChTWv1gaeow=="/>
    <POI MapID="73" xpos="362.656" ypos="-24.21" zpos="584.079" type="resourcenode.ore.normal.iron" GUID="TdyRgGgm8k2cEb8Fe4oV5Q=="/>
    <POI MapID="54" xpos="-565.822" ypos="72.6661" zpos="589.827" type="resourcenode.ore.normal.iron" GUID="IGIEObjlekSqXWG+Lsxicg=="/>
    <POI MapID="54" xpos="-769.708" ypos="83.5192" zpos="574.982" type="resourcenode.ore.normal.iron" GUID="VfvQif57SUWpV/M6FIC3AA=="/>
    <POI MapID="25" xpos="-194.795" ypos="11.4235" zpos="-1120.08" type="resourcenode.ore.normal.iron" GUID="UMXpUZKr0EWm5F08mQRAmw=="/>
    <POI MapID="25" xpos="27.853" ypos="18.2659" zpos="-986.154" type="resourcenode.ore.normal.iron" GUID="+UPFt+vr9kC5CU9MvMYf5w=="/>
    <POI MapID="25" xpos="285.019" ypos="-28.0023" zpos="-821.511" type="resourcenode.ore.normal.iron" GUID="iQiPcodfoUqux04V4aWSoA=="/>
    <POI MapID="73" xpos="71.6074" ypos="-38.7716" zpos="340.883" type="resourcenode.ore.normal.iron" GUID="8MdDF2vWmkOqPDy/phS49Q=="/>
    <POI MapID="73" xpos="56.0754" ypos="-17.9875" zpos="373.896" type="resourcenode.ore.normal.iron" GUID="Ck+SBJfa706uJoEO0nI77w=="/>
    <POI MapID="73" xpos="-330.315" ypos="-59.2667" zpos="-3.1376" type="resourcenode.ore.normal.iron" GUID="+7+4h///dk2jc/CMVhBFng=="/>
    <POI MapID="73" xpos="-417.668" ypos="-22.2813" zpos="41.0767" type="resourcenode.ore.normal.iron" GUID="m4UGv+oFGk2w3D57cP5y3Q=="/>
    <POI MapID="21" xpos="380.703" ypos="55.8324" zpos="-257.118" type="resourcenode.ore.normal.iron" GUID="+M55oxXS/UiIC/acbiNaPw=="/>
    <POI MapID="21" xpos="326.204" ypos="43.9457" zpos="-168.096" type="resourcenode.ore.normal.iron" GUID="qtVGpcFeZ0WaX4UrwZ3J6w=="/>
    <POI MapID="26" xpos="218.433" ypos="59.9702" zpos="-578.414" type="resourcenode.ore.normal.iron" GUID="xNuqr55J/kmqMe/dKIsTzg=="/>
    <POI MapID="32" xpos="200.72" ypos="3.79393" zpos="364.944" type="resourcenode.ore.normal.iron" GUID="UOK40tlbAk2Jb93aPOoVWg=="/>
    <POI MapID="32" xpos="118.865" ypos="56.7259" zpos="467.305" type="resourcenode.ore.normal.iron" GUID="jOlqZtlRNk+ni4OK69IzDg=="/>
    <POI MapID="32" xpos="43.036" ypos="74.2102" zpos="537.927" type="resourcenode.ore.normal.iron" GUID="Q0MVDn19vEejAch2tAM3fg=="/>
    <POI MapID="32" xpos="512.574" ypos="42.8309" zpos="-285.256" type="resourcenode.ore.normal.iron" GUID="sFTq+lvJMUO+H+GBEANEmQ=="/>
    <POI MapID="23" xpos="-284.037" ypos="-15.7784" zpos="-396.051" type="resourcenode.ore.normal.iron" GUID="aw4TMtRwkkCgCz77uHj7sQ=="/>
    <POI MapID="23" xpos="-251.542" ypos="10.2374" zpos="-242.932" type="resourcenode.ore.normal.iron" GUID="R9r1P9PwJkCEh+AkAgkrqQ=="/>
    <POI MapID="23" xpos="-294.419" ypos="-8.90212" zpos="-199.843" type="resourcenode.ore.normal.iron" GUID="QUhnWqtGmE+gzMnPLv0frQ=="/>
    <POI MapID="23" xpos="-361.565" ypos="-69.3958" zpos="-199.879" type="resourcenode.ore.normal.iron" GUID="2DKRQIkdRkCg/qZgDjZ3Fg=="/>
    <POI MapID="54" xpos="-510.301" ypos="51.2552" zpos="112.506" type="resourcenode.ore.normal.iron" GUID="rD2eVi62yUqzkOOBvfRQ0g=="/>
    <POI MapID="54" xpos="-557.879" ypos="41.4689" zpos="41.3456" type="resourcenode.ore.normal.iron" GUID="mUUACuLGWU6DzXAUUMiu6Q=="/>
    <POI MapID="24" xpos="867.497" ypos="50.1295" zpos="240.804" type="resourcenode.ore.normal.iron" GUID="de3dFZ0P+UeOWKgprpmvNg=="/>
    <POI MapID="24" xpos="-1171.46" ypos="15.0064" zpos="-347.728" type="resourcenode.ore.normal.iron" GUID="E3TB8Rixv0ObNCVHtMOz4g=="/>
    <POI MapID="73" xpos="-288.665" ypos="-54.4248" zpos="771.07" type="resourcenode.ore.normal.iron" GUID="m6yDNjUXl0abpQ9Hh9IduA=="/>
    <POI MapID="73" xpos="203.648" ypos="-49.3463" zpos="340.572" type="resourcenode.ore.normal.iron" GUID="Upwn3gN6l02clfkN3NlfRg=="/>
    <POI MapID="20" xpos="-142.46" ypos="33.1871" zpos="-750.548" type="resourcenode.ore.normal.iron" GUID="QbAOuJSmZ0GUdI7uq2bKdw=="/>
    <POI MapID="20" xpos="329.409" ypos="75.8826" zpos="-213.764" type="resourcenode.ore.normal.iron" GUID="ojKZA2+E/0ax6WFfzwn2YA=="/>
    <POI MapID="20" xpos="143.908" ypos="58.6981" zpos="-425.994" type="resourcenode.ore.normal.iron" GUID="icAGo4MBzUCusrADXqS/AQ=="/>
    <POI MapID="20" xpos="102.068" ypos="61.5762" zpos="-445.504" type="resourcenode.ore.normal.iron" GUID="2/lft2GT1kuWFKdk5Zy6jQ=="/>
    <POI MapID="20" xpos="159.065" ypos="26.2379" zpos="-982.114" type="resourcenode.ore.normal.iron" GUID="U0Uvc03dQ0eCCvTNYlXGSA=="/>
    <POI MapID="24" xpos="486.909" ypos="2.74745" zpos="-227.693" type="resourcenode.ore.normal.iron" GUID="A+ZX9/sp1Ei4Z+EsntpXgw=="/>
    <POI MapID="24" xpos="476.487" ypos="11.9973" zpos="-160.156" type="resourcenode.ore.normal.iron" GUID="EnbCNyecc0yKcCplCqUJkA=="/>
    <POI MapID="24" xpos="1096.59" ypos="71.4227" zpos="4.11696" type="resourcenode.ore.normal.iron" GUID="pzkiz2dxnUSFj76w2L1JEg=="/>
    <POI MapID="24" xpos="1069.86" ypos="70.6706" zpos="-53.8466" type="resourcenode.ore.normal.iron" GUID="lu2UhpIP2kKxrTFjQ5pyig=="/>
    <POI MapID="24" xpos="1120.96" ypos="48.7771" zpos="73.9409" type="resourcenode.ore.normal.iron" GUID="GLUAm5Br4UuAAp/b6sttKw=="/>
    <POI MapID="21" xpos="283.414" ypos="8.25973" zpos="446.483" type="resourcenode.ore.normal.iron" GUID="fmaFtME+ZkmJZxpXriB5Nw=="/>
    <POI MapID="27" xpos="-51.0039" ypos="118.899" zpos="1430.12" type="resourcenode.ore.normal.iron" GUID="rn3/bOKgL0ugECxuz/WaUg=="/>
    <POI MapID="27" xpos="-90.7409" ypos="118.068" zpos="1429.5" type="resourcenode.ore.normal.iron" GUID="vekhp84spk+IueuEK4IkBA=="/>
    <POI MapID="26" xpos="-77.5507" ypos="75.4467" zpos="-678.207" type="resourcenode.ore.normal.iron" GUID="BGNwv0XX3kKxgcrSzSOq1w=="/>
    <POI MapID="27" xpos="-201.28" ypos="108.884" zpos="1046.71" type="resourcenode.ore.normal.iron" GUID="iwpJBvdg7E6RtMaZ91O+bA=="/>
    <POI MapID="27" xpos="-252.558" ypos="66.1436" zpos="1378.29" type="resourcenode.ore.normal.iron" GUID="X9V2GktXTEOHZEEd+FbUQg=="/>
    <POI MapID="27" xpos="-141.129" ypos="85.9067" zpos="1238.82" type="resourcenode.ore.normal.iron" GUID="/0nbrOsJokilZEQmJjtp1w=="/>
    <POI MapID="27" xpos="444.529" ypos="193.27" zpos="827.113" type="resourcenode.ore.normal.iron" GUID="xXwyqyYhjUmp7b1pStBw3w=="/>
    <POI MapID="54" xpos="-719.516" ypos="20.7058" zpos="353.416" type="resourcenode.ore.normal.iron" GUID="Hv/UxY3u1ECtU24EsGiYDw=="/>
    <POI MapID="54" xpos="-616.644" ypos="62.6531" zpos="353.046" type="resourcenode.ore.normal.iron" GUID="GP5q83cs2E2d+uM3evG7Kw=="/>
    <POI MapID="23" xpos="-428.158" ypos="-26.7095" zpos="-323.363" type="resourcenode.ore.normal.iron" GUID="RBamP2+AjEefeKnMjpyUKQ=="/>
    <POI MapID="54" xpos="-164.569" ypos="11.1885" zpos="-310.401" type="resourcenode.ore.normal.iron" GUID="K2BZYd5ugE+hqKBbk74nUQ=="/>
    <POI MapID="27" xpos="181.45" ypos="147.486" zpos="642.839" type="resourcenode.ore.normal.iron" GUID="1cuG5GlSA0WZDT7zzBpBWA=="/>
    <POI MapID="27" xpos="195.283" ypos="119.067" zpos="556.341" type="resourcenode.ore.normal.iron" GUID="Q//QzcOuz06BYVsPxg2Rkw=="/>
    <POI MapID="27" xpos="157.263" ypos="120.525" zpos="488.802" type="resourcenode.ore.normal.iron" GUID="coWeMwub/UiarOWBEQEvug=="/>
    <POI MapID="27" xpos="279.844" ypos="145.781" zpos="366.677" type="resourcenode.ore.normal.iron" GUID="L+zsg/a6eEO7Ni/cQ5nmBg=="/>
    <POI MapID="968" xpos="408.257" ypos="125.846" zpos="172.284" type="resourcenode.ore.normal.iron" GUID="r52XYk2fj023xO0qi30vig=="/>
    <POI MapID="968" xpos="127.476" ypos="137.752" zpos="-561.707" type="resourcenode.ore.normal.iron" GUID="2fHI2yX+SkCEA5qhgnkNrw=="/>
    <POI MapID="32" xpos="733.49" ypos="21.2019" zpos="178.175" type="resourcenode.ore.normal.iron" GUID="NN1ts3Tu30iy3vLuu++1Zw=="/>
    <POI MapID="32" xpos="315.827" ypos="29.8217" zpos="-552.186" type="resourcenode.ore.normal.iron" GUID="qllTZkAjY0mnoMwGgRFTqg=="/>
    <POI MapID="27" xpos="-301.637" ypos="118.348" zpos="950.897" type="resourcenode.ore.normal.iron" GUID="XADiojChGkivoRTn8glBBg=="/>
    <POI MapID="17" xpos="-308.917" ypos="39.0762" zpos="70.6714" type="resourcenode.ore.normal.iron" GUID="w8SrTAGVnki07i6hznseRw=="/>
    <POI MapID="17" xpos="-286.593" ypos="41.8442" zpos="2.81672" type="resourcenode.ore.normal.iron" GUID="d9jm5+rAEk6k81950YyQaw=="/>
    <POI MapID="17" xpos="46.1227" ypos="-42.0171" zpos="-524.411" type="resourcenode.ore.normal.iron" GUID="TYsXEiE1/kmVv1xpBNIiwg=="/>
    <POI MapID="17" xpos="187.222" ypos="9.13887" zpos="-750.93" type="resourcenode.ore.normal.iron" GUID="krBccWnroECt8AqzgbDIYQ=="/>
    <POI MapID="17" xpos="303.345" ypos="40.1633" zpos="-562.876" type="resourcenode.ore.normal.iron" GUID="Lher5cE/mkmCuMc/3H0kKQ=="/>
    <POI MapID="17" xpos="427.323" ypos="16.9497" zpos="-584.084" type="resourcenode.ore.normal.iron" GUID="UU/p5BgvB06LVPrMacqGJg=="/>
    <POI MapID="17" xpos="523.816" ypos="57.4152" zpos="216.785" type="resourcenode.ore.normal.iron" GUID="gNoxtOExjk2ZtnSws/zYfQ=="/>
    <POI MapID="17" xpos="511.82" ypos="58.0341" zpos="210.416" type="resourcenode.ore.normal.iron" GUID="7HFwK+1WPk+UB0Ii34wRUQ=="/>
    <POI MapID="17" xpos="524.497" ypos="62.3047" zpos="187.974" type="resourcenode.ore.normal.iron" GUID="+qthmHr7o0qgYgr4Fq0TqQ=="/>
    <POI MapID="968" xpos="-245.95" ypos="165.823" zpos="-457.515" type="resourcenode.ore.normal.iron" GUID="Y1pbBA/3AECmV7f9T0/03Q=="/>
    <POI MapID="968" xpos="28.6516" ypos="144.911" zpos="175.445" type="resourcenode.ore.normal.iron" GUID="ewsuMHji3kCna++00K6lZQ=="/>
    <POI MapID="31" xpos="-319.633" ypos="4.9637" zpos="-3.41674" type="resourcenode.ore.normal.iron" GUID="4FkR7ALhBkeXiikV9mKMcQ=="/>
    <POI MapID="29" xpos="130.796" ypos="59.9896" zpos="810.773" type="resourcenode.ore.normal.iron" GUID="j/szgVqFa0yiSHmSs15eUw=="/>
    <POI MapID="27" xpos="397.781" ypos="90.2249" zpos="-1307.03" type="resourcenode.ore.normal.iron" GUID="8UbMjcG7+EGsO475kBHnXA=="/>
    <POI MapID="17" xpos="947.299" ypos="75.2545" zpos="-171.472" type="resourcenode.ore.normal.iron" GUID="eUkeDGqJek6rVgBTdkfCCQ=="/>
    <POI MapID="17" xpos="936.665" ypos="74.4027" zpos="-149.931" type="resourcenode.ore.normal.iron" GUID="xoz0hrzHwUa7FLaOiwMtSw=="/>
    <POI MapID="17" xpos="622.523" ypos="62.0278" zpos="57.2012" type="resourcenode.ore.normal.iron" GUID="h+AAUjQ7hkSq4w+xodhM2Q=="/>
    <POI MapID="17" xpos="912.266" ypos="67.4434" zpos="184.618" type="resourcenode.ore.normal.iron" GUID="xAkDZQm+ikui19ufJPIDBg=="/>
    <POI MapID="26" xpos="-207.333" ypos="113.83" zpos="-275.744" type="resourcenode.ore.normal.iron" GUID="bbLeYEc3SkCvee3Y8aZsVA=="/>
    <POI MapID="26" xpos="-116.484" ypos="134.106" zpos="-128.563" type="resourcenode.ore.normal.iron" GUID="raATghrQn0OEgPRmyUouOw=="/>
    <POI MapID="26" xpos="-25.8689" ypos="128.404" zpos="-188.516" type="resourcenode.ore.normal.iron" GUID="NepDsyIvgEi8dG1cX7AibA=="/>
    <POI MapID="26" xpos="-53.8772" ypos="125.14" zpos="-145.857" type="resourcenode.ore.normal.iron" GUID="/+IJKISPUkWqVF+1fdjp3Q=="/>
    <POI MapID="21" xpos="576.623" ypos="22.4433" zpos="51.8262" type="resourcenode.ore.normal.iron" GUID="V+eg3Z2e4k6iuPT4pQz4Zw=="/>
    <POI MapID="32" xpos="250.517" ypos="1.65407" zpos="331.262" type="resourcenode.ore.normal.iron" GUID="CXoA4ptLDE+17MBuvmgmig=="/>
    <POI MapID="32" xpos="-1.16072" ypos="1.90955" zpos="236.049" type="resourcenode.ore.normal.iron" GUID="7MITYYrBQ0aJOZE7s2p1Qw=="/>
    <POI MapID="21" xpos="342.813" ypos="-5.12273" zpos="504.969" type="resourcenode.ore.normal.iron" GUID="7XSDluuMdkGo0TNF2/dRcg=="/>
    <POI MapID="23" xpos="-898.896" ypos="16.769" zpos="-14.6187" type="resourcenode.ore.normal.iron" GUID="NgWx1Fl+NE+/J1qPIAeU1Q=="/>
    <POI MapID="23" xpos="-925.079" ypos="15.3596" zpos="52.9043" type="resourcenode.ore.normal.iron" GUID="btrn/p6PH0ayaGoBSaQb+w=="/>
    <POI MapID="20" xpos="-36.1162" ypos="34.8274" zpos="-1047.29" type="resourcenode.ore.normal.iron" GUID="s55x/GqS5EuzLLxswB2WBQ=="/>
    <POI MapID="24" xpos="-431.406" ypos="-29.7968" zpos="-440.432" type="resourcenode.ore.normal.iron" GUID="9RRYrzCftkaYs4wqVi3pIg=="/>
    <POI MapID="23" xpos="968.251" ypos="50.2472" zpos="179.293" type="resourcenode.ore.normal.iron" GUID="Fzh6qsWuo0iy4ilgoodfcA=="/>
    <POI MapID="23" xpos="716.763" ypos="90.8731" zpos="-228.803" type="resourcenode.ore.normal.iron" GUID="JxwCH7bLM0So3wqFqUBWLg=="/>
    <POI MapID="23" xpos="724.661" ypos="88.0536" zpos="-383.93" type="resourcenode.ore.normal.iron" GUID="zCMRuv+ZkEGiRR91ZS0Osw=="/>
    <POI MapID="26" xpos="-212.237" ypos="78.5084" zpos="766.852" type="resourcenode.ore.normal.iron" GUID="v3ZlCNBXcEqpQLRC9+hfvw=="/>
  </POIs>
</OverlayData>