<OverlayData>
  <MarkerCategory name="ResourceNode" DisplayName="Resource Nodes" data-class="fade-1" behavior="1" iconFile="Data/ResourceNode.png" data-iconFile="Data/ResourceNode.png" fadeFar="16800" fadeNear="8400">
    <MarkerCategory name="Ore" iconFile="Data/ResourceNode/Ore.png" data-iconFile="Data/Ore.png">
      <MarkerCategory name="Normal">
        <MarkerCategory name="Platinum"/>
      </MarkerCategory>
    </MarkerCategory>
  </MarkerCategory>
  <POIs>
    <POI MapID="22" xpos="-425.951" ypos="87.7113" zpos="647.63" type="resourcenode.ore.normal.platinum" GUID="gYslMSDn1EiNU3PsbUhg3w=="/>
    <POI MapID="73" xpos="446.539" ypos="-7.21967" zpos="209.904" type="resourcenode.ore.normal.platinum" GUID="qWa04eBXjECNp80BjoFgEQ=="/>
    <POI MapID="73" xpos="426.632" ypos="-8.19152" zpos="279.408" type="resourcenode.ore.normal.platinum" GUID="+P2FCKmQAEeQ0Mnwae5SHQ=="/>
    <POI MapID="73" xpos="244.126" ypos="-7.86072" zpos="186.606" type="resourcenode.ore.normal.platinum" GUID="+ig7qxurHkqLwKemzZdPUw=="/>
    <POI MapID="73" xpos="-106.27" ypos="-69.3097" zpos="-35.7731" type="resourcenode.ore.normal.platinum" GUID="Yq2TACUc0UmwxuMQa1PZcw=="/>
    <POI MapID="73" xpos="-251.317" ypos="-74.9188" zpos="-216.414" type="resourcenode.ore.normal.platinum" GUID="fWry9bUbv0mepG8MrJUpPA=="/>
    <POI MapID="73" xpos="-337.88" ypos="-72.0067" zpos="-104.201" type="resourcenode.ore.normal.platinum" GUID="PCDDZOg4ikWOu6gHM6QRwA=="/>
    <POI MapID="73" xpos="-208.924" ypos="-27.4846" zpos="-807.401" type="resourcenode.ore.normal.platinum" GUID="84GYk8Fs5UiXBvl4AIJZUA=="/>
    <POI MapID="73" xpos="-171.302" ypos="-45.381" zpos="-790.958" type="resourcenode.ore.normal.platinum" GUID="1oNZZ+nST0aBcI50hN0tBQ=="/>
    <POI MapID="73" xpos="-163.918" ypos="-64.5271" zpos="-709.145" type="resourcenode.ore.normal.platinum" GUID="gYBzDlb62k+Gth9etsGrVA=="/>
    <POI MapID="73" xpos="-78.9652" ypos="-62.501" zpos="-794.259" type="resourcenode.ore.normal.platinum" GUID="aaTqN6qHtkmdyEkRDOnq/w=="/>
    <POI MapID="73" xpos="-85.1531" ypos="-71.925" zpos="-637.602" type="resourcenode.ore.normal.platinum" GUID="3aQpP4q1pkKN9ny132T+5w=="/>
    <POI MapID="73" xpos="-52.7857" ypos="-30.14" zpos="-573.705" type="resourcenode.ore.normal.platinum" GUID="P2/cGM3bHUupA25oAi3XRg=="/>
    <POI MapID="73" xpos="-108.322" ypos="-25.3225" zpos="-555.224" type="resourcenode.ore.normal.platinum" GUID="eirkKzBsqE++1ZIQF0IeWA=="/>
    <POI MapID="53" xpos="-723.006" ypos="13.395" zpos="-721.308" type="resourcenode.ore.normal.platinum" GUID="XxNiwO7gl0aypAAUdSfing=="/>
    <POI MapID="53" xpos="-682.072" ypos="-34.5943" zpos="-666.712" type="resourcenode.ore.normal.platinum" GUID="CSjSDimvekqgwpmgStPT/w=="/>
    <POI MapID="73" xpos="-147.963" ypos="-54.126" zpos="-641.767" type="resourcenode.ore.normal.platinum" GUID="nQN+YhKAxUaK17rD+FBY4g=="/>
    <POI MapID="73" xpos="250.898" ypos="-8.59613" zpos="-837.888" type="resourcenode.ore.normal.platinum" GUID="OHXRHW/IEkaN1X8WQ9fG8Q=="/>
    <POI MapID="73" xpos="69.0838" ypos="-54.4866" zpos="-771.173" type="resourcenode.ore.normal.platinum" GUID="ofKAKPlYM0+RK09W2IR/kQ=="/>
    <POI MapID="73" xpos="93.7579" ypos="-54.8492" zpos="-747.554" type="resourcenode.ore.normal.platinum" GUID="Xkw/GEnBMkSsXzHfyHYffA=="/>
    <POI MapID="73" xpos="81.1511" ypos="-59.2063" zpos="-684.244" type="resourcenode.ore.normal.platinum" GUID="CUYvV3h4REWuPKbgpN40Ew=="/>
    <POI MapID="73" xpos="-124.674" ypos="-64.3586" zpos="-718.286" type="resourcenode.ore.normal.platinum" GUID="r/tkQcIx1EuAa6itUy7+7w=="/>
    <POI MapID="73" xpos="-142.928" ypos="-30.5848" zpos="-838.506" type="resourcenode.ore.normal.platinum" GUID="MsOuj/gNwUW9F4unIIkS3w=="/>
    <POI MapID="73" xpos="-165.672" ypos="-27.5154" zpos="-821.873" type="resourcenode.ore.normal.platinum" GUID="SIaz0nUwrkauCQbiTFwDwg=="/>
    <POI MapID="73" xpos="-86.2271" ypos="-30.3187" zpos="-835.901" type="resourcenode.ore.normal.platinum" GUID="3oKsp0mW+k25yUxkAnYs+Q=="/>
    <POI MapID="73" xpos="-317.074" ypos="-26.2788" zpos="-490.175" type="resourcenode.ore.normal.platinum" GUID="TJIJ24gkq0eZTfHB/LICLg=="/>
    <POI MapID="73" xpos="-174.844" ypos="-86.0198" zpos="11.0779" type="resourcenode.ore.normal.platinum" GUID="LvCQr/o1Ukmo7v5mCH9Baw=="/>
    <POI MapID="73" xpos="437.647" ypos="-4.76549" zpos="899.487" type="resourcenode.ore.normal.platinum" GUID="EtQ4UzREyEKUV4bvRq62BA=="/>
    <POI MapID="73" xpos="516.964" ypos="-6.64469" zpos="349.605" type="resourcenode.ore.normal.platinum" GUID="lnYe/h7KfEaO+m+4Z973/Q=="/>
    <POI MapID="73" xpos="572.352" ypos="-7.31889" zpos="357.235" type="resourcenode.ore.normal.platinum" GUID="KFeRhgHPZEqL8nX7FO985w=="/>
    <POI MapID="39" xpos="-966.891" ypos="71.7579" zpos="371.05" type="resourcenode.ore.normal.platinum" GUID="g+ylJAH4sEiynSI0EJjyGA=="/>
    <POI MapID="39" xpos="-988.923" ypos="78.631" zpos="425.128" type="resourcenode.ore.normal.platinum" GUID="GFPxbOToY0uTLk705Q338A=="/>
    <POI MapID="39" xpos="-1091.38" ypos="60.3774" zpos="307.71" type="resourcenode.ore.normal.platinum" GUID="Mmp96rGzQk6QG89gKQ1ocQ=="/>
    <POI MapID="39" xpos="-969.259" ypos="18.4561" zpos="-411.933" type="resourcenode.ore.normal.platinum" GUID="Rtaa4cLqX0uvBjq8junsBg=="/>
    <POI MapID="39" xpos="-787.677" ypos="37.9086" zpos="-418.13" type="resourcenode.ore.normal.platinum" GUID="Iy3me0Sdnk+1lxeHImM7wA=="/>
    <POI MapID="39" xpos="-698.3" ypos="60.8252" zpos="-483.035" type="resourcenode.ore.normal.platinum" GUID="XkWC+ZobgUylstoXnm71jQ=="/>
    <POI MapID="39" xpos="-398.005" ypos="92.9204" zpos="-592.506" type="resourcenode.ore.normal.platinum" GUID="lpZjeZX+a0S3KYf7utd6yQ=="/>
    <POI MapID="39" xpos="-382.148" ypos="43.0355" zpos="-652.167" type="resourcenode.ore.normal.platinum" GUID="NqHERwN9EES/UVKKgIYilQ=="/>
    <POI MapID="53" xpos="-294.554" ypos="20.3523" zpos="-819.613" type="resourcenode.ore.normal.platinum" GUID="JNyTMEboeUCxPrXkTbM/Gw=="/>
    <POI MapID="53" xpos="-206.408" ypos="59.1472" zpos="-877.439" type="resourcenode.ore.normal.platinum" GUID="AD5FGTD6xkqVgTOOxJnqyg=="/>
    <POI MapID="53" xpos="-369.072" ypos="2.85433" zpos="-729.446" type="resourcenode.ore.normal.platinum" GUID="BrUevrlUGUq5RL0yluMVVA=="/>
    <POI MapID="53" xpos="-538.862" ypos="-20.5659" zpos="-587.927" type="resourcenode.ore.normal.platinum" GUID="XN/mhp9xhEueZsjZCJkM9g=="/>
    <POI MapID="73" xpos="-138.271" ypos="-30.9186" zpos="-569.057" type="resourcenode.ore.normal.platinum" GUID="3Kabxt1XkUCxVnWe7NgJhg=="/>
    <POI MapID="73" xpos="-178.234" ypos="-39.9228" zpos="-602.422" type="resourcenode.ore.normal.platinum" GUID="hXbnefqaSkO1UciG4EOsQQ=="/>
    <POI MapID="73" xpos="-211.779" ypos="-44.113" zpos="-718.376" type="resourcenode.ore.normal.platinum" GUID="SfbnRJIz30qDfTZRIshqQg=="/>
    <POI MapID="73" xpos="59.8584" ypos="-66.1808" zpos="-733.79" type="resourcenode.ore.normal.platinum" GUID="BGTIf6KwW0WkMUCzdED/kA=="/>
    <POI MapID="73" xpos="196.809" ypos="-28.1442" zpos="-671.167" type="resourcenode.ore.normal.platinum" GUID="qoGYSXpowU+4jhl1TB1o1g=="/>
    <POI MapID="73" xpos="643.926" ypos="12.4023" zpos="404.042" type="resourcenode.ore.normal.platinum" GUID="gCR7Xo8DmUaquNIi/60KpA=="/>
    <POI MapID="53" xpos="-622.369" ypos="-34.0949" zpos="-636.816" type="resourcenode.ore.normal.platinum" GUID="gBEucHE7YE2f69HWlG35VA=="/>
    <POI MapID="53" xpos="-369.355" ypos="20.9729" zpos="522.793" type="resourcenode.ore.normal.platinum" GUID="9hzAnrVIwUed/hAXRfBoMQ=="/>
    <POI MapID="53" xpos="-604.879" ypos="102.786" zpos="398.227" type="resourcenode.ore.normal.platinum" GUID="qi0IFyjv90Ki4Q3FpGCsiQ=="/>
    <POI MapID="53" xpos="-470.01" ypos="4.66905" zpos="94.6843" type="resourcenode.ore.normal.platinum" GUID="OkUM+ozgd068GyogxO71lQ=="/>
    <POI MapID="53" xpos="-441.783" ypos="10.7437" zpos="-20.2722" type="resourcenode.ore.normal.platinum" GUID="9JJpFqXM1keRiFa07/3jmQ=="/>
    <POI MapID="53" xpos="-724.782" ypos="11.8856" zpos="-151.506" type="resourcenode.ore.normal.platinum" GUID="t1h4Xaf3/kCq1/tK7R/tOA=="/>
    <POI MapID="53" xpos="-678.762" ypos="0.152202" zpos="-293.709" type="resourcenode.ore.normal.platinum" GUID="ajAE92R7OUyW4CXiJot7YQ=="/>
    <POI MapID="53" xpos="728.411" ypos="62.6036" zpos="-29.7146" type="resourcenode.ore.normal.platinum" GUID="AnEtnyLmekqzvTmErkRyWQ=="/>
    <POI MapID="53" xpos="658.782" ypos="75.1502" zpos="-60.8913" type="resourcenode.ore.normal.platinum" GUID="078dTMCr6EmUOSOskY/YEg=="/>
    <POI MapID="53" xpos="682.398" ypos="92.4145" zpos="211.515" type="resourcenode.ore.normal.platinum" GUID="y8Y85b28Tkm9tH28ZYmR6g=="/>
    <POI MapID="53" xpos="369.967" ypos="53.9354" zpos="340.991" type="resourcenode.ore.normal.platinum" GUID="7fSdsRa9m0CV90zx2ojevg=="/>
    <POI MapID="53" xpos="183.799" ypos="-0.902396" zpos="328.299" type="resourcenode.ore.normal.platinum" GUID="QhO+ldvi90aCuprc5KzZOQ=="/>
    <POI MapID="53" xpos="306.394" ypos="0.309464" zpos="-115.619" type="resourcenode.ore.normal.platinum" GUID="ypTVslKW20y2oCsXmWn1Eg=="/>
    <POI MapID="53" xpos="366.552" ypos="17.363" zpos="-178.038" type="resourcenode.ore.normal.platinum" GUID="xGxG0ypg4EuvLPhUDmlcZw=="/>
    <POI MapID="53" xpos="485.058" ypos="-0.204589" zpos="-645.345" type="resourcenode.ore.normal.platinum" GUID="oesNM08l/USWp7aHQfZDiA=="/>
    <POI MapID="53" xpos="93.007" ypos="5.87942" zpos="-652.622" type="resourcenode.ore.normal.platinum" GUID="HQ5iwWmhzEeP4w4OnL4erQ=="/>
    <POI MapID="53" xpos="-246.224" ypos="32.5069" zpos="-421.881" type="resourcenode.ore.normal.platinum" GUID="9WfkF9kPmE+kSfEj8aBoRw=="/>
    <POI MapID="53" xpos="-296.529" ypos="46.7532" zpos="-351.976" type="resourcenode.ore.normal.platinum" GUID="MDoJxcGGyESxf98TRHRUYA=="/>
    <POI MapID="53" xpos="-280.694" ypos="1.54712" zpos="-266.708" type="resourcenode.ore.normal.platinum" GUID="c8vqnJf9g0CFjU56goKlQQ=="/>
    <POI MapID="53" xpos="-409.845" ypos="-7.92978" zpos="-305.336" type="resourcenode.ore.normal.platinum" GUID="5sVlbEMP9k6yJ1NY+5RqnQ=="/>
    <POI MapID="53" xpos="-287.56" ypos="32.3393" zpos="-606.536" type="resourcenode.ore.normal.platinum" GUID="3ygJ3i6zbUCHGwGw2MoUiA=="/>
    <POI MapID="25" xpos="80.5826" ypos="29.282" zpos="-395.91" type="resourcenode.ore.normal.platinum" GUID="UJIsTmNNQ0quXfi+9qgf0w=="/>
    <POI MapID="25" xpos="-46.5802" ypos="29.8284" zpos="19.6653" type="resourcenode.ore.normal.platinum" GUID="kiOmrQxFcUWJGBOxqO9aBg=="/>
    <POI MapID="25" xpos="-215.417" ypos="0.670125" zpos="592.379" type="resourcenode.ore.normal.platinum" GUID="6h7NfZsUoEew07zktmPeOQ=="/>
    <POI MapID="25" xpos="-6.91199" ypos="17.8275" zpos="-352.015" type="resourcenode.ore.normal.platinum" GUID="U5zoqBzCsEylS8tz+6viUw=="/>
    <POI MapID="25" xpos="-314.902" ypos="3.3536" zpos="146.543" type="resourcenode.ore.normal.platinum" GUID="VOOrvQE1BUKLxUeZNODbCQ=="/>
    <POI MapID="22" xpos="-799.996" ypos="48.3845" zpos="-460.646" type="resourcenode.ore.normal.platinum" GUID="Rj1cQCRQ3EW3Vn5KI9rjdQ=="/>
    <POI MapID="22" xpos="-724.47" ypos="77.6231" zpos="37.7698" type="resourcenode.ore.normal.platinum" GUID="sptN0xXAhkeNJJZ47OSB0A=="/>
    <POI MapID="22" xpos="-632.732" ypos="78.988" zpos="69.6135" type="resourcenode.ore.normal.platinum" GUID="aZ2ITL6oDUeTluffJw81iw=="/>
    <POI MapID="22" xpos="-217.498" ypos="14.5676" zpos="225.718" type="resourcenode.ore.normal.platinum" GUID="/a5Uivm3BUyaK6T+yomUow=="/>
    <POI MapID="22" xpos="5.57769" ypos="62.9419" zpos="248.955" type="resourcenode.ore.normal.platinum" GUID="Ebtzn5B5vkuqcHoCWYMuRg=="/>
    <POI MapID="22" xpos="649.579" ypos="3.42206" zpos="-684.858" type="resourcenode.ore.normal.platinum" GUID="gfznd+hTmE+prNemjERczA=="/>
    <POI MapID="22" xpos="389.521" ypos="-5.11702" zpos="-566.028" type="resourcenode.ore.normal.platinum" GUID="Fpt06JiQfUqUk6Lb6iu17g=="/>
    <POI MapID="22" xpos="907.367" ypos="1.26038" zpos="-443.971" type="resourcenode.ore.normal.platinum" GUID="RbWxlytZ1kG2MNkeHzMy+Q=="/>
    <POI MapID="22" xpos="957.346" ypos="2.64577" zpos="-407.704" type="resourcenode.ore.normal.platinum" GUID="0G3LbJU64Uy40/z/Z2Emyg=="/>
    <POI MapID="22" xpos="985.87" ypos="-4.62876" zpos="-387.875" type="resourcenode.ore.normal.platinum" GUID="UQev8c2vRk2M/P9LjzfA8Q=="/>
    <POI MapID="22" xpos="939.816" ypos="6.22629" zpos="-341.057" type="resourcenode.ore.normal.platinum" GUID="PdJpEjtgdEes6/qU/S0jpQ=="/>
    <POI MapID="22" xpos="560.516" ypos="13.4796" zpos="-393.487" type="resourcenode.ore.normal.platinum" GUID="wIl/nYdYkk6lgivHRtKhrQ=="/>
    <POI MapID="22" xpos="443.65" ypos="2.1081" zpos="-511.267" type="resourcenode.ore.normal.platinum" GUID="v4BhkhY3RUaRb2nkk3UjEw=="/>
    <POI MapID="22" xpos="359.789" ypos="-11.9854" zpos="-499.792" type="resourcenode.ore.normal.platinum" GUID="ldOdT1gS3UO1pB2J1jdmCg=="/>
    <POI MapID="25" xpos="-245.636" ypos="14.524" zpos="910.105" type="resourcenode.ore.normal.platinum" GUID="oCAzAD4RBkC0aiOz7PcyWQ=="/>
    <POI MapID="22" xpos="-804.249" ypos="47.1707" zpos="-542.649" type="resourcenode.ore.normal.platinum" GUID="N/4UMDqpeEGDlwcGodnmpg=="/>
    <POI MapID="22" xpos="-497.004" ypos="65.5176" zpos="761.444" type="resourcenode.ore.normal.platinum" GUID="2/vR+T1dD0K+zPF1GjEIkg=="/>
    <POI MapID="22" xpos="-773.421" ypos="53.83" zpos="591.472" type="resourcenode.ore.normal.platinum" GUID="yvqf60VBe0ypDEnR2EfNqQ=="/>
    <POI MapID="22" xpos="-688.467" ypos="-32.0886" zpos="452.363" type="resourcenode.ore.normal.platinum" GUID="qJ6EiKx6lU266jyQ8C91lA=="/>
    <POI MapID="22" xpos="-663.925" ypos="-28.0695" zpos="335.746" type="resourcenode.ore.normal.platinum" GUID="l7vOHq+mrkeQdmgmzayNtQ=="/>
    <POI MapID="22" xpos="-678.821" ypos="-37.4948" zpos="312.717" type="resourcenode.ore.normal.platinum" GUID="3ZqVyraR9EyxnDi+yRId2A=="/>
    <POI MapID="53" xpos="-636.882" ypos="46.3558" zpos="704.587" type="resourcenode.ore.normal.platinum" GUID="FTWCZFT7A0CuZIlxu/1oVg=="/>
    <POI MapID="53" xpos="420.226" ypos="0.16768" zpos="713.403" type="resourcenode.ore.normal.platinum" GUID="41CaaPcjckiz44T5ZdyILw=="/>
    <POI MapID="53" xpos="236.941" ypos="49.9918" zpos="872.322" type="resourcenode.ore.normal.platinum" GUID="TXfPntgaTUeKMTCyC+FKaQ=="/>
    <POI MapID="53" xpos="471.519" ypos="35.7951" zpos="-517.429" type="resourcenode.ore.normal.platinum" GUID="/SqwVsipKUyystCHhLj0Ug=="/>
    <POI MapID="53" xpos="283.454" ypos="-0.369194" zpos="-450.038" type="resourcenode.ore.normal.platinum" GUID="J8ww7xuGNk62BcxQBnyznQ=="/>
    <POI MapID="53" xpos="213.471" ypos="0.0328415" zpos="-475.073" type="resourcenode.ore.normal.platinum" GUID="bEuATRly1ECfo43IU9lIgw=="/>
    <POI MapID="22" xpos="848.508" ypos="-16.2218" zpos="-440.521" type="resourcenode.ore.normal.platinum" GUID="ihwatZPo8kqeHxIiphW55A=="/>
    <POI MapID="73" xpos="366.797" ypos="-15.0842" zpos="195.077" type="resourcenode.ore.normal.platinum" GUID="RAOSAtYsLEu8lExLpdoCCg=="/>
    <POI MapID="73" xpos="-235.756" ypos="-47.4306" zpos="16.2175" type="resourcenode.ore.normal.platinum" GUID="VCXpeaxjq0qWWZbQpYBzOA=="/>
    <POI MapID="73" xpos="-184.907" ypos="-7.62389" zpos="-395.422" type="resourcenode.ore.normal.platinum" GUID="/PJSv3jxiU+5vLFjLkHkZw=="/>
    <POI MapID="73" xpos="164.742" ypos="-46.885" zpos="-788.446" type="resourcenode.ore.normal.platinum" GUID="kQeVSXYzTk+BH/qVck4pOQ=="/>
    <POI MapID="73" xpos="198.077" ypos="-18.5247" zpos="-822.213" type="resourcenode.ore.normal.platinum" GUID="XEi5CYYUgUy37Vo3olqC7w=="/>
    <POI MapID="73" xpos="254.921" ypos="-19.8234" zpos="-721.235" type="resourcenode.ore.normal.platinum" GUID="icfyovqHCE6D4y+veOGqAA=="/>
    <POI MapID="25" xpos="-456.793" ypos="45.6058" zpos="-454.332" type="resourcenode.ore.normal.platinum" GUID="V35xRzipSE2Yq+XrrT33Dg=="/>
    <POI MapID="25" xpos="-452.234" ypos="41.4442" zpos="-222.514" type="resourcenode.ore.normal.platinum" GUID="tkpER4VMnk+d8hHjdRwPdQ=="/>
    <POI MapID="25" xpos="-173.476" ypos="41.3812" zpos="-217.91" type="resourcenode.ore.normal.platinum" GUID="NykWgLw8PEyaBnUxR47U6A=="/>
    <POI MapID="25" xpos="-54.0681" ypos="26.8983" zpos="-175.103" type="resourcenode.ore.normal.platinum" GUID="VwVQmU3ecUOLfCN+xwMl4Q=="/>
    <POI MapID="25" xpos="9.85284" ypos="28.1098" zpos="-194.15" type="resourcenode.ore.normal.platinum" GUID="KsMSzrrb50+aWEC1EscSxw=="/>
    <POI MapID="25" xpos="60.0848" ypos="24.7585" zpos="-158.758" type="resourcenode.ore.normal.platinum" GUID="wTfPgeu0n0eVCiZXtC7LJg=="/>
    <POI MapID="25" xpos="207.718" ypos="30.8652" zpos="-257.302" type="resourcenode.ore.normal.platinum" GUID="INbSfu+RuUSkEfhVoDrJGg=="/>
    <POI MapID="25" xpos="44.3514" ypos="53.7485" zpos="-8.7019" type="resourcenode.ore.normal.platinum" GUID="51SczC7P30G3XhmvvPKnNg=="/>
    <POI MapID="25" xpos="70.5533" ypos="15.3404" zpos="174.078" type="resourcenode.ore.normal.platinum" GUID="CcQwCUQ9XkCBFqA3uD/EjQ=="/>
    <POI MapID="25" xpos="-71.7978" ypos="10.186" zpos="833.463" type="resourcenode.ore.normal.platinum" GUID="fVwUEo9SRk6EgEm+VSEqJA=="/>
    <POI MapID="25" xpos="286.831" ypos="3.7224" zpos="-782.946" type="resourcenode.ore.normal.platinum" GUID="WTVTF4Hjekqp9YPxxkW1ig=="/>
    <POI MapID="73" xpos="-91.7446" ypos="19.4166" zpos="-426.847" type="resourcenode.ore.normal.platinum" GUID="gWoEULslNk+UoOXdbTzNwQ=="/>
    <POI MapID="73" xpos="-55.9921" ypos="-69.5468" zpos="-708.25" type="resourcenode.ore.normal.platinum" GUID="ELfmt0O170iSnS6QUFhNvg=="/>
    <POI MapID="73" xpos="-2.73735" ypos="-49.9724" zpos="-786.498" type="resourcenode.ore.normal.platinum" GUID="+lFPIM00j0GKcps9th74hA=="/>
    <POI MapID="73" xpos="42.4644" ypos="-62.318" zpos="-684.64" type="resourcenode.ore.normal.platinum" GUID="mLo2utdasUW3GhCCXhmzrQ=="/>
    <POI MapID="73" xpos="-224.417" ypos="-46.182" zpos="-648.019" type="resourcenode.ore.normal.platinum" GUID="Oxp7cd9FgUSY8cPTHftLUA=="/>
    <POI MapID="73" xpos="169.342" ypos="-27.4671" zpos="-634.846" type="resourcenode.ore.normal.platinum" GUID="DTQsadtKtkucR4GyHUPcew=="/>
    <POI MapID="248" xpos="142.646" ypos="82.3991" zpos="179.131" type="resourcenode.ore.normal.platinum" GUID="qj3j2qutmUqyHxf80DmW5Q=="/>
    <POI MapID="39" xpos="-222.257" ypos="11.1116" zpos="-316.347" type="resourcenode.ore.normal.platinum" GUID="YZE/SiC6AkyyxNddneWyRg=="/>
    <POI MapID="29" xpos="537.853" ypos="17.6845" zpos="213.758" type="resourcenode.ore.normal.platinum" GUID="i+KGYhVEPEuBovT889wjNg=="/>
    <POI MapID="73" xpos="531.916" ypos="-5.75926" zpos="258.612" type="resourcenode.ore.normal.platinum" GUID="oFHv9E8ttEueiDWwxMg5Mg=="/>
    <POI MapID="73" xpos="572.536" ypos="-7.5458" zpos="266.204" type="resourcenode.ore.normal.platinum" GUID="HmAL+Y1wEUe+dTtBGiAimw=="/>
    <POI MapID="73" xpos="209.071" ypos="-16.5796" zpos="63.9497" type="resourcenode.ore.normal.platinum" GUID="fssbYhc2vUq9f/evwUqPUw=="/>
    <POI MapID="73" xpos="-371.41" ypos="-50.6155" zpos="-159.244" type="resourcenode.ore.normal.platinum" GUID="FMolUgqdaUKsrOeppoCVLA=="/>
    <POI MapID="73" xpos="-276.986" ypos="-35.021" zpos="-538.439" type="resourcenode.ore.normal.platinum" GUID="SCbNY/k0k0Wz+SdwJhvoQw=="/>
    <POI MapID="73" xpos="-272.836" ypos="-32.96" zpos="-594.723" type="resourcenode.ore.normal.platinum" GUID="l1s8y2FI+Eaw+VexS5DL5g=="/>
    <POI MapID="73" xpos="48.0023" ypos="-35.9485" zpos="-833.916" type="resourcenode.ore.normal.platinum" GUID="zMFoopZvSkSKrPD1d6I8YA=="/>
    <POI MapID="73" xpos="152.006" ypos="-46.4082" zpos="-695.897" type="resourcenode.ore.normal.platinum" GUID="0brLMOVY90+v6/mFD/2YKQ=="/>
    <POI MapID="22" xpos="-351.986" ypos="43.1988" zpos="-445.581" type="resourcenode.ore.normal.platinum" GUID="7U0bcqYilU6QwtZLOI+Ihg=="/>
    <POI MapID="22" xpos="-394.149" ypos="33.306" zpos="-452.887" type="resourcenode.ore.normal.platinum" GUID="fM5b9YzHgUau5Uk0nuzfYw=="/>
    <POI MapID="22" xpos="-520.53" ypos="31.9432" zpos="-556.403" type="resourcenode.ore.normal.platinum" GUID="zKGVMV549Eih6TsMHEWckA=="/>
    <POI MapID="22" xpos="-585.178" ypos="48.3227" zpos="-751.502" type="resourcenode.ore.normal.platinum" GUID="PzvEKpL7XEu5U4mEqK72zQ=="/>
    <POI MapID="22" xpos="-649.701" ypos="32.7509" zpos="-593.351" type="resourcenode.ore.normal.platinum" GUID="UVw4ipAReUig0u/EeLaATA=="/>
    <POI MapID="22" xpos="-696.824" ypos="41.1081" zpos="-620.423" type="resourcenode.ore.normal.platinum" GUID="HG1Kr0+5nE2O7gN8Yw1r8Q=="/>
    <POI MapID="22" xpos="-707.813" ypos="93.4446" zpos="-761.378" type="resourcenode.ore.normal.platinum" GUID="8qO+LsZHRUmOqiBpa5D6WQ=="/>
    <POI MapID="22" xpos="-922.773" ypos="60.8243" zpos="-470.075" type="resourcenode.ore.normal.platinum" GUID="ux7tKUUpmESQByU2akuisA=="/>
    <POI MapID="22" xpos="-738.278" ypos="76.8131" zpos="-233.434" type="resourcenode.ore.normal.platinum" GUID="ujWD7RhnxU+K67kPNuopuA=="/>
    <POI MapID="22" xpos="-464.384" ypos="31.435" zpos="-91.2882" type="resourcenode.ore.normal.platinum" GUID="JM71dgvYPkSF6D2TGNBq+g=="/>
    <POI MapID="22" xpos="-112.459" ypos="24.7807" zpos="-74.2674" type="resourcenode.ore.normal.platinum" GUID="/rIzjG9wEkKfcuhgQY73MA=="/>
    <POI MapID="22" xpos="-499.808" ypos="69.0463" zpos="278.981" type="resourcenode.ore.normal.platinum" GUID="ei+BYHa4ykKyr4cjCauhEw=="/>
    <POI MapID="25" xpos="436.172" ypos="1.0285" zpos="976.833" type="resourcenode.ore.normal.platinum" GUID="ZAl0oLrvYkaScr8tYGis+Q=="/>
    <POI MapID="39" xpos="-977.913" ypos="72.081" zpos="400.197" type="resourcenode.ore.normal.platinum" GUID="GtRb+yK0MEWjIw0jQ7mcvA=="/>
    <POI MapID="39" xpos="-995.316" ypos="63.1793" zpos="386.097" type="resourcenode.ore.normal.platinum" GUID="DM/m+DGkg0iXupJdRTOs9w=="/>
    <POI MapID="29" xpos="-407.396" ypos="-0.619325" zpos="457.836" type="resourcenode.ore.normal.platinum" GUID="gdpluwcyVEuv4gYXRBkwnQ=="/>
    <POI MapID="29" xpos="-414.765" ypos="-0.716758" zpos="440.819" type="resourcenode.ore.normal.platinum" GUID="x6CCnGuk30KSoufT9eSXNQ=="/>
    <POI MapID="29" xpos="-249.449" ypos="19.5547" zpos="434.219" type="resourcenode.ore.normal.platinum" GUID="5MJWAUHzO0WbUYqWE3J7iQ=="/>
    <POI MapID="29" xpos="-60.5798" ypos="54.1562" zpos="637.067" type="resourcenode.ore.normal.platinum" GUID="pnKVCKGwrUyONAOhpAUnqA=="/>
    <POI MapID="29" xpos="591.34" ypos="48.0241" zpos="283.489" type="resourcenode.ore.normal.platinum" GUID="lb4AwHuSI0+oairoGcg+HQ=="/>
    <POI MapID="29" xpos="532.513" ypos="-21.5235" zpos="156.611" type="resourcenode.ore.normal.platinum" GUID="ZezHslI02E2RHB2K2YPl4A=="/>
    <POI MapID="29" xpos="546.06" ypos="-0.680642" zpos="-319.926" type="resourcenode.ore.normal.platinum" GUID="R7M9YFdSckejplW04QTdGQ=="/>
    <POI MapID="29" xpos="445.735" ypos="-30.6646" zpos="-378.261" type="resourcenode.ore.normal.platinum" GUID="1Jw1jGMQQkuXzx7fKR6Ytg=="/>
    <POI MapID="29" xpos="380.898" ypos="-34.0579" zpos="-355.79" type="resourcenode.ore.normal.platinum" GUID="3qHYc7LddU+e9ZV12KHtpQ=="/>
    <POI MapID="29" xpos="8.43014" ypos="19.2793" zpos="-704.026" type="resourcenode.ore.normal.platinum" GUID="VXM7xIM6WU6cdESZgKRdfg=="/>
    <POI MapID="29" xpos="47.1798" ypos="9.20236" zpos="-628.224" type="resourcenode.ore.normal.platinum" GUID="nuarDlCFfEmIUkLOYfccgQ=="/>
    <POI MapID="29" xpos="-159.817" ypos="27.6258" zpos="-614.384" type="resourcenode.ore.normal.platinum" GUID="b+w5IEIGh0qrTrReYUuL0A=="/>
    <POI MapID="29" xpos="-229.944" ypos="-0.713087" zpos="-617.551" type="resourcenode.ore.normal.platinum" GUID="dM44jzvLrU6a2BADigs0wA=="/>
    <POI MapID="29" xpos="-351.217" ypos="-0.713087" zpos="-508.931" type="resourcenode.ore.normal.platinum" GUID="M5PXqGY5HE28y6sjNsljQg=="/>
    <POI MapID="29" xpos="-351.125" ypos="-0.710606" zpos="-524.105" type="resourcenode.ore.normal.platinum" GUID="TMEF4KgIXECcnNzFEBqfxA=="/>
    <POI MapID="29" xpos="-506.606" ypos="24.9586" zpos="-477.578" type="resourcenode.ore.normal.platinum" GUID="Pg2f7hcF1Em6AJGliX76HQ=="/>
    <POI MapID="29" xpos="-593.103" ypos="21.9327" zpos="-518.441" type="resourcenode.ore.normal.platinum" GUID="1QGf0NkjUkaZaQijINi67g=="/>
    <POI MapID="29" xpos="-589.69" ypos="14.8369" zpos="-571.689" type="resourcenode.ore.normal.platinum" GUID="RUlKLHF9UkOXmIughy3i9A=="/>
    <POI MapID="29" xpos="-541.298" ypos="13.1357" zpos="-565.399" type="resourcenode.ore.normal.platinum" GUID="LzyhYzNbREOPyO4dvE+u5Q=="/>
    <POI MapID="29" xpos="-534.603" ypos="29.5716" zpos="-183.801" type="resourcenode.ore.normal.platinum" GUID="rlRY+unQbkGymXCWNwxv2g=="/>
    <POI MapID="29" xpos="-562.36" ypos="27.6926" zpos="-178.88" type="resourcenode.ore.normal.platinum" GUID="wSqvxuXRZk2k5wqDV9ze6w=="/>
    <POI MapID="29" xpos="-603.98" ypos="28.7407" zpos="-133.44" type="resourcenode.ore.normal.platinum" GUID="gxX3f7bfxUyDrddKoa/g/A=="/>
    <POI MapID="29" xpos="-530.337" ypos="23.1928" zpos="109.47" type="resourcenode.ore.normal.platinum" GUID="Au3bNPU2tEugPAeOylpREQ=="/>
    <POI MapID="29" xpos="-544.414" ypos="23.8707" zpos="124.402" type="resourcenode.ore.normal.platinum" GUID="LCViPFa4dkKXQoNpyM3XwA=="/>
    <POI MapID="29" xpos="320.152" ypos="11.7106" zpos="-124.028" type="resourcenode.ore.normal.platinum" GUID="n93rTbW0iEeOJ3t4r0pnZw=="/>
    <POI MapID="29" xpos="385.298" ypos="15.8056" zpos="-44.6969" type="resourcenode.ore.normal.platinum" GUID="59YJfWS34UewyI2/6ZtXZw=="/>
    <POI MapID="29" xpos="299.917" ypos="3.18136" zpos="22.6768" type="resourcenode.ore.normal.platinum" GUID="jUaV7B2iUUWedZP9jW5JhQ=="/>
    <POI MapID="53" xpos="435.224" ypos="39.9753" zpos="-50.68" type="resourcenode.ore.normal.platinum" GUID="Cyxaez4Y6EmA0c7vXUSV2g=="/>
    <POI MapID="53" xpos="-83.2883" ypos="-44.1121" zpos="-35.7858" type="resourcenode.ore.normal.platinum" GUID="OFcPV07mik6b3N9swla+cg=="/>
    <POI MapID="53" xpos="-243.231" ypos="-28.0152" zpos="75.9592" type="resourcenode.ore.normal.platinum" GUID="Bls+9itljkS5fpPLCS8Uvw=="/>
    <POI MapID="53" xpos="-455.139" ypos="-23.5595" zpos="-30.1038" type="resourcenode.ore.normal.platinum" GUID="hOKCe0cC4ki94bl5rWp56A=="/>
    <POI MapID="53" xpos="-754.357" ypos="0.948533" zpos="-320.934" type="resourcenode.ore.normal.platinum" GUID="qLs+wTfT3ESqZz6jZMqGmA=="/>
    <POI MapID="53" xpos="-732.052" ypos="1.3598" zpos="-484.128" type="resourcenode.ore.normal.platinum" GUID="EJhd2XQUPUqP1LMCdfXOLg=="/>
    <POI MapID="73" xpos="139.092" ypos="-3.30875" zpos="143.461" type="resourcenode.ore.normal.platinum" GUID="ZIsCfMtOAk2R2nSPxf2Wkw=="/>
    <POI MapID="73" xpos="4.44025" ypos="-57.1395" zpos="-617.949" type="resourcenode.ore.normal.platinum" GUID="ow8CSQ3/MUOWOnv9/sLpwA=="/>
    <POI MapID="73" xpos="21.5393" ypos="61.5598" zpos="-274.289" type="resourcenode.ore.normal.platinum" GUID="bmylAZem10OG7v/8XKYspQ=="/>
    <POI MapID="73" xpos="-33.5547" ypos="61.8904" zpos="-278.374" type="resourcenode.ore.normal.platinum" GUID="9hrOj7fX90aX65FB0rLSuA=="/>
    <POI MapID="53" xpos="563.68" ypos="10.6477" zpos="737.884" type="resourcenode.ore.normal.platinum" GUID="7KJj3EWXrk6/Obm64IcLLQ=="/>
    <POI MapID="22" xpos="-526.913" ypos="43.4267" zpos="-378.66" type="resourcenode.ore.normal.platinum" GUID="ldTNxANV9EuL/XLovFLUeg=="/>
    <POI MapID="22" xpos="-401.559" ypos="57.2008" zpos="-336.135" type="resourcenode.ore.normal.platinum" GUID="XZ/skMR6qUGfsNM/nV85tQ=="/>
    <POI MapID="25" xpos="-9.22399" ypos="20.7114" zpos="352.993" type="resourcenode.ore.normal.platinum" GUID="+Oo5VIeGMkyuiigk4QhKeg=="/>
    <POI MapID="25" xpos="-90.5558" ypos="3.81021" zpos="40.7263" type="resourcenode.ore.normal.platinum" GUID="gs8jXY/sCUKgXhDKUgJWbw=="/>
    <POI MapID="25" xpos="-137.829" ypos="4.96998" zpos="99.8063" type="resourcenode.ore.normal.platinum" GUID="2SNi8NQjuU2UA1w7RUNlQQ=="/>
    <POI MapID="25" xpos="150.862" ypos="3.02062" zpos="-352.039" type="resourcenode.ore.normal.platinum" GUID="pSmTZlG6Z0uSdudNB7tCog=="/>
    <POI MapID="25" xpos="53.2744" ypos="-8.83723" zpos="-374.514" type="resourcenode.ore.normal.platinum" GUID="zZs6KeqQ+Uag0utUaXyX4A=="/>
    <POI MapID="25" xpos="-260.981" ypos="14.9715" zpos="-701.065" type="resourcenode.ore.normal.platinum" GUID="mkUUt1d2VEOjsP3Ql6VGtg=="/>
    <POI MapID="25" xpos="-217.268" ypos="-10.9701" zpos="-432.167" type="resourcenode.ore.normal.platinum" GUID="RtYgo3gh/U6mA63IDLGcJA=="/>
    <POI MapID="25" xpos="-344.93" ypos="6.50241" zpos="83.4335" type="resourcenode.ore.normal.platinum" GUID="lEIkYNS1OUGMa9vsJy39wA=="/>
    <POI MapID="25" xpos="-416.265" ypos="-12.252" zpos="411.65" type="resourcenode.ore.normal.platinum" GUID="U9N6kkNb+EaymjUyHEbp2w=="/>
    <POI MapID="25" xpos="-407.393" ypos="-10.5113" zpos="480.972" type="resourcenode.ore.normal.platinum" GUID="tke2ob9Dlk6UbaVzAAXrEg=="/>
    <POI MapID="73" xpos="309.045" ypos="-9.71135" zpos="321.783" type="resourcenode.ore.normal.platinum" GUID="G5nHkwt/BUq2F10cuzlOJg=="/>
    <POI MapID="73" xpos="-180.738" ypos="-35.4151" zpos="49.1199" type="resourcenode.ore.normal.platinum" GUID="fraZtfWwhUC3lgVxif8qTw=="/>
    <POI MapID="73" xpos="116.281" ypos="30.0429" zpos="-318.126" type="resourcenode.ore.normal.platinum" GUID="REZVKyAzuEyMTQgZh7pyaw=="/>
    <POI MapID="73" xpos="-0.0290712" ypos="59.4995" zpos="-223.547" type="resourcenode.ore.normal.platinum" GUID="BkqazrxVRES6Fl4Chv8Pvw=="/>
    <POI MapID="73" xpos="0.5208" ypos="63.6123" zpos="-424.626" type="resourcenode.ore.normal.platinum" GUID="kchZFSXnyEaPtXSMijgY6w=="/>
    <POI MapID="53" xpos="-678.461" ypos="25.9472" zpos="-64.938" type="resourcenode.ore.normal.platinum" GUID="4I/pJqVRJUupywfBzbskgQ=="/>
    <POI MapID="53" xpos="-548.537" ypos="-37.6072" zpos="-230.417" type="resourcenode.ore.normal.platinum" GUID="rZVl0zWJOUqhx+1nhDvCmw=="/>
    <POI MapID="73" xpos="155.389" ypos="25.3569" zpos="-239.283" type="resourcenode.ore.normal.platinum" GUID="qBzqQO3qqE2rdlCbA+GkBQ=="/>
    <POI MapID="73" xpos="35.6082" ypos="35.1929" zpos="-311.505" type="resourcenode.ore.normal.platinum" GUID="T5EbSDLq2Ue8PQBVQKiXvw=="/>
    <POI MapID="73" xpos="-129.688" ypos="12.4937" zpos="-375.889" type="resourcenode.ore.normal.platinum" GUID="xnJKnQj4g0+3GtIYsB0S7A=="/>
    <POI MapID="73" xpos="-267.31" ypos="-31.6435" zpos="-726.137" type="resourcenode.ore.normal.platinum" GUID="UH8g0eOvzUqkMFWMrAgWTA=="/>
    <POI MapID="73" xpos="-273.771" ypos="-45.3571" zpos="-659.503" type="resourcenode.ore.normal.platinum" GUID="VDmMveaKdEa3kNRVJ8rHTg=="/>
    <POI MapID="39" xpos="-8.51437" ypos="68.3731" zpos="-408.717" type="resourcenode.ore.normal.platinum" GUID="NzKxOtL9pkCFCjWW/6t4mg=="/>
    <POI MapID="73" xpos="-26.5653" ypos="30.0754" zpos="-356.222" type="resourcenode.ore.normal.platinum" GUID="dboJsXxZkky3Fvj8MxGCbw=="/>
    <POI MapID="73" xpos="371.681" ypos="-9.98272" zpos="395.795" type="resourcenode.ore.normal.platinum" GUID="qrxXBO7pFkOzatTTa+21tQ=="/>
    <POI MapID="25" xpos="-250.113" ypos="-14.2419" zpos="474.048" type="resourcenode.ore.normal.platinum" GUID="7Vw65vKULkGz78G2ip6w1w=="/>
    <POI MapID="25" xpos="-309.017" ypos="13.215" zpos="619.564" type="resourcenode.ore.normal.platinum" GUID="SAe0z3GEgEKPQQpiOqUT1Q=="/>
    <POI MapID="25" xpos="22.285" ypos="17.266" zpos="180.604" type="resourcenode.ore.normal.platinum" GUID="6uLTh0vPhU2+7muQW25Q6g=="/>
    <POI MapID="25" xpos="-297.205" ypos="24.2097" zpos="-90.4317" type="resourcenode.ore.normal.platinum" GUID="x9w9etHp90CdbeHqMYJ0nA=="/>
    <POI MapID="25" xpos="-336.389" ypos="63.9907" zpos="-1.67472" type="resourcenode.ore.normal.platinum" GUID="QCNHmnWhx0ai3QgJqpd8dw=="/>
    <POI MapID="25" xpos="-480.888" ypos="29.5742" zpos="-105.42" type="resourcenode.ore.normal.platinum" GUID="4h1uKJiWh0+fHuql/O7lxw=="/>
    <POI MapID="25" xpos="278.055" ypos="-24.5831" zpos="-858.593" type="resourcenode.ore.normal.platinum" GUID="bOcZRbIGxkiVXIRtij6TTw=="/>
    <POI MapID="25" xpos="-104.264" ypos="34.4365" zpos="-800.741" type="resourcenode.ore.normal.platinum" GUID="tufv945FYUeBintR9fJYbg=="/>
    <POI MapID="73" xpos="61.6527" ypos="53.6715" zpos="564.017" type="resourcenode.ore.normal.platinum" GUID="g5aCVjHgdE6oBBV/zbcgYA=="/>
    <POI MapID="73" xpos="-59.118" ypos="63.5669" zpos="-265.304" type="resourcenode.ore.normal.platinum" GUID="VLkQcI6EVU6EnLo3fDWdPw=="/>
    <POI MapID="73" xpos="114.05" ypos="-39.5322" zpos="-659.687" type="resourcenode.ore.normal.platinum" GUID="xkMTvxkVukKZ8E6d5uaqpw=="/>
    <POI MapID="73" xpos="-443.336" ypos="-13.6446" zpos="-416.287" type="resourcenode.ore.normal.platinum" GUID="NkudRYNRM0K4Io6kq93vNQ=="/>
    <POI MapID="53" xpos="-286.698" ypos="0.0676673" zpos="177.439" type="resourcenode.ore.normal.platinum" GUID="IWX8XjzTPkOfDGBdkjqjQg=="/>
    <POI MapID="53" xpos="-707.221" ypos="0.885728" zpos="-374.134" type="resourcenode.ore.normal.platinum" GUID="0CrgPyJEckK5S2h7rkBN0Q=="/>
    <POI MapID="53" xpos="-370.537" ypos="46.0807" zpos="389.773" type="resourcenode.ore.normal.platinum" GUID="+DXqRYlJIUaaPokMySt+Ow=="/>
    <POI MapID="53" xpos="-433.93" ypos="29.9448" zpos="596.808" type="resourcenode.ore.normal.platinum" GUID="uWg0SypUwkKgkfImcJXfTQ=="/>
    <POI MapID="73" xpos="-10.8994" ypos="57.3235" zpos="-184.883" type="resourcenode.ore.normal.platinum" GUID="H2uN5PYw9Uev7vM1P5O1xQ=="/>
    <POI MapID="73" xpos="-57.4456" ypos="66.7184" zpos="-344.077" type="resourcenode.ore.normal.platinum" GUID="OuSJJj3EkUSgHJIhifWXCg=="/>
    <POI MapID="73" xpos="35.1425" ypos="35.4911" zpos="-335.38" type="resourcenode.ore.normal.platinum" GUID="zRQm+mu4dU252P2h799Saw=="/>
    <POI MapID="53" xpos="251.632" ypos="0.00892971" zpos="-115.242" type="resourcenode.ore.normal.platinum" GUID="uYOujAp5T06ORKD7GY/Vug=="/>
    <POI MapID="53" xpos="359.773" ypos="-0.0884041" zpos="-53.5433" type="resourcenode.ore.normal.platinum" GUID="gb0AshlSaUqLdmXyfbqXGw=="/>
    <POI MapID="53" xpos="90.0942" ypos="2.06911" zpos="182.619" type="resourcenode.ore.normal.platinum" GUID="z62zNOjXpEGm0EJeA7M7bw=="/>
    <POI MapID="53" xpos="58.3179" ypos="-0.0581423" zpos="221.138" type="resourcenode.ore.normal.platinum" GUID="QXipO8FAUUiBpzdOubBg3w=="/>
    <POI MapID="53" xpos="-176.802" ypos="-0.680642" zpos="299.225" type="resourcenode.ore.normal.platinum" GUID="qcYAhoXb00CsrEuD/I3Shw=="/>
    <POI MapID="25" xpos="71.3293" ypos="13.7825" zpos="91.4771" type="resourcenode.ore.normal.platinum" GUID="e0Ht6LCEjUK+g9scdmFqOw=="/>
    <POI MapID="375" xpos="14.5101" ypos="341.972" zpos="-216.123" type="resourcenode.ore.normal.platinum" GUID="eVy0zuox6UO0rIcdBHrMWg=="/>
    <POI MapID="39" xpos="-1082.43" ypos="43.2114" zpos="270.904" type="resourcenode.ore.normal.platinum" GUID="YciYMovsikurO2KFEmHWvw=="/>
    <POI MapID="39" xpos="313.105" ypos="28.425" zpos="476.966" type="resourcenode.ore.normal.platinum" GUID="ydd+k/sMn0+GetI5SwTB8A=="/>
    <POI MapID="39" xpos="655.788" ypos="-95.5945" zpos="-150.668" type="resourcenode.ore.normal.platinum" GUID="QC8B1kLVWEWtz0Wtg2kg/w=="/>
    <POI MapID="39" xpos="992.139" ypos="-97.3813" zpos="-328.134" type="resourcenode.ore.normal.platinum" GUID="LDfCWH+rA0aRJ/BpA9fqLg=="/>
    <POI MapID="39" xpos="-806.258" ypos="58.9642" zpos="373.069" type="resourcenode.ore.normal.platinum" GUID="3Z+6Uy+uKUOyP1IU5aTeLg=="/>
    <POI MapID="22" xpos="-725.652" ypos="53.1887" zpos="-120.961" type="resourcenode.ore.normal.platinum" GUID="/E3vffa4dEeVwBT/7lWu4w=="/>
    <POI MapID="22" xpos="-782.614" ypos="50.1395" zpos="-128.801" type="resourcenode.ore.normal.platinum" GUID="QeL+RAVR6EKi4YPFu4g0RQ=="/>
    <POI MapID="22" xpos="-827.854" ypos="74.0584" zpos="-83.6727" type="resourcenode.ore.normal.platinum" GUID="iWOCfFTKNUW4nWaAhC3t3Q=="/>
    <POI MapID="25" xpos="-220.563" ypos="-17.6353" zpos="434.509" type="resourcenode.ore.normal.platinum" GUID="CXXc7vrzxEWmPZ/qHw+0Nw=="/>
    <POI MapID="29" xpos="307.838" ypos="8.10736" zpos="74.1051" type="resourcenode.ore.normal.platinum" GUID="Fj5MHye+XEq6BvULTz7wvQ=="/>
    <POI MapID="53" xpos="-114.063" ypos="-13.2996" zpos="44.2602" type="resourcenode.ore.normal.platinum" GUID="TQ19EPsAPkmAeTtO4zIX1w=="/>
    <POI MapID="53" xpos="74.698" ypos="15.3994" zpos="-197.184" type="resourcenode.ore.normal.platinum" GUID="7F9p1tq4MkSiIF/KJeovzA=="/>
    <POI MapID="53" xpos="141.381" ypos="1.81651" zpos="-231.463" type="resourcenode.ore.normal.platinum" GUID="G8csMq6aXkK7LejuPKEzGg=="/>
    <POI MapID="53" xpos="-128.952" ypos="81.9783" zpos="-776.727" type="resourcenode.ore.normal.platinum" GUID="ynv8T4RdDkmxnOuPDIzFYA=="/>
    <POI MapID="53" xpos="541.87" ypos="45.9604" zpos="469.913" type="resourcenode.ore.normal.platinum" GUID="k+TJLUuhQkK2yLUlkMnfKw=="/>
    <POI MapID="53" xpos="612.73" ypos="59.3782" zpos="500.008" type="resourcenode.ore.normal.platinum" GUID="r0Ii9mPE/ES6ZLeqatSP5A=="/>
    <POI MapID="53" xpos="42.5759" ypos="17.5014" zpos="75.6542" type="resourcenode.ore.normal.platinum" GUID="IWahP1BCeky8sjdfG5ZJXQ=="/>
    <POI MapID="53" xpos="109.03" ypos="1.45559" zpos="24.4335" type="resourcenode.ore.normal.platinum" GUID="ayBHoKZEOEKTOTVoJqNYKQ=="/>
    <POI MapID="53" xpos="-402.019" ypos="5.17446" zpos="-330.262" type="resourcenode.ore.normal.platinum" GUID="zsl+8KZOSUyo69vxXJQOjA=="/>
    <POI MapID="53" xpos="-410.436" ypos="15.1595" zpos="-419.017" type="resourcenode.ore.normal.platinum" GUID="qaZnefA9Xk6w6DvSAzbzmg=="/>
    <POI MapID="29" xpos="-364.585" ypos="-0.163387" zpos="309.301" type="resourcenode.ore.normal.platinum" GUID="HhjEuIOy7kKWsRCysM/Nvw=="/>
    <POI MapID="29" xpos="-266.725" ypos="19.8029" zpos="418.27" type="resourcenode.ore.normal.platinum" GUID="fdIFPx3nE0S0bwe/WsEs0g=="/>
    <POI MapID="39" xpos="896.496" ypos="-48.3861" zpos="-514.684" type="resourcenode.ore.normal.platinum" GUID="0Zzvxw9z802dFiv790drCw=="/>
    <POI MapID="39" xpos="1012.82" ypos="-43.0247" zpos="-246.025" type="resourcenode.ore.normal.platinum" GUID="ZGwQmWHFC06QdcWPH3crjA=="/>
    <POI MapID="39" xpos="-735.076" ypos="62.3738" zpos="-566.368" type="resourcenode.ore.normal.platinum" GUID="x2XALgQ7iESz1Z9XHR9dtQ=="/>
    <POI MapID="39" xpos="-227.403" ypos="37.2289" zpos="355.03" type="resourcenode.ore.normal.platinum" GUID="I3UwhnBdv0ah3ZQ6KAmIQw=="/>
  </POIs>
</OverlayData>