<OverlayData>
  <MarkerCategory name="ResourceNode" DisplayName="Resource Nodes" data-class="fade-1" behavior="1" iconFile="Data/ResourceNode.png" data-iconFile="Data/ResourceNode.png" fadeFar="16800" fadeNear="8400">
    <MarkerCategory name="Other" data-allowsub="true" data-sort="true">
      <MarkerCategory name="Cloth" data-class="fade-synthesizer size-0.5" iconFile="Data/ResourceNode/Other/Cloth.png" data-iconFile="Data/ResourceNode/Other/Cloth.png" iconSize="0.5" fadeFar="5600" fadeNear="4800"/>
    </MarkerCategory>
  </MarkerCategory>
  <POIs>
    <POI MapID="1124" xpos="30.3892" ypos="104.346" zpos="-199.557" type="resourcenode.other.cloth" GUID="llAOqvN5vUmDrDegXK9fEA=="/>
    <POI MapID="1232" xpos="13.999" ypos="13.616" zpos="-77.8832" type="resourcenode.other.cloth" GUID="QnO4qWFavkWpGkWRDXpjBw=="/>
  </POIs>
</OverlayData>