<OverlayData>
  <MarkerCategory name="ResourceNode" DisplayName="Resource Nodes" fadeFar="16800" fadeNear="8400" iconFile="Data/ResourceNode.png" maxSize="256" behavior="1" data-class="fade-1" data-iconFile="Data/ResourceNode.png">
    <MarkerCategory name="Other" data-allowsub="true" data-class="iconsize-0.5" data-sort="true">
      <MarkerCategory name="Leather" fadeFar="5600" fadeNear="4800" iconFile="Data/ResourceNode/Other/Leather.png" iconSize="0.5" data-class="fade-synthesizer" data-iconFile="Data/ResourceNode/Other/Leather.png"/>
    </MarkerCategory>
  </MarkerCategory>
  <POIs>
    <POI MapID="1124" xpos="12.4227" ypos="104.317" zpos="-199.98" type="resourcenode.other.leather" GUID="q0vIB/fNIEqhjDHkrFlAbg=="/>
    <POI MapID="1232" xpos="-3.22179" ypos="13.5935" zpos="-75.0843" type="resourcenode.other.leather" GUID="rMddY7lI1EONdVQJ8tYChQ=="/>
  </POIs>
</OverlayData>