<OverlayData>
  <MarkerCategory name="ResourceNode" DisplayName="Resource Nodes" data-class="fade-1" behavior="1" iconFile="Data/ResourceNode.png" data-iconFile="Data/ResourceNode.png" fadeFar="16800" fadeNear="8400" maxSize="256">
    <MarkerCategory name="Other" data-allowsub="true" data-sort="true" data-class="iconsize-0.5">
      <MarkerCategory name="QuartzCrystal" data-class="fade-max" behavior="0" DisplayName="Quartz Crystal" iconFile="Data/ResourceNode/Other/QuartzCrystal.png" data-iconFile="Data/ResourceNode/Other/QuartzCrystal.png" iconSize="0.5" fadeFar="25200" fadeNear="16800">
        <MarkerCategory name="Rich" data-class="size-1 fade-max2" iconSize="1" fadeFar="42000" fadeNear="25200"/>
      </MarkerCategory>
    </MarkerCategory>
  </MarkerCategory>
  <POIs>
    <POI MapID="988" xpos="309.699" ypos="46.8125" zpos="-408.046" type="resourcenode.other.quartzcrystal" GUID="4bYIuNU5mkmaFdGrOBAbIg=="/>
    <POI MapID="988" xpos="293.974" ypos="80.2761" zpos="-456.145" type="resourcenode.other.quartzcrystal" GUID="8jI+B+UoTUmEhd9mVb8S8Q=="/>
    <POI MapID="248" xpos="233.956" ypos="75.3303" zpos="180.717" type="resourcenode.other.quartzcrystal" GUID="CQlMYO4hQ0qEbvKF7riO8A=="/>
    <POI MapID="375" xpos="114.949" ypos="342.179" zpos="-310.933" type="resourcenode.other.quartzcrystal" GUID="9ZEbZTUHtkaB2ArKArho9Q=="/>
    <POI MapID="1210" xpos="1179.7" ypos="102.942" zpos="80.7561" type="resourcenode.other.quartzcrystal" GUID="p4VwQhUoAkC+bS9HOsAHmQ=="/>
    <POI MapID="1210" xpos="1389.14" ypos="189.943" zpos="-261.534" type="resourcenode.other.quartzcrystal.rich" GUID="k6g8mAN8SE+KMKH8YxE7Qg=="/>
    <POI MapID="988" xpos="-320.386" ypos="123.683" zpos="-428.898" type="resourcenode.other.quartzcrystal" GUID="A7kNnLeTC061SF1ms0TdTA=="/>
  </POIs>
</OverlayData>