<OverlayData>
  <MarkerCategory name="ResourceNode" DisplayName="Resource Nodes" fadeFar="16800" fadeNear="8400" iconFile="Data/ResourceNode.png" maxSize="256" behavior="1" data-class="fade-1" data-iconFile="Data/ResourceNode.png">
    <MarkerCategory name="MapSpecific" fadeFar="25200" fadeNear="8400" data-class="fade-3">
      <MarkerCategory name="Ore" iconFile="Data/Ore.png" data-allowsub="true">
        <MarkerCategory name="Ore Synthesizer" DisplayName="Ore Synthesizer" fadeFar="5600" fadeNear="4800" data-class="fade-synthesizer"/>
      </MarkerCategory>
      <MarkerCategory name="Wood" iconFile="Data/Wood.png" data-allowsub="true">
        <MarkerCategory name="Lumber Synthesizer" DisplayName="Lumber Synthesizer" fadeFar="5600" fadeNear="4800" data-class="fade-synthesizer"/>
      </MarkerCategory>
      <MarkerCategory name="Plant" iconFile="Data/Plant.png" heightOffset="1.6" data-allowsub="true" data-class="poi-plant">
        <MarkerCategory name="Vegetable Synthesizer" DisplayName="Vegetable Synthesizer" fadeFar="5600" fadeNear="4800" data-class="fade-synthesizer"/>
        <MarkerCategory name="Herb Synthesizer" DisplayName="Herb Synthesizer" fadeFar="5600" fadeNear="4800" data-class="fade-synthesizer"/>
        <MarkerCategory name="Berry Synthesizer" DisplayName="Berry Synthesizer" fadeFar="5600" fadeNear="4800" data-class="fade-synthesizer"/>
      </MarkerCategory>
    </MarkerCategory>
  </MarkerCategory>
  <POIs>
    <POI MapID="1232" xpos="11.2874" ypos="13.5997" zpos="-76.7309" type="resourcenode.mapspecific.ore.ore_synthesizer" GUID="1lv6CKdpx0CodhZ9YXpUVQ=="/>
    <POI MapID="1232" xpos="8.64746" ypos="13.6002" zpos="-75.4963" type="resourcenode.mapspecific.wood.lumber_synthesizer" GUID="2JSqZFcnckO/LR1HlkYQjQ=="/>
    <POI MapID="1232" xpos="5.79287" ypos="13.6004" zpos="-74.4622" type="resourcenode.mapspecific.plant.vegetable_synthesizer" GUID="7P3SycvYBESzmCEIoTVJig=="/>
    <POI MapID="1232" xpos="2.7034" ypos="13.6028" zpos="-73.6961" type="resourcenode.mapspecific.plant.herb_synthesizer" GUID="9A7nU0IbNEqelhnDhFKEkg=="/>
    <POI MapID="1232" xpos="-0.135894" ypos="13.6009" zpos="-74.5457" type="resourcenode.mapspecific.plant.berry_synthesizer" GUID="WvQGbobBT0aKbkU/02NrBg=="/>
  </POIs>
</OverlayData>