<OverlayData>
  <MarkerCategory name="ResourceNode" DisplayName="Resource Nodes" data-class="fade-1" behavior="1" iconFile="Data/ResourceNode.png" data-iconFile="Data/ResourceNode.png" fadeFar="16800" fadeNear="8400">
    <MarkerCategory name="MapSpecific" data-class="fade-3" fadeFar="25200" fadeNear="8400">
      <MarkerCategory name="Plant" iconFile="Data/Plant.png" data-allowsub="true" data-class="poi-plant" heightOffset="1.6">
        <MarkerCategory name="Herb Synthesizer" data-class="fade-synthesizer" fadeFar="5600" fadeNear="4800" DisplayName="Herb Synthesizer"/>
        <MarkerCategory name="Vegetable Synthesizer" data-class="fade-synthesizer" fadeFar="5600" fadeNear="4800" DisplayName="Vegetable Synthesizer"/>
        <MarkerCategory name="Berry Synthesizer" data-class="fade-synthesizer" fadeFar="5600" fadeNear="4800" DisplayName="Berry Synthesizer"/>
      </MarkerCategory>
      <MarkerCategory name="Wood" iconFile="Data/Wood.png" data-allowsub="true">
        <MarkerCategory name="Lumber Synthesizer" data-class="fade-synthesizer" fadeFar="5600" fadeNear="4800" DisplayName="Lumber Synthesizer"/>
      </MarkerCategory>
      <MarkerCategory name="Ore" iconFile="Data/Ore.png" data-allowsub="true">
        <MarkerCategory name="Ore Synthesizer" data-class="fade-synthesizer" fadeFar="5600" fadeNear="4800" DisplayName="Ore Synthesizer"/>
      </MarkerCategory>
    </MarkerCategory>
  </MarkerCategory>
  <POIs>
    <POI MapID="1121" xpos="-102.464" ypos="60.8963" zpos="-71.6376" type="resourcenode.mapspecific.plant.herb_synthesizer" GUID="MWfMCaIAEEOgOOj9pp3W6g=="/>
    <POI MapID="1121" xpos="-104.84" ypos="60.8966" zpos="-70.2822" type="resourcenode.mapspecific.plant.vegetable_synthesizer" GUID="yMgz2uvrMEa6Le23y8G0fQ=="/>
    <POI MapID="1121" xpos="-109.163" ypos="60.7844" zpos="-66.4246" type="resourcenode.mapspecific.plant.berry_synthesizer" GUID="uUQq/kLI306lWUNTiTqBXw=="/>
    <POI MapID="1121" xpos="-109.563" ypos="60.7831" zpos="-62.94" type="resourcenode.mapspecific.wood.lumber_synthesizer" GUID="yxCXbbQ5qEGgZij24MYbpQ=="/>
    <POI MapID="1121" xpos="-106.645" ypos="60.9185" zpos="-59.7209" type="resourcenode.mapspecific.ore.ore_synthesizer" GUID="/IMuQa//tkmI2hZLQ/xSjQ=="/>
  </POIs>
</OverlayData>