<OverlayData>
  <MarkerCategory name="ResourceNode" DisplayName="Resource Nodes" data-class="fade-1" behavior="1" iconFile="Data/ResourceNode.png" data-iconFile="Data/ResourceNode.png" fadeFar="16800" fadeNear="8400" maxSize="256">
    <MarkerCategory name="Plant" iconFile="Data/ResourceNode/Plant.png" data-class="iconsize-0.35 poi-plant" data-iconFile="Data/Plant.png" heightOffset="1.6">
      <MarkerCategory name="Iron">
        <MarkerCategory name="Clam" iconFile="Data/ResourceNode/Plant/Iron/Clam.png" data-iconFile="Data/ResourceNode/Plant/Iron/Clam.png" iconSize="0.35"/>
      </MarkerCategory>
    </MarkerCategory>
  </MarkerCategory>
  <POIs>
    <POI MapID="1210" xpos="-1461.83" ypos="-3.52229" zpos="635.156" type="resourcenode.plant.iron.clam" GUID="Fxu85bpCVkylWIotpWK2XA=="/>
    <POI MapID="1210" xpos="-1295.15" ypos="-21.9102" zpos="220.414" type="resourcenode.plant.iron.clam" GUID="gEZhjbBOeUSjWzMCF6YorA=="/>
    <POI MapID="24" xpos="-36.1803" ypos="-40.1793" zpos="-12.3105" type="resourcenode.plant.iron.clam" GUID="i8bwdhCwpU2lEA2i6dgouw=="/>
    <POI MapID="24" xpos="-93.7439" ypos="-31.2669" zpos="-9.18239" type="resourcenode.plant.iron.clam" GUID="q7O0lJTqrEquEbiAykdwCQ=="/>
    <POI MapID="24" xpos="-85.4719" ypos="-34.3729" zpos="-40.7462" type="resourcenode.plant.iron.clam" GUID="flwhkR6ctki8sifcO4vlQA=="/>
  </POIs>
</OverlayData>