<OverlayData>
  <MarkerCategory name="ResourceNode" DisplayName="Resource Nodes" data-class="fade-1" behavior="1" iconFile="Data/ResourceNode.png" data-iconFile="Data/ResourceNode.png" fadeFar="16800" fadeNear="8400">
    <MarkerCategory name="Plant" iconFile="Data/ResourceNode/Plant.png" data-class="iconsize-0.35" data-iconFile="Data/Plant.png">
      <MarkerCategory name="Iron">
        <MarkerCategory name="Clam" iconFile="Data/ResourceNode/Plant/Iron/Clam.png" data-iconFile="Data/ResourceNode/Plant/Iron/Clam.png" iconSize="0.35"/>
      </MarkerCategory>
    </MarkerCategory>
  </MarkerCategory>
  <POIs>
    <POI MapID="1210" xpos="-1461.83" ypos="-3.52229" zpos="635.156" type="resourcenode.plant.iron.clam" GUID="Fxu85bpCVkylWIotpWK2XA=="/>
    <POI MapID="1210" xpos="-1295.15" ypos="-21.9102" zpos="220.414" type="resourcenode.plant.iron.clam" GUID="gEZhjbBOeUSjWzMCF6YorA=="/>
  </POIs>
</OverlayData>