<OverlayData>
  <MarkerCategory name="Chest" fadeFar="16800" fadeNear="8400" iconFile="Data/Chest.png" maxSize="256" heightOffset="1.6" data-class="fade-1 poi-chest" data-iconFile="Data/Chest.png">
    <MarkerCategory name="MapSpecific" DisplayName="Map Specific" fadeFar="10500" fadeNear="4200" iconFile="Data/Chest-MapSpecific.png" data-allowsub="true" data-class="fade-7" data-iconFile="Data/Chest-MapSpecific.png">
      <MarkerCategory name="Treasure" fadeFar="25200" fadeNear="16800" iconFile="Data/Chest/MapSpecific/Treasure.png" iconSize="0.5" data-class="fade-max size-0.5" data-iconFile="Data/Chest/MapSpecific/Treasure.png"/>
    </MarkerCategory>
  </MarkerCategory>
  <POIs>
    <POI MapID="1248" xpos="-197.894" ypos="101.837" zpos="-151.039" type="chest.mapspecific.treasure" GUID="aLNBCdz+8066S7O4QnKFFQ=="/>
    <POI MapID="1248" xpos="-596.382" ypos="138.813" zpos="94.647" type="chest.mapspecific.treasure" GUID="St1nsH6dU0GpToSWv9zCZQ=="/>
  </POIs>
</OverlayData>