<OverlayData>
  <MarkerCategory name="Chest" iconFile="Data/Chest.png" data-class="fade-1 poi-chest" data-iconFile="Data/Chest.png" heightOffset="1.6" fadeFar="16800" fadeNear="8400">
    <MarkerCategory name="MapSpecific" DisplayName="Map Specific" data-allowsub="true" data-class="fade-7" iconFile="Data/Chest-MapSpecific.png" data-iconFile="Data/Chest-MapSpecific.png" fadeFar="10500" fadeNear="4200">
      <MarkerCategory name="Treasure" data-class="fade-max size-0.5" iconFile="Data/Chest/MapSpecific/Treasure.png" data-iconFile="Data/Chest/MapSpecific/Treasure.png" iconSize="0.5" fadeFar="25200" fadeNear="16800"/>
    </MarkerCategory>
  </MarkerCategory>
  <POIs>
    <POI MapID="1248" xpos="-197.894" ypos="101.837" zpos="-151.039" type="chest.mapspecific.treasure" GUID="aLNBCdz+8066S7O4QnKFFQ=="/>
    <POI MapID="1248" xpos="-596.382" ypos="138.813" zpos="94.647" type="chest.mapspecific.treasure" GUID="St1nsH6dU0GpToSWv9zCZQ=="/>
  </POIs>
</OverlayData>