<OverlayData>
  <MarkerCategory name="Chest" fadeFar="16800" fadeNear="8400" iconFile="Data/Chest.png" maxSize="256" heightOffset="1.6" data-class="fade-1 poi-chest" data-iconFile="Data/Chest.png">
    <MarkerCategory name="MapSpecific" DisplayName="Map Specific" fadeFar="10500" fadeNear="4200" iconFile="Data/Chest-MapSpecific.png" data-allowsub="true" data-class="fade-7" data-iconFile="Data/Chest-MapSpecific.png">
      <MarkerCategory name="Treasure" fadeFar="25200" fadeNear="16800" iconFile="Data/Chest/MapSpecific/Treasure.png" iconSize="0.5" data-class="fade-max size-0.5" data-iconFile="Data/Chest/MapSpecific/Treasure.png"/>
    </MarkerCategory>
  </MarkerCategory>
  <POIs>
    <POI MapID="1210" xpos="-1177.23" ypos="21.8106" zpos="462.879" type="chest.mapspecific.treasure" GUID="0dpwekUe90eEWBXfE/fAAA=="/>
    <POI MapID="1210" xpos="649.198" ypos="39.6315" zpos="241.099" type="chest.mapspecific.treasure" GUID="VYiTUFS9FkmpwczTr1tGIQ=="/>
  </POIs>
</OverlayData>