<OverlayData>
  <MarkerCategory name="Chest" fadeFar="16800" fadeNear="8400" iconFile="Data/Chest.png" maxSize="256" heightOffset="1.6" data-class="fade-1 poi-chest" data-iconFile="Data/Chest.png">
    <MarkerCategory name="MapSpecific" DisplayName="Map Specific" fadeFar="10500" fadeNear="4200" iconFile="Data/Chest-MapSpecific.png" data-allowsub="true" data-class="fade-7" data-iconFile="Data/Chest-MapSpecific.png">
      <MarkerCategory name="KeyRequired" iconFile="Data/Chest/MapSpecific.KeyRequired.png" data-iconFile="Data/Chest/MapSpecific.KeyRequired.png"/>
    </MarkerCategory>
  </MarkerCategory>
  <POIs>
    <POI MapID="1188" xpos="11.2614" ypos="105.791" zpos="157.543" type="chest.mapspecific.keyrequired" GUID="nOKL3pz9N02gkHqpmI/Efw=="/>
    <POI MapID="1188" xpos="-55.9493" ypos="134.64" zpos="14.832" type="chest.mapspecific.keyrequired" GUID="1hyl3Mx8w0iH/XI/r0+D8Q=="/>
  </POIs>
</OverlayData>