<OverlayData>
  <MarkerCategory name="Chest" iconFile="Data/Chest.png" data-class="fade-1" heightOffset="2" data-iconFile="Data/Chest.png" fadeFar="16800" fadeNear="8400">
    <MarkerCategory name="Permanent"/>
    <MarkerCategory name="Meta" fadeFar="8400" fadeNear="2100" behavior="4" resetLength="30" heightOffset="3.5" iconFile="Data/Chest-Meta.png" data-iconFile="Data/Chest-Meta.png"/>
    <MarkerCategory name="MapSpecific" DisplayName="Map Specific" data-allowsub="true" data-class="fade-7" iconFile="Data/Chest-MapSpecific.png" data-iconFile="Data/Chest-MapSpecific.png" fadeFar="10500" fadeNear="4200">
      <MarkerCategory name="TangledDepths" DisplayName="Tangled Depths" iconFile="data/leylinecrystal.png"/>
    </MarkerCategory>
  </MarkerCategory>
  <POIs>
    <POI MapID="1045" xpos="140.878" ypos="16.035" zpos="-533.907" type="chest.permanent" GUID="5yNC6vfna06T/1HNcNF7AA=="/>
    <POI MapID="1045" xpos="147.899" ypos="126.661" zpos="13.4053" type="chest.permanent" GUID="l/RP1aYJ7kurFjvPXB8vHg=="/>
    <POI MapID="1045" xpos="-501.849" ypos="331.871" zpos="75.9572" type="chest.permanent" GUID="o51x125wS06A4f7kp+T8+A=="/>
    <POI MapID="1045" xpos="-503.625" ypos="281.584" zpos="-297.921" type="chest.permanent" GUID="h9G12r6UmUCmHa6NhB04DA=="/>
    <POI MapID="1045" xpos="-402.898" ypos="168.702" zpos="303.881" type="chest.permanent" GUID="bwkjN8ENQUGTQWbHBRij1w=="/>
    <POI MapID="1045" xpos="-498.934" ypos="-4.39858" zpos="112.669" type="chest.permanent" GUID="hKhf4niKikORXlUyizr8GA=="/>
    <POI MapID="1045" xpos="-213.004" ypos="233.737" zpos="350.825" type="chest.permanent" GUID="ZosM7ol+JEOh09hhZNLMEQ=="/>
    <POI MapID="1045" xpos="-626.297" ypos="310.288" zpos="38.0442" type="chest.permanent" GUID="e4N8hXwRnUKHS5oiDgpz8w=="/>
    <POI MapID="1045" xpos="-658.374" ypos="184.668" zpos="-68.3733" type="chest.permanent" GUID="k5mXfr80kEewkYUG4IIwHA=="/>
    <POI MapID="1045" xpos="-303.781" ypos="257.894" zpos="-107.29" type="chest.permanent" GUID="rEZ2AFy1MEa6Bm4tuKK4FA=="/>
    <POI MapID="1045" xpos="148.693" ypos="1.55958" zpos="-369.849" type="chest.meta" GUID="mg9O0qOlFEaNZjwsgBcduA=="/>
    <POI MapID="1045" xpos="470.543" ypos="39.0082" zpos="-210.029" type="chest.mapspecific.tangleddepths" GUID="MR2P/riIfEqH9bjeXQyQqw=="/>
    <POI MapID="1045" xpos="192.456" ypos="185.683" zpos="137.26" type="chest.permanent" GUID="rKTWbUJG9EC+ltWrexq6+w=="/>
    <POI MapID="1045" xpos="-835.517" ypos="252.727" zpos="-288.425" type="chest.permanent" GUID="PjbYAYihU0KMPZeESg9t/w=="/>
    <POI MapID="1045" xpos="360.771" ypos="49.7711" zpos="-128.066" type="chest.permanent" GUID="LTnEoK8iqk65G2MI9ChRKg=="/>
  </POIs>
</OverlayData>