<OverlayData>
  <MarkerCategory name="ResourceNode" DisplayName="Resource Nodes" fadeFar="16800" fadeNear="8400" iconFile="Data/ResourceNode.png" maxSize="256" behavior="1" data-class="fade-1" data-iconFile="Data/ResourceNode.png">
    <MarkerCategory name="MapSpecific" fadeFar="25200" fadeNear="8400" data-class="fade-3">
      <MarkerCategory name="Plant" iconFile="Data/Plant.png" heightOffset="1.6" data-allowsub="true" data-class="poi-plant">
        <MarkerCategory name="Toxic Seedling" DisplayName="Toxic Seedling" iconFile="Data/ResourceNode/MapSpecific/Plant/Toxic Seedling.png" iconSize="0.35" data-class="size-0.35" data-iconFile="Data/ResourceNode/MapSpecific/Plant/Toxic Seedling.png"/>
      </MarkerCategory>
    </MarkerCategory>
  </MarkerCategory>
  <POIs>
    <POI MapID="23" xpos="920.001" ypos="26.0325" zpos="197.132" type="resourcenode.mapspecific.plant.toxic_seedling" GUID="hKECy3Uuz0C6bWnqPHWzug=="/>
    <POI MapID="23" xpos="920.086" ypos="25.2904" zpos="188.217" type="resourcenode.mapspecific.plant.toxic_seedling" GUID="XDUHMlM2RUizQ5ME+oLpRA=="/>
    <POI MapID="23" xpos="912.491" ypos="23.3686" zpos="191.986" type="resourcenode.mapspecific.plant.toxic_seedling" GUID="w4cwMmBsU0e2UECRm1cOLQ=="/>
    <POI MapID="23" xpos="906.288" ypos="21.2985" zpos="188.419" type="resourcenode.mapspecific.plant.toxic_seedling" GUID="RWC43mDp3UqQR4DHYm69kg=="/>
    <POI MapID="23" xpos="765.322" ypos="83.5821" zpos="-324.493" type="resourcenode.mapspecific.plant.toxic_seedling" GUID="Esbm0M21kkWpLQlFcFzeGQ=="/>
    <POI MapID="23" xpos="674.952" ypos="41.4352" zpos="118.622" type="resourcenode.mapspecific.plant.toxic_seedling" GUID="N44B41Mf/EWxosFlxi7YKg=="/>
    <POI MapID="23" xpos="677.838" ypos="43.7444" zpos="113.012" type="resourcenode.mapspecific.plant.toxic_seedling" GUID="gJZjR+wcR0eHTlgAtRadeQ=="/>
    <POI MapID="23" xpos="683.455" ypos="43.4977" zpos="115.654" type="resourcenode.mapspecific.plant.toxic_seedling" GUID="4Mu6AvMr2E+ZTwvku6zlZw=="/>
    <POI MapID="23" xpos="682.4" ypos="45.8837" zpos="112.63" type="resourcenode.mapspecific.plant.toxic_seedling" GUID="Y01gBxM9nU+ktl54WsxglQ=="/>
    <POI MapID="23" xpos="215.953" ypos="60.6625" zpos="55.0875" type="resourcenode.mapspecific.plant.toxic_seedling" GUID="34rEcmy2y0WcHahO8Ni45g=="/>
    <POI MapID="23" xpos="211.111" ypos="61.565" zpos="57.6097" type="resourcenode.mapspecific.plant.toxic_seedling" GUID="NRv4VVxa9UmLxnPmXL0kLg=="/>
    <POI MapID="23" xpos="210.33" ypos="61.3168" zpos="54.5849" type="resourcenode.mapspecific.plant.toxic_seedling" GUID="9U+wQZksMEK9Ps0gg8qh+g=="/>
    <POI MapID="23" xpos="208.163" ypos="61.4174" zpos="56.9001" type="resourcenode.mapspecific.plant.toxic_seedling" GUID="Cy3K3HJzYEG9VmoJRpk4YA=="/>
    <POI MapID="23" xpos="202.837" ypos="62.7336" zpos="54.9828" type="resourcenode.mapspecific.plant.toxic_seedling" GUID="fVVxU5lCaEuXinicM2c6Zg=="/>
    <POI MapID="23" xpos="-422.203" ypos="6.37047" zpos="-424.99" type="resourcenode.mapspecific.plant.toxic_seedling" GUID="iH59rWIcykqb3pJS3sOlxA=="/>
    <POI MapID="23" xpos="-423.795" ypos="7.59282" zpos="-428.211" type="resourcenode.mapspecific.plant.toxic_seedling" GUID="09tFcwFukUGKldWgG47JEQ=="/>
    <POI MapID="23" xpos="-427.767" ypos="5.26735" zpos="-420.902" type="resourcenode.mapspecific.plant.toxic_seedling" GUID="6YlrLvtsXUeYk96CAVAjVw=="/>
    <POI MapID="23" xpos="-425.005" ypos="5.1494" zpos="-419.94" type="resourcenode.mapspecific.plant.toxic_seedling" GUID="S8sMuj4/dUOWU1n/ebFzzg=="/>
    <POI MapID="23" xpos="-422.594" ypos="5.16587" zpos="-420.356" type="resourcenode.mapspecific.plant.toxic_seedling" GUID="991PcuGKbUmxHl7sVc04Kw=="/>
  </POIs>
</OverlayData>