<OverlayData>
  <MarkerCategory name="Tactical" DisplayName="Tactical" fadeFar="16800" fadeNear="8400" maxSize="256" data-sort="true">
    <MarkerCategory name="Juvenile Pets" DisplayName="Juvenile Pets" iconFile="Data/Tactical/Juvenile Pets.png" heightOffset="3" data-iconFile="Data/Tactical/Juvenile Pets.png">
      <MarkerCategory name="Core" data-allowsub="true" data-sort="true">
        <MarkerCategory name="Warthog"/>
      </MarkerCategory>
    </MarkerCategory>
  </MarkerCategory>
  <POIs>
    <POI MapID="32" xpos="-121.282" ypos="47.5974" zpos="254.464" type="tactical.juvenile_pets.core.warthog" GUID="PTlT0kNh9EWXJvHcJQ8jiQ=="/>
  </POIs>
</OverlayData>