<OverlayData>
  <MarkerCategory name="Chest" fadeFar="16800" fadeNear="8400" iconFile="Data/Chest.png" maxSize="256" heightOffset="1.6" data-class="fade-1 poi-chest" data-iconFile="Data/Chest.png">
    <MarkerCategory name="Meta" fadeFar="8400" fadeNear="2100" iconFile="Data/Chest-Meta.png" heightOffset="3.5" behavior="4" data-iconFile="Data/Chest-Meta.png" resetLength="30"/>
  </MarkerCategory>
  <MarkerCategory name="jumpingpuzzle" DisplayName="Jumping Puzzles" fadeFar="25200" fadeNear="16800" iconFile="Data/Jumping Puzzles.png" iconSize="0.75" maxSize="256" data-class="fade-max" data-iconFile="Data/jpguide.png" triggerRange="5">
    <MarkerCategory name="Point" iconFile="Data/jumpingpuzzle/Point.png" heightOffset="1" data-iconFile="Data/jumpingpuzzle/Point.png"/>
  </MarkerCategory>
  <MarkerCategory name="Tactical" DisplayName="Tactical" fadeFar="16800" fadeNear="8400" maxSize="256" data-sort="true">
    <MarkerCategory name="Raid" fadeFar="5600" fadeNear="5600" iconFile="Data/Tactical/Raid.png" data-allowsub="true" data-class="fade-raid" data-iconFile="Data/Tactical/Raid.png">
      <MarkerCategory name="SpawnPoint" DisplayName="Spawn Point" iconFile="Data/Tactical/Raid/SpawnPoint.png" iconSize="0.5" heightOffset="0" data-iconFile="Data/spawn.png"/>
    </MarkerCategory>
  </MarkerCategory>
  <POIs>
    <POI MapID="863" xpos="30.0325" ypos="208.261" zpos="-85.5912" type="jumpingpuzzle.point" GUID="ZsDECD3zb0ugW7z/3NU+Wg=="/>
    <POI MapID="863" xpos="40.7126" ypos="199.5" zpos="-74.8304" type="jumpingpuzzle.point" GUID="BN+WRMwM6k6le4fhV69YOg=="/>
    <POI MapID="863" xpos="47.1102" ypos="188.912" zpos="-74.403" type="jumpingpuzzle.point" GUID="f/Aswo1L4UOEm7K8ERzSYw=="/>
    <POI MapID="863" xpos="47.7277" ypos="172.588" zpos="-88.2128" type="jumpingpuzzle.point" GUID="wzfulTp21kucBlvx8oX9mQ=="/>
    <POI MapID="863" xpos="39.1098" ypos="167.427" zpos="-83.8297" type="jumpingpuzzle.point" GUID="IXpHEdSvrUO44Fwgz4izpg=="/>
    <POI MapID="863" xpos="26.3405" ypos="152.713" zpos="-77.5168" type="jumpingpuzzle.point" GUID="YtRPK18YlEGYLBEC06e70g=="/>
    <POI MapID="863" xpos="-13.1001" ypos="153.134" zpos="-0.827395" type="jumpingpuzzle.point" GUID="sYm5GU+0fESBzAJLeVzC+w=="/>
    <POI MapID="863" xpos="1.15154" ypos="119.386" zpos="-10.5347" type="jumpingpuzzle.point" GUID="6nAJBrMG8ESqh9fEQeHI8Q=="/>
    <POI MapID="863" xpos="5.98265" ypos="99.8432" zpos="-27.0936" type="jumpingpuzzle.point" GUID="ZvZbSozYmkOT6AgRjUuu2g=="/>
    <POI MapID="863" xpos="23.2554" ypos="85.7294" zpos="-0.374719" type="chest.meta" GUID="rM5R4Y8+F0K17/BzpysOiA=="/>
    <POI MapID="863" xpos="36.0687" ypos="212.068" zpos="-25.4488" type="tactical.raid.spawnpoint" GUID="3ZnN8JO/vkiDKGtfjPKdmw=="/>
    <POI MapID="863" xpos="-6.62451" ypos="154.281" zpos="-61.3399" type="tactical.raid.spawnpoint" GUID="aPADqtb10UWwt7lCQp6CJA=="/>
    <POI MapID="863" xpos="19.9184" ypos="85.4666" zpos="-51.7371" type="tactical.raid.spawnpoint" GUID="idC2VlKyw0iANTALZuPNBg=="/>
    <POI MapID="863" xpos="61.9568" ypos="212.551" zpos="-29.5739" type="tactical.raid.spawnpoint" GUID="f4pT2dTLR0WCTIXVpt3MGQ=="/>
  </POIs>
</OverlayData>