<OverlayData>
  <MarkerCategory name="Chest" fadeFar="16800" fadeNear="8400" iconFile="Data/Chest.png" maxSize="256" heightOffset="1.6" data-class="fade-1 poi-chest" data-iconFile="Data/Chest.png">
    <MarkerCategory name="Permanent"/>
  </MarkerCategory>
  <MarkerCategory name="Tactical" DisplayName="Tactical" fadeFar="16800" fadeNear="8400" maxSize="256" data-sort="true">
    <MarkerCategory name="Raid" fadeFar="5600" fadeNear="5600" iconFile="Data/Tactical/Raid.png" data-allowsub="true" data-class="fade-raid" data-iconFile="Data/Tactical/Raid.png">
      <MarkerCategory name="StackPoint" DisplayName="Stack Point" iconFile="Data/stack.png" iconSize="0.5" heightOffset="0"/>
    </MarkerCategory>
  </MarkerCategory>
  <POIs>
    <POI MapID="1062" xpos="-289.068" ypos="89.3527" zpos="109.607" type="chest.permanent" GUID="93AHnBopaEi97RtOpVqVvw=="/>
    <POI MapID="1062" xpos="41.1658" ypos="48.4293" zpos="-113.724" type="tactical.raid.stackpoint" GUID="H8RE1vBwLUmTxnJq0gw4EA=="/>
  </POIs>
</OverlayData>