<OverlayData>
  <MarkerCategory name="Chest" fadeFar="16800" fadeNear="8400" iconFile="Data/Chest.png" maxSize="256" heightOffset="1.6" data-class="fade-1 poi-chest" data-iconFile="Data/Chest.png">
    <MarkerCategory name="Meta" fadeFar="8400" fadeNear="2100" iconFile="Data/Chest-Meta.png" heightOffset="3.5" behavior="4" data-iconFile="Data/Chest-Meta.png" resetLength="30"/>
    <MarkerCategory name="MapSpecific" DisplayName="Map Specific" fadeFar="10500" fadeNear="4200" iconFile="Data/Chest-MapSpecific.png" data-allowsub="true" data-class="fade-7" data-iconFile="Data/Chest-MapSpecific.png">
      <MarkerCategory name="KeyRequired" iconFile="Data/Chest/MapSpecific.KeyRequired.png" data-iconFile="Data/Chest/MapSpecific.KeyRequired.png"/>
    </MarkerCategory>
  </MarkerCategory>
  <POIs>
    <POI MapID="1271" xpos="-251.6" ypos="2.25509" zpos="-208.554" type="chest.meta" GUID="MsAWX5wRF0WuGioAzjT0zw=="/>
    <POI MapID="1271" xpos="-719.316" ypos="3.25029" zpos="664.403" type="chest.mapspecific.keyrequired" GUID="YyL+WMQ15kikBiQbKA17WA=="/>
  </POIs>
</OverlayData>