<OverlayData>
  <MarkerCategory name="Chest" iconFile="Data/Chest.png" data-class="fade-1" heightOffset="2" data-iconFile="Data/Chest.png" fadeFar="16800" fadeNear="8400">
    <MarkerCategory name="MapSpecific" DisplayName="Map Specific" data-allowsub="true" data-class="fade-7" iconFile="Data/Chest-MapSpecific.png" data-iconFile="Data/Chest-MapSpecific.png" fadeFar="10500" fadeNear="4200">
      <MarkerCategory name="KeyRequired" iconFile="Data/Chest/MapSpecific.KeyRequired.png" data-iconFile="Data/Chest/MapSpecific.KeyRequired.png"/>
    </MarkerCategory>
    <MarkerCategory name="Permanent"/>
    <MarkerCategory name="Meta" fadeFar="8400" fadeNear="2100" behavior="4" resetLength="30" heightOffset="3.5" iconFile="Data/Chest-Meta.png" data-iconFile="Data/Chest-Meta.png"/>
  </MarkerCategory>
  <POIs>
    <POI MapID="1248" xpos="-1015.02" ypos="110.76" zpos="119.339" type="chest.mapspecific.keyrequired" GUID="ACxeTmqQXkGOe2EaZbjY2w=="/>
    <POI MapID="1248" xpos="-30.9395" ypos="91.3643" zpos="-403.25" type="chest.mapspecific.keyrequired" GUID="VGXzfo4O2kWyMeGJQ4ck1Q=="/>
    <POI MapID="1248" xpos="-10.0738" ypos="113.146" zpos="-294.825" type="chest.mapspecific.keyrequired" GUID="t8olzXV68kKCggtLS97bpQ=="/>
    <POI MapID="1248" xpos="-876.613" ypos="160.952" zpos="-753.81" type="chest.permanent" GUID="CWKHIVljvUGrVp9t8gkcdQ=="/>
    <POI MapID="1248" xpos="115.183" ypos="29.2254" zpos="-303.723" type="chest.mapspecific.keyrequired" GUID="0qLGosel7kWF5J4vVT1CNQ=="/>
    <POI MapID="1248" xpos="83.9298" ypos="22.6695" zpos="-341.801" type="chest.permanent" GUID="xktXUKr0TUqBzNdu5dj12w=="/>
    <POI MapID="1248" xpos="1050.17" ypos="0.748325" zpos="-896.612" type="chest.permanent" GUID="yVbvKyz+lEiI4nTUNHritg=="/>
    <POI MapID="1248" xpos="1324.08" ypos="58.6276" zpos="-627.801" type="chest.permanent" GUID="eIQ07RUVW0SoXp5f3jphWg=="/>
    <POI MapID="1248" xpos="1270.63" ypos="129.734" zpos="-538.102" type="chest.mapspecific.keyrequired" GUID="YtLg4rB1RUGbgiMWZgO3/w=="/>
    <POI MapID="1248" xpos="1422.53" ypos="149.92" zpos="-485.563" type="chest.permanent" GUID="lOh8SGu1mkCPzVSBtE41mA=="/>
    <POI MapID="1248" xpos="1016.32" ypos="196.723" zpos="-558.933" type="chest.permanent" GUID="4DKIGzKBTU+v9ZHMC5vK7Q=="/>
    <POI MapID="1248" xpos="-1063.91" ypos="139.624" zpos="365.498" type="chest.mapspecific.keyrequired" GUID="8B2ZU0lsC0SuUYSsP/9PhQ=="/>
    <POI MapID="1248" xpos="-1265.24" ypos="17.3191" zpos="169.867" type="chest.mapspecific.keyrequired" GUID="3oax9OM1sE6H4HcrIKvoig=="/>
    <POI MapID="1248" xpos="597.286" ypos="270.102" zpos="-16.2473" type="chest.mapspecific.keyrequired" GUID="yCxXHeZ/OEaAu2Ya8hUQjw=="/>
    <POI MapID="1248" xpos="447.905" ypos="290.786" zpos="-12.2482" type="chest.permanent" GUID="IzzNgIaL4Eal5shfNhzLvA=="/>
    <POI MapID="1248" xpos="751.037" ypos="77.8517" zpos="256.998" type="chest.mapspecific.keyrequired" GUID="vYFaFjTEvE6PXSOCBSPSxw=="/>
    <POI MapID="1248" xpos="737.823" ypos="79.9118" zpos="300.32" type="chest.permanent" GUID="bOnN4Xfp/kWxTFHdFSGy6g=="/>
    <POI MapID="1248" xpos="659.973" ypos="117.448" zpos="320.712" type="chest.mapspecific.keyrequired" GUID="b9crfzn6Sk67i7kBSjTKnw=="/>
    <POI MapID="1248" xpos="185.532" ypos="22.6369" zpos="-285.188" type="chest.permanent" GUID="QsLEXouDgEyQNVB0pNov2A=="/>
    <POI MapID="1248" xpos="148.181" ypos="75.0913" zpos="-208.127" type="chest.mapspecific.keyrequired" GUID="SJBmiRg3HUOuFku+Gep/gA=="/>
    <POI MapID="1248" xpos="442.172" ypos="32.7953" zpos="-613.89" type="chest.mapspecific.keyrequired" GUID="PakY5S5cHUqgeB8gcPH1rw=="/>
    <POI MapID="1248" xpos="137.181" ypos="162.151" zpos="-16.5692" type="chest.mapspecific.keyrequired" GUID="ded99zDwBUKxGORaWciwBg=="/>
    <POI MapID="1248" xpos="652.09" ypos="177.711" zpos="918.823" type="chest.permanent" GUID="8yg1ulfN80S2vj5pJvU7dQ=="/>
    <POI MapID="1248" xpos="1282.78" ypos="118.227" zpos="472.014" type="chest.permanent" GUID="nvDLMJIAgUee1MiglM0QNw=="/>
    <POI MapID="1248" xpos="-92.1771" ypos="147.404" zpos="10.2534" type="chest.permanent" GUID="xRG0Lr+zbEuKmK8QiPCvdw=="/>
    <POI MapID="1248" xpos="149.206" ypos="81.0321" zpos="849.331" type="chest.meta" GUID="1M/fl6JxI0eSCYrUR3cqpQ=="/>
    <POI MapID="1248" xpos="-1421.16" ypos="123.442" zpos="845.349" type="chest.permanent" GUID="hBEokbTD80SwmbH3ePOz2w=="/>
    <POI MapID="1248" xpos="-1426.04" ypos="121.857" zpos="809.783" type="chest.mapspecific.keyrequired" GUID="AYJ0eiNKVUuhuytuNJqLqw=="/>
    <POI MapID="1248" xpos="-1379.02" ypos="109.114" zpos="818.808" type="chest.permanent" GUID="0T+VAAYhnEKj5wPx1GVcEw=="/>
    <POI MapID="1248" xpos="-1172.1" ypos="145.014" zpos="845.151" type="chest.mapspecific.keyrequired" GUID="yz1KPQ1kUEiHveoekGfapQ=="/>
    <POI MapID="1248" xpos="-1340.31" ypos="145.095" zpos="605.899" type="chest.mapspecific.keyrequired" GUID="fUTymPYAGU2vlDLq2FpxJw=="/>
    <POI MapID="1248" xpos="-1226.16" ypos="135.4" zpos="-260.25" type="chest.permanent" GUID="vW/FEvu2yEiJbtNuZcXx9Q=="/>
    <POI MapID="1248" xpos="-1284.04" ypos="138.556" zpos="-247.056" type="chest.mapspecific.keyrequired" GUID="9PBvRvLGVEaZVp8VSkEY2Q=="/>
    <POI MapID="1248" xpos="-764.464" ypos="183.404" zpos="-675.418" type="chest.mapspecific.keyrequired" GUID="hEpNPbjjIEq80o1gtSOr1w=="/>
    <POI MapID="1248" xpos="-728.553" ypos="181.723" zpos="-658.179" type="chest.mapspecific.keyrequired" GUID="Ro6raULLVUCAX4lRxBtsEg=="/>
    <POI MapID="1248" xpos="-158.606" ypos="84.6599" zpos="-897.443" type="chest.mapspecific.keyrequired" GUID="b+Ysy0RYPEiLVhJMiLt45A=="/>
    <POI MapID="1248" xpos="82.375" ypos="120.13" zpos="-915.086" type="chest.permanent" GUID="mSVmeN10M0GCyCO1ye9rig=="/>
    <POI MapID="1248" xpos="98.8972" ypos="133.454" zpos="-843.237" type="chest.permanent" GUID="81oexHVNZ0ycLIPhU6RbKw=="/>
    <POI MapID="1248" xpos="-241.326" ypos="81.8492" zpos="-835.307" type="chest.permanent" GUID="kXnEFZZx5Eq9zclkPtByjg=="/>
    <POI MapID="1248" xpos="186.511" ypos="55.3732" zpos="-291.75" type="chest.mapspecific.keyrequired" GUID="ELkCepTgt0m4wQ47IZnr4Q=="/>
    <POI MapID="1248" xpos="-4.39878" ypos="121.276" zpos="-61.7263" type="chest.mapspecific.keyrequired" GUID="1FIRW7BzYkm3ZwjFmadR0w=="/>
    <POI MapID="1248" xpos="85.8683" ypos="132.291" zpos="10.1493" type="chest.mapspecific.keyrequired" GUID="PKr+JE3O5US/V+tKF75TQA=="/>
    <POI MapID="1248" xpos="-486.744" ypos="101.726" zpos="-408.978" type="chest.permanent" GUID="dD3RqspS8kmgzxp1oQm83Q=="/>
    <POI MapID="1248" xpos="-413.217" ypos="95.5119" zpos="-342.157" type="chest.permanent" GUID="cxjASkY0u0y7DUZDFSXK5g=="/>
    <POI MapID="1248" xpos="-371.68" ypos="111.887" zpos="-206.874" type="chest.mapspecific.keyrequired" GUID="eB0RtlK6bUWsXkLOY8cQgg=="/>
    <POI MapID="1248" xpos="-314.781" ypos="142.501" zpos="-79.174" type="chest.mapspecific.keyrequired" GUID="NAJcptdpVkmXbnb7R3gn7A=="/>
    <POI MapID="1248" xpos="-161.055" ypos="143.599" zpos="-19.9892" type="chest.mapspecific.keyrequired" GUID="t37OGPKTPkuaMUXeOg/RZQ=="/>
    <POI MapID="1248" xpos="920.754" ypos="85.7464" zpos="761.552" type="chest.mapspecific.keyrequired" GUID="1NEBEdIr30mhJv4egR0AlQ=="/>
    <POI MapID="1248" xpos="563.675" ypos="151.404" zpos="799.869" type="chest.mapspecific.keyrequired" GUID="q3s6KPpytESqMcif4EvKZg=="/>
    <POI MapID="1248" xpos="435.742" ypos="147.297" zpos="888.941" type="chest.permanent" GUID="Vm4C8p2zjEC8yQrVrEIzEg=="/>
    <POI MapID="1248" xpos="92.2711" ypos="144.027" zpos="824.734" type="chest.permanent" GUID="zJEbkGXofkKwT2EBtsyv6g=="/>
    <POI MapID="1248" xpos="-8.12472" ypos="153.581" zpos="789.315" type="chest.permanent" GUID="5jpY4jdbmUmz/LXDCuzmfw=="/>
    <POI MapID="1248" xpos="10.1234" ypos="133.454" zpos="867.081" type="chest.permanent" GUID="dwsj9NCmrkOoEKacvDUxqg=="/>
    <POI MapID="1248" xpos="-258.63" ypos="120.236" zpos="965.373" type="chest.permanent" GUID="Vh0YbedHz0aMhfjJZIf5wQ=="/>
    <POI MapID="1248" xpos="-638.776" ypos="93.3895" zpos="875.981" type="chest.permanent" GUID="orGid2RAKkGahYuEZDjY3Q=="/>
    <POI MapID="1248" xpos="1417.43" ypos="111.066" zpos="-864.606" type="chest.mapspecific.keyrequired" GUID="LC/lV3Y4bUmjJe6N4KUspQ=="/>
    <POI MapID="1248" xpos="-802.093" ypos="106.038" zpos="779.153" type="chest.permanent" GUID="pEdeJvBngk6Rzwd5d+LPAw=="/>
    <POI MapID="1248" xpos="-377.89" ypos="66.3993" zpos="455.868" type="chest.mapspecific.keyrequired" GUID="wTC/pGlIEE+3Ii7kBKLh6w=="/>
    <POI MapID="1248" xpos="-1062.41" ypos="118.683" zpos="-108.594" type="chest.meta" GUID="eEHS8To4GkOpB9d2nkjghg=="/>
    <POI MapID="1248" xpos="-521.166" ypos="183.875" zpos="-117.865" type="chest.permanent" GUID="cYisnUDQ70y9IKBHGErRgQ=="/>
    <POI MapID="1248" xpos="-296.608" ypos="101.039" zpos="-272.203" type="chest.meta" GUID="rmNFUJ4CnkC9loB1RTiabw=="/>
    <POI MapID="1248" xpos="492.783" ypos="177.248" zpos="-19.1935" type="chest.meta" GUID="Xl6RkXdoNk2FLL6+G8PEkw=="/>
    <POI MapID="1248" xpos="514.735" ypos="176.602" zpos="-19.8621" type="chest.permanent" GUID="KdjBXZlAn0yL57WI4EczKA=="/>
    <POI MapID="1248" xpos="816.677" ypos="109.686" zpos="-68.3061" type="chest.permanent" GUID="MAGc0YYjJ0ytQHFji9xH8g=="/>
    <POI MapID="1248" xpos="-706.804" ypos="125.452" zpos="924.736" type="chest.mapspecific.keyrequired" GUID="Imu4kvUQqEGTMch4mPsbUg=="/>
    <POI MapID="1248" xpos="-1337.35" ypos="262.94" zpos="-538.286" type="chest.mapspecific.keyrequired" GUID="5WzQujMZRkCGM7whVN4hzQ=="/>
    <POI MapID="1248" xpos="1407.23" ypos="78.0891" zpos="-207.305" type="chest.mapspecific.keyrequired" GUID="6/QJ0sM/ZUmYQ+zCH8fSgQ=="/>
    <POI MapID="1248" xpos="-733.64" ypos="129.03" zpos="976.969" type="chest.mapspecific.keyrequired" GUID="ZehEYG+Li02EUth+o24OpQ=="/>
    <POI MapID="1248" xpos="-816.147" ypos="100.309" zpos="955.163" type="chest.mapspecific.keyrequired" GUID="BKcfeGDQ6U+r8Z54K0P01g=="/>
    <POI MapID="1248" xpos="1358.67" ypos="126.018" zpos="-129.036" type="chest.permanent" GUID="0PkH5v309US26s1s6hu4ig=="/>
    <POI MapID="1248" xpos="1349.85" ypos="90.0571" zpos="-38.2293" type="chest.mapspecific.keyrequired" GUID="8vWVSDoIrkKEBLt9ejvYbw=="/>
    <POI MapID="1248" xpos="-871.918" ypos="190.907" zpos="872.149" type="chest.permanent" GUID="q/h9krNulUyLx2vINNFjLw=="/>
    <POI MapID="1248" xpos="893.115" ypos="125.047" zpos="439.951" type="chest.permanent" GUID="1i1vkihhbkKjnG6d9b0gtw=="/>
    <POI MapID="1248" xpos="597.199" ypos="68.0078" zpos="664.792" type="chest.permanent" GUID="XjiVPERsmUO2qYm9eI0abA=="/>
    <POI MapID="1248" xpos="596.894" ypos="66.3117" zpos="659.516" type="chest.mapspecific.keyrequired" GUID="PoanBKOAikaJDVQgpLL53A=="/>
    <POI MapID="1248" xpos="943.012" ypos="-0.602108" zpos="566.736" type="chest.meta" GUID="rx7JM4+VbU21CphQEZWzZA=="/>
    <POI MapID="1248" xpos="663.995" ypos="55.8956" zpos="529.538" type="chest.mapspecific.keyrequired" GUID="8FUTfrYFREeS+fJs31YR7A=="/>
    <POI MapID="1248" xpos="610.737" ypos="108.433" zpos="457.03" type="chest.mapspecific.keyrequired" GUID="Sm2VUEM/w0KMdq8RK8BFWw=="/>
    <POI MapID="1248" xpos="617.002" ypos="99.3021" zpos="304.331" type="chest.permanent" GUID="mONsr9aQNka6RYuAn+Wudw=="/>
    <POI MapID="1248" xpos="446.302" ypos="160.159" zpos="197.078" type="chest.mapspecific.keyrequired" GUID="Chc4FlL8aUaGR3ht5+D5jA=="/>
    <POI MapID="1248" xpos="-796.345" ypos="197.861" zpos="-633.749" type="chest.mapspecific.keyrequired" GUID="rGDU1BgSQ0KwCDem0je0xw=="/>
    <POI MapID="1248" xpos="-687.252" ypos="167.561" zpos="-645.655" type="chest.mapspecific.keyrequired" GUID="OjGlXAx3nUaRpjXWqFKd+g=="/>
    <POI MapID="1248" xpos="-699.914" ypos="198.152" zpos="-578.927" type="chest.mapspecific.keyrequired" GUID="z7YIuCtKv0yaV5d3wtn3MQ=="/>
    <POI MapID="1248" xpos="43.3872" ypos="106.515" zpos="-349.491" type="chest.mapspecific.keyrequired" GUID="4CuWcRtP7U6Kkao+XCA3Ng=="/>
    <POI MapID="1248" xpos="382.52" ypos="159.629" zpos="916.937" type="chest.mapspecific.keyrequired" GUID="Sa8PuW8bWUaBC8bRABoKWg=="/>
    <POI MapID="1248" xpos="1189.13" ypos="149.685" zpos="953.344" type="chest.mapspecific.keyrequired" GUID="ciHLYCKaZkqYyDA7PZWbOA=="/>
    <POI MapID="1248" xpos="1339.2" ypos="109.898" zpos="686.234" type="chest.permanent" GUID="n4IZVosORUeLuXt/IKIRXg=="/>
    <POI MapID="1248" xpos="1280.97" ypos="150.508" zpos="756.386" type="chest.mapspecific.keyrequired" GUID="mdbskSwAjkCfjy0DDrWFIA=="/>
    <POI MapID="1248" xpos="130.46" ypos="82.4284" zpos="638.291" type="chest.mapspecific.keyrequired" GUID="3aC+K9/iRk+gMnkdnEo/tg=="/>
    <POI MapID="1248" xpos="-948.528" ypos="272.704" zpos="-337.29" type="chest.mapspecific.keyrequired" GUID="IEJJ0DLV30CTVqbocGe8Nw=="/>
    <POI MapID="1248" xpos="-1336.81" ypos="322.003" zpos="-645.116" type="chest.permanent" GUID="RAupMSHlBECSWds4jeHfWQ=="/>
    <POI MapID="1248" xpos="-1271.59" ypos="93.7859" zpos="-26.3517" type="chest.mapspecific.keyrequired" GUID="8MtWH9w4jkWJece2W1I/4w=="/>
    <POI MapID="1248" xpos="-69.297" ypos="87.9837" zpos="-446.255" type="chest.mapspecific.keyrequired" GUID="6/2LE8adq0ieC/UVCruFSA=="/>
    <POI MapID="1248" xpos="514.707" ypos="177.552" zpos="-16.185" type="chest.mapspecific.keyrequired" GUID="ILYPA80bUkixpimMuV8wMw=="/>
  </POIs>
</OverlayData>