<OverlayData>
  <MarkerCategory name="Chest" iconFile="Data/Chest.png" data-class="fade-1 poi-chest" data-iconFile="Data/Chest.png" heightOffset="1.6" fadeFar="16800" fadeNear="8400" maxSize="256">
    <MarkerCategory name="Permanent"/>
    <MarkerCategory name="MapSpecific" DisplayName="Map Specific" data-allowsub="true" data-class="fade-7" iconFile="Data/Chest-MapSpecific.png" data-iconFile="Data/Chest-MapSpecific.png" fadeFar="10500" fadeNear="4200">
      <MarkerCategory name="KeyRequired" iconFile="Data/Chest/MapSpecific.KeyRequired.png" data-iconFile="Data/Chest/MapSpecific.KeyRequired.png"/>
    </MarkerCategory>
    <MarkerCategory name="Meta" fadeFar="8400" fadeNear="2100" behavior="4" resetLength="30" heightOffset="3.5" iconFile="Data/Chest-Meta.png" data-iconFile="Data/Chest-Meta.png"/>
  </MarkerCategory>
  <POIs>
    <POI MapID="1211" xpos="432.347" ypos="135.637" zpos="-365.378" type="chest.permanent" GUID="v2jWr1/7v0KzlTZhtz/YUw=="/>
    <POI MapID="1211" xpos="-192.022" ypos="245.125" zpos="367.688" type="chest.mapspecific.keyrequired" GUID="dEkOZ2UYsE+rsTBYcRdx/Q=="/>
    <POI MapID="1211" xpos="-207.231" ypos="283.598" zpos="586.816" type="chest.mapspecific.keyrequired" GUID="lk1ZqZDTS0CJxy+caIxSJg=="/>
    <POI MapID="1211" xpos="-83.1551" ypos="254.161" zpos="413.382" type="chest.mapspecific.keyrequired" GUID="p+cd0JQU0EKPs/RW8fWdCw=="/>
    <POI MapID="1211" xpos="-223.45" ypos="261.945" zpos="528.212" type="chest.mapspecific.keyrequired" GUID="HXVbXFoW+UiVvcuTgRgj3g=="/>
    <POI MapID="1211" xpos="-113.122" ypos="248.407" zpos="353.425" type="chest.mapspecific.keyrequired" GUID="23FPkYIwfk+/uhwXXvhVfw=="/>
    <POI MapID="1211" xpos="547.573" ypos="295.074" zpos="621.761" type="chest.permanent" GUID="+aQKjP8eukKrAAgq8dutWw=="/>
    <POI MapID="1211" xpos="604.835" ypos="190.687" zpos="608.006" type="chest.permanent" GUID="7Bgf9M3U7066MX2ofmwrHg=="/>
    <POI MapID="1211" xpos="926.173" ypos="206.198" zpos="354.592" type="chest.permanent" GUID="xtINRL2zP0m7XObIi1rUZA=="/>
    <POI MapID="1211" xpos="1080.16" ypos="187.709" zpos="213.124" type="chest.mapspecific.keyrequired" GUID="QvONzqetL0+LMKsZxn91LA=="/>
    <POI MapID="1211" xpos="1308.42" ypos="181.838" zpos="428.064" type="chest.mapspecific.keyrequired" GUID="TpRE5CNTq0GIK6hD3wzk+A=="/>
    <POI MapID="1211" xpos="1017.06" ypos="212.478" zpos="-15.5544" type="chest.mapspecific.keyrequired" GUID="+Tclb7W95E67mbtens9n8A=="/>
    <POI MapID="1211" xpos="1039.07" ypos="198.485" zpos="-94.0405" type="chest.mapspecific.keyrequired" GUID="3sEL9XcteEC+6ooe6TpEgg=="/>
    <POI MapID="1211" xpos="1311.09" ypos="213.143" zpos="29.2095" type="chest.mapspecific.keyrequired" GUID="LqhqnuHY40GaqDNyoseE1g=="/>
    <POI MapID="1211" xpos="699.503" ypos="231.288" zpos="228.008" type="chest.mapspecific.keyrequired" GUID="VJFp7oOaUEiMDIJFe+zyfw=="/>
    <POI MapID="1211" xpos="633.372" ypos="209.645" zpos="133.973" type="chest.mapspecific.keyrequired" GUID="FUpms1LsWEuQDNuoOOCZVQ=="/>
    <POI MapID="1211" xpos="739.35" ypos="203.315" zpos="-13.9444" type="chest.permanent" GUID="LS3QXo0IPEOQnSpe4FEokw=="/>
    <POI MapID="1211" xpos="890.612" ypos="187.321" zpos="-513.169" type="chest.mapspecific.keyrequired" GUID="DJw/IuSttkegWcCmCArp5Q=="/>
    <POI MapID="1211" xpos="1196.19" ypos="74.412" zpos="-415.436" type="chest.permanent" GUID="Tw5LoL5Pa0it2sE+vsAOKw=="/>
    <POI MapID="1211" xpos="1023.28" ypos="200.373" zpos="150.409" type="chest.mapspecific.keyrequired" GUID="DE5XvqKZ2EOWIFk108k/Zw=="/>
    <POI MapID="1211" xpos="1436.81" ypos="161.682" zpos="523.577" type="chest.mapspecific.keyrequired" GUID="G8AF1Vi1ZEGhRTVB23BNpw=="/>
    <POI MapID="1211" xpos="1429.65" ypos="160.568" zpos="512.143" type="chest.permanent" GUID="TYcgy6wkS0Cv7fPKAEwP4A=="/>
    <POI MapID="1211" xpos="1431.41" ypos="163.464" zpos="568.124" type="chest.permanent" GUID="SWhw5x2vT0KioBMKlfAQmA=="/>
    <POI MapID="1211" xpos="1287.22" ypos="182.204" zpos="440.431" type="chest.permanent" GUID="DksO8F3N70+C5WeY8jHb7g=="/>
    <POI MapID="1211" xpos="1246.23" ypos="183.375" zpos="478.083" type="chest.permanent" GUID="qrDuepoazUWAltf75aLDNQ=="/>
    <POI MapID="1211" xpos="1319.37" ypos="184.811" zpos="370.838" type="chest.permanent" GUID="aLVlWV0wHEeIPVf37M0yLQ=="/>
    <POI MapID="1211" xpos="2.32821" ypos="204.85" zpos="8.35509" type="chest.permanent" GUID="vVuXgQdAyU641SYmLgi5IQ=="/>
    <POI MapID="1211" xpos="-200.279" ypos="266.478" zpos="422.007" type="chest.permanent" GUID="Jo5glUfqPEWEvzDOIfI/vA=="/>
    <POI MapID="1211" xpos="-637.788" ypos="377.232" zpos="555.457" type="chest.permanent" GUID="CSQY6Njr/E6WY3rBdLGRxQ=="/>
    <POI MapID="1211" xpos="-807.278" ypos="478.371" zpos="317.78" type="chest.permanent" GUID="tKhVEvkZU0Cnx59TJ3GsGA=="/>
    <POI MapID="1211" xpos="-879.042" ypos="319.715" zpos="637.386" type="chest.permanent" GUID="ila/dwVaWUqINGAegsavSg=="/>
    <POI MapID="1211" xpos="-907.745" ypos="324.685" zpos="682.864" type="chest.permanent" GUID="03VtLhbZfUKL5B8YopPNEw=="/>
    <POI MapID="1211" xpos="-939.974" ypos="319.689" zpos="625.807" type="chest.permanent" GUID="quw3TqKoFUqTUPim7JaJtQ=="/>
    <POI MapID="1211" xpos="-1338.39" ypos="339.579" zpos="463.798" type="chest.permanent" GUID="J7gPKI+O8kmVx562HxH3MQ=="/>
    <POI MapID="1211" xpos="-1298.37" ypos="366.502" zpos="88.5804" type="chest.permanent" GUID="jjoLNYZfKk6z16fg5jxxlQ=="/>
    <POI MapID="1211" xpos="-1247.06" ypos="407.295" zpos="189.796" type="chest.mapspecific.keyrequired" GUID="7Q6rApe6uECTwcCxTsE1iw=="/>
    <POI MapID="1211" xpos="-96.7221" ypos="264.575" zpos="393.112" type="chest.permanent" GUID="FagKaCbXE0adUDffcRVazQ=="/>
    <POI MapID="1211" xpos="693.614" ypos="163.831" zpos="325.603" type="chest.mapspecific.keyrequired" GUID="Wd3x8q3BqEGa1VL3U2sahw=="/>
    <POI MapID="1211" xpos="453.48" ypos="139.275" zpos="113.99" type="chest.mapspecific.keyrequired" GUID="MMfpdTAAKk6IaqK1khp1/A=="/>
    <POI MapID="1211" xpos="1403.19" ypos="246.459" zpos="-11.6269" type="chest.permanent" GUID="TgVhzUBqAU6TOVqEyuEscQ=="/>
    <POI MapID="1211" xpos="168.817" ypos="197.023" zpos="-378.094" type="chest.meta" GUID="9i+0hSo0kUuRt3HeAUBd7g=="/>
    <POI MapID="1211" xpos="-218.417" ypos="14.2589" zpos="-507.576" type="chest.mapspecific.keyrequired" GUID="rtTwvljcTUeuTOqTb/8Sew=="/>
    <POI MapID="1211" xpos="-604.899" ypos="2.27236" zpos="-474.798" type="chest.mapspecific.keyrequired" GUID="6FykSQjMYE+q8MO4KyZHgw=="/>
    <POI MapID="1211" xpos="-1252.08" ypos="46.8206" zpos="-552.673" type="chest.mapspecific.keyrequired" GUID="l5LrxOIAdk+AeNv96x56lQ=="/>
    <POI MapID="1211" xpos="-1215.47" ypos="325.719" zpos="-233.034" type="chest.permanent" GUID="smAauhtsTUyOWFnR7uvQDA=="/>
    <POI MapID="1211" xpos="-1226.72" ypos="330.819" zpos="-163.071" type="chest.permanent" GUID="xLpQ4sz8SEC4fil45aQ1yw=="/>
    <POI MapID="1211" xpos="-1242.31" ypos="299.691" zpos="-249.106" type="chest.mapspecific.keyrequired" GUID="bVjnOD5xNEi0Q4dq9Hajfw=="/>
    <POI MapID="1211" xpos="-1106.85" ypos="273.293" zpos="-235.982" type="chest.mapspecific.keyrequired" GUID="gl+I2d7Xu0SzQTOmV94bNw=="/>
    <POI MapID="1211" xpos="-1111.74" ypos="2.3691" zpos="-589.889" type="chest.mapspecific.keyrequired" GUID="tMgGGXnNNUGWO8Z3n+6aVQ=="/>
    <POI MapID="1211" xpos="-1013.54" ypos="1.10134" zpos="-510.927" type="chest.mapspecific.keyrequired" GUID="WbrwyKfs/kmFGGOjbOj7oA=="/>
    <POI MapID="1211" xpos="-451.469" ypos="63.6169" zpos="-684.007" type="chest.permanent" GUID="dTzADWyKWU+8V6YYX5BiYg=="/>
    <POI MapID="1211" xpos="203.269" ypos="135.695" zpos="-421.738" type="chest.permanent" GUID="OMejX8Sm10m59Mg+ZPLyeA=="/>
    <POI MapID="1211" xpos="32.3701" ypos="312.599" zpos="190.343" type="chest.permanent" GUID="B7Omua3PtUWfe2hY1ZYJHg=="/>
    <POI MapID="1211" xpos="-562.353" ypos="1.15377" zpos="-633.508" type="chest.mapspecific.keyrequired" GUID="l7OXu+wzKEGvUhHOBaIf8Q=="/>
    <POI MapID="1211" xpos="-1307.99" ypos="185.122" zpos="247.103" type="chest.permanent" GUID="b1AYUecLCUO3Uup4hlcEfQ=="/>
    <POI MapID="1211" xpos="1265.09" ypos="231.385" zpos="478.679" type="chest.permanent" GUID="4Foa11A/9UKCZ6ypM24XKA=="/>
    <POI MapID="1211" xpos="-107.654" ypos="188.333" zpos="-104.299" type="chest.permanent" GUID="04WkyY8Fp0Sd/R/lIQt7/g=="/>
    <POI MapID="1211" xpos="-1255.42" ypos="6.16881" zpos="-527.569" type="chest.permanent" GUID="3et35ui/2EmH15nnMjELUQ=="/>
    <POI MapID="1211" xpos="-1373.77" ypos="2.33664" zpos="-485.933" type="chest.permanent" GUID="3WqcPSu1UkuCoq0J7vgWsA=="/>
    <POI MapID="1211" xpos="-1362.48" ypos="9.16483" zpos="-454.304" type="chest.permanent" GUID="Bv4GRe72sU+xe5lKfH/sRw=="/>
    <POI MapID="1211" xpos="-1206.12" ypos="339.702" zpos="272.856" type="chest.mapspecific.keyrequired" GUID="Jyl8GrEuj0eEfmLdgG530w=="/>
    <POI MapID="1211" xpos="-997.391" ypos="541.334" zpos="39.6313" type="chest.mapspecific.keyrequired" GUID="637cHDm8EUSdVR7bPrXFfw=="/>
    <POI MapID="1211" xpos="-193.088" ypos="273.579" zpos="-275.106" type="chest.permanent" GUID="u9LhzTfj5k+3w3G5C45SRQ=="/>
    <POI MapID="1211" xpos="-59.4692" ypos="321.279" zpos="418.91" type="chest.permanent" GUID="66wakkzzx0+c5r7DI1EAgA=="/>
    <POI MapID="1211" xpos="-89.2592" ypos="322.083" zpos="396.734" type="chest.mapspecific.keyrequired" GUID="2Lv8H72u4kSoMSEr2mz5+g=="/>
    <POI MapID="1211" xpos="-1332.21" ypos="462.957" zpos="524.054" type="chest.permanent" GUID="/RBPWfOhxEKEWu+a3CiZYw=="/>
    <POI MapID="1211" xpos="-1302.07" ypos="435.057" zpos="311.864" type="chest.permanent" GUID="TmatR0kfEEqV3PI50BJO1w=="/>
    <POI MapID="1211" xpos="-744.856" ypos="410.555" zpos="63.3054" type="chest.permanent" GUID="mkWLA1/wdkWSwbDOIHJS5A=="/>
    <POI MapID="1211" xpos="-1027.81" ypos="336.404" zpos="-266.275" type="chest.mapspecific.keyrequired" GUID="fjAu47drK0mCZ61DSIkEkg=="/>
    <POI MapID="1211" xpos="-1000.43" ypos="339.907" zpos="-221.195" type="chest.permanent" GUID="0FoPCf2d8EW7eInuT/gkrw=="/>
    <POI MapID="1211" xpos="-1163.71" ypos="408.676" zpos="-97.385" type="chest.permanent" GUID="3kg/lnDko0+Cx110tkaAWA=="/>
    <POI MapID="1211" xpos="-1126.7" ypos="408.576" zpos="-130.998" type="chest.mapspecific.keyrequired" GUID="+DOpqE4kPUWzZ7IKpGP05Q=="/>
    <POI MapID="1211" xpos="227.689" ypos="154.026" zpos="-402.875" type="chest.mapspecific.keyrequired" GUID="wyfoC8cw2E2meGn63/EwpA=="/>
    <POI MapID="1211" xpos="-40.6274" ypos="465.034" zpos="-198.277" type="chest.permanent" GUID="3o6cU6ef4EW8hYNcHXej8g=="/>
    <POI MapID="1211" xpos="-33.9356" ypos="463.689" zpos="-189.678" type="chest.permanent" GUID="7GJpSB1yG067QOtQFAshpA=="/>
    <POI MapID="1211" xpos="1213.09" ypos="73.4544" zpos="-440.717" type="chest.meta" GUID="p1Dsux78WUeYz+Z/SuYMSQ=="/>
    <POI MapID="1211" xpos="-1216.37" ypos="299.128" zpos="-182.133" type="chest.meta" GUID="hHM4vFmvRUuzLvPAF9EXHA=="/>
    <POI MapID="1211" xpos="-651.479" ypos="343.983" zpos="331.519" type="chest.permanent" GUID="YHhLj9rPC0Wrj00j/8ud/g=="/>
    <POI MapID="1211" xpos="-456.075" ypos="71.8705" zpos="-208.837" type="chest.mapspecific.keyrequired" GUID="ehOO3SJm+kW64oYsrSFLEA=="/>
    <POI MapID="1211" xpos="-531.533" ypos="66.0953" zpos="-319.819" type="chest.mapspecific.keyrequired" GUID="QTXuDAhTGkm4P0o5XEYnWA=="/>
    <POI MapID="1211" xpos="-1200.71" ypos="216.334" zpos="-350.591" type="chest.permanent" GUID="fR0SG1czrEGQh6XRk/S+Ow=="/>
    <POI MapID="1211" xpos="-792.121" ypos="5.08464" zpos="-534.908" type="chest.permanent" GUID="N/ilTgZq/Ei7eDFftYlGrA=="/>
    <POI MapID="1211" xpos="-200.266" ypos="266.403" zpos="421.791" type="chest.mapspecific.keyrequired" GUID="tEFOdWekIUSFqC1bEs12pQ=="/>
    <POI MapID="1211" xpos="-71.2404" ypos="280.619" zpos="502.731" type="chest.mapspecific.keyrequired" GUID="BGN9h/np1UKd0gdkLv3hhA=="/>
    <POI MapID="1211" xpos="-161.196" ypos="357.087" zpos="609.706" type="chest.permanent" GUID="SXSPMvxTu0afkld/23hzKQ=="/>
    <POI MapID="1211" xpos="-379.773" ypos="118.779" zpos="-160.29" type="chest.permanent" GUID="918dsmlfuUStbbZ7NziCJw=="/>
    <POI MapID="1211" xpos="-542.467" ypos="0.450972" zpos="-634.149" type="chest.permanent" GUID="mJ0zgxFNVkqM/H1wckfvGQ=="/>
    <POI MapID="1211" xpos="-548.14" ypos="161.667" zpos="-159.247" type="chest.permanent" GUID="KmB7DfFooU+8ArwaJl3bRQ=="/>
    <POI MapID="1211" xpos="-512.903" ypos="160.54" zpos="-173.748" type="chest.permanent" GUID="GeQqeO/vvEGMa2td23/cZg=="/>
    <POI MapID="1211" xpos="-1245.03" ypos="411.484" zpos="60.1872" type="chest.mapspecific.keyrequired" GUID="SmhyFvbu40K6UNlj7d0p8A=="/>
    <POI MapID="1211" xpos="-1006.79" ypos="581.143" zpos="81.4338" type="chest.permanent" GUID="XcMW1xCqR0OnoH3jlGDsNw=="/>
    <POI MapID="1211" xpos="-909.602" ypos="461.363" zpos="-152.106" type="chest.mapspecific.keyrequired" GUID="akaXJqXsVUa1KuiKurCcSQ=="/>
    <POI MapID="1211" xpos="697.53" ypos="198.898" zpos="-21.3903" type="chest.mapspecific.keyrequired" GUID="lFwUaAgcmEu26VUapu7GMQ=="/>
    <POI MapID="1211" xpos="467.461" ypos="179.998" zpos="148.817" type="chest.mapspecific.keyrequired" GUID="ueE+SEa5QEqVA/iB7oZ3lw=="/>
    <POI MapID="1211" xpos="-1304.2" ypos="351.742" zpos="347.569" type="chest.mapspecific.keyrequired" GUID="LogZ+zFjJkiILUqUzy+VQA=="/>
    <POI MapID="1211" xpos="-1115.98" ypos="341.634" zpos="87.1035" type="chest.permanent" GUID="jJ4YOp6bOEWwRdatsqWTuw=="/>
    <POI MapID="1211" xpos="-1198.76" ypos="194.901" zpos="29.3256" type="chest.permanent" GUID="UDpAtmZGe0O1hjYDnGmTEg=="/>
    <POI MapID="1211" xpos="-1169.16" ypos="145.348" zpos="-186.318" type="chest.permanent" GUID="txyYyLbvGUeQ2KMIPBwP/g=="/>
    <POI MapID="1211" xpos="-1109.78" ypos="211.123" zpos="147.868" type="chest.permanent" GUID="DSMZJUDzpEqSbtewy0JVlg=="/>
    <POI MapID="1211" xpos="-1255.06" ypos="219.359" zpos="414.534" type="chest.permanent" GUID="hLkoyj89t0uqdIH90Kcgyg=="/>
    <POI MapID="1211" xpos="-1457.25" ypos="7.71018" zpos="70.9762" type="chest.permanent" GUID="XDMmtGzNmUa9J7aKU6Mo2g=="/>
    <POI MapID="1211" xpos="425.34" ypos="135.962" zpos="-469.762" type="chest.permanent" GUID="FNZ7B//840OuO5iDSbIvJQ=="/>
    <POI MapID="1211" xpos="577.232" ypos="203.052" zpos="192.378" type="chest.mapspecific.keyrequired" GUID="DqFAiGekgk+ByyFXHwwbBA=="/>
  </POIs>
</OverlayData>