<OverlayData>
  <MarkerCategory name="Chest" iconFile="Data/Chest.png" data-class="fade-1 poi-chest" data-iconFile="Data/Chest.png" heightOffset="1.6" fadeFar="16800" fadeNear="8400">
    <MarkerCategory name="MapSpecific" DisplayName="Map Specific" data-allowsub="true" data-class="fade-7" iconFile="Data/Chest-MapSpecific.png" data-iconFile="Data/Chest-MapSpecific.png" fadeFar="10500" fadeNear="4200">
      <MarkerCategory name="KeyRequired" iconFile="Data/Chest/MapSpecific.KeyRequired.png" data-iconFile="Data/Chest/MapSpecific.KeyRequired.png"/>
    </MarkerCategory>
    <MarkerCategory name="Permanent"/>
    <MarkerCategory name="Meta" fadeFar="8400" fadeNear="2100" behavior="4" resetLength="30" heightOffset="3.5" iconFile="Data/Chest-Meta.png" data-iconFile="Data/Chest-Meta.png"/>
  </MarkerCategory>
  <POIs>
    <POI MapID="1210" xpos="5.57802" ypos="3.7393" zpos="-163.255" type="chest.mapspecific.keyrequired" GUID="rbyIH+i0IEadgWG8lcgWjA=="/>
    <POI MapID="1210" xpos="114.214" ypos="30.8046" zpos="-171.425" type="chest.mapspecific.keyrequired" GUID="qO1TJ8YHh0OjF47JxXyfsA=="/>
    <POI MapID="1210" xpos="449.707" ypos="130.238" zpos="527.035" type="chest.mapspecific.keyrequired" GUID="Pf40QAhsd0iYCZ2LS2YGtw=="/>
    <POI MapID="1210" xpos="352.719" ypos="140.64" zpos="464.173" type="chest.mapspecific.keyrequired" GUID="rzOSBtZ+pUCEGwmse+hNPQ=="/>
    <POI MapID="1210" xpos="428.35" ypos="22.8212" zpos="-537.555" type="chest.permanent" GUID="E9328XuOLk6YsJSe3AwfUg=="/>
    <POI MapID="1210" xpos="663.37" ypos="7.02104" zpos="-540.187" type="chest.mapspecific.keyrequired" GUID="Ehd8ZRqhakGuS1RQGgbaFA=="/>
    <POI MapID="1210" xpos="-240.964" ypos="50.3486" zpos="684.297" type="chest.mapspecific.keyrequired" GUID="zMNAOKtVW02S8i+zNH8coQ=="/>
    <POI MapID="1210" xpos="-987.219" ypos="51.8513" zpos="147.338" type="chest.mapspecific.keyrequired" GUID="msNg53vV4k2A8mnc8uaRMQ=="/>
    <POI MapID="1210" xpos="-837.662" ypos="168.606" zpos="486.806" type="chest.permanent" GUID="1oV/+RrhU0uDawGyxK7xMw=="/>
    <POI MapID="1210" xpos="-867.886" ypos="253.097" zpos="593.039" type="chest.permanent" GUID="HRL6rFyJs0+z6ue5S9SywQ=="/>
    <POI MapID="1210" xpos="1376.14" ypos="97.6958" zpos="-266.923" type="chest.permanent" GUID="3NXwZLjlsEigGJDAAbF2YQ=="/>
    <POI MapID="1210" xpos="51.7909" ypos="15.17" zpos="20.9062" type="chest.permanent" GUID="TK9AzyY94EmXLHBIjQIjEw=="/>
    <POI MapID="1210" xpos="-380.052" ypos="47.368" zpos="525.059" type="chest.permanent" GUID="iDwiGbXatEKhEhvc7IFqwg=="/>
    <POI MapID="1210" xpos="-379.927" ypos="56.4666" zpos="556.371" type="chest.permanent" GUID="r0T+XZh5N0awXStNceeLAA=="/>
    <POI MapID="1210" xpos="-232.933" ypos="58.7696" zpos="667.156" type="chest.permanent" GUID="hLTpJ7L560SSzIfaBWV+PA=="/>
    <POI MapID="1210" xpos="-65.5498" ypos="53.923" zpos="585.362" type="chest.mapspecific.keyrequired" GUID="Xyw+LcOHG0a9ELHO4OCLmw=="/>
    <POI MapID="1210" xpos="433.972" ypos="45.5285" zpos="300.349" type="chest.mapspecific.keyrequired" GUID="rBazYj3ecU+1OMFHUQiP6A=="/>
    <POI MapID="1210" xpos="696.23" ypos="103.274" zpos="552.517" type="chest.permanent" GUID="13YL1WfQeEWJ7yelmgi8nQ=="/>
    <POI MapID="1210" xpos="-951.212" ypos="178.779" zpos="513.975" type="chest.permanent" GUID="OOQ5kXIYpkGCtgBpWBASnQ=="/>
    <POI MapID="1210" xpos="-1010.63" ypos="71.429" zpos="577.365" type="chest.mapspecific.keyrequired" GUID="HPPBd8KiO02yuvRGS7L44g=="/>
    <POI MapID="1210" xpos="-937.651" ypos="46.6519" zpos="363.011" type="chest.permanent" GUID="Gm8OVlMmDUeermpAssImcA=="/>
    <POI MapID="1210" xpos="-707.382" ypos="14.3172" zpos="670.254" type="chest.mapspecific.keyrequired" GUID="89GCYVgbYE+Vpb6YJ+L+BA=="/>
    <POI MapID="1210" xpos="-834.404" ypos="38.6523" zpos="657.001" type="chest.permanent" GUID="UYFfyxctokirIl+7PzhYlA=="/>
    <POI MapID="1210" xpos="343.031" ypos="61.0819" zpos="185.594" type="chest.permanent" GUID="JxsdzwMXYkOqg5n5lREI1Q=="/>
    <POI MapID="1210" xpos="172.447" ypos="85.1794" zpos="242.251" type="chest.permanent" GUID="/aPYC3F230OMjkZJMfWUzA=="/>
    <POI MapID="1210" xpos="246.541" ypos="65.8753" zpos="709.808" type="chest.mapspecific.keyrequired" GUID="Ag4XkB+ei0WzpAjidMdFig=="/>
    <POI MapID="1210" xpos="104.499" ypos="142.299" zpos="634.331" type="chest.permanent" GUID="c3j4xvginkWXod+Iz0wtcA=="/>
    <POI MapID="1210" xpos="29.0337" ypos="105.591" zpos="644.504" type="chest.permanent" GUID="T87qaSgle0CzSMg2W9hcUw=="/>
    <POI MapID="1210" xpos="23.0319" ypos="105.689" zpos="628.167" type="chest.permanent" GUID="GNFedrmX5kiaKzA2vlnAwg=="/>
    <POI MapID="1210" xpos="720.88" ypos="119.37" zpos="667.706" type="chest.permanent" GUID="Fze9HLOt5kmxHw65MAiRXg=="/>
    <POI MapID="1210" xpos="742.643" ypos="122.676" zpos="574.532" type="chest.mapspecific.keyrequired" GUID="Uq3adZACG0ua1je0hW6ejA=="/>
    <POI MapID="1210" xpos="1240.66" ypos="278.332" zpos="455.514" type="chest.permanent" GUID="2Nl6XXAJ6UajoPNPl0TxIA=="/>
    <POI MapID="1210" xpos="1185.96" ypos="375.108" zpos="393.842" type="chest.permanent" GUID="MfIyJjsa5keZCdWebI62dA=="/>
    <POI MapID="1210" xpos="1207.94" ypos="385.501" zpos="475.424" type="chest.permanent" GUID="G5YMvcOU4EOtk1355gPxkQ=="/>
    <POI MapID="1210" xpos="1232.47" ypos="189.221" zpos="443.456" type="chest.meta" GUID="DxEuwXVvFkie4uOMg6/gRQ=="/>
    <POI MapID="1210" xpos="552.898" ypos="278.756" zpos="331.879" type="chest.permanent" GUID="kYDnL7VTHEaCS22heD5MwQ=="/>
    <POI MapID="1210" xpos="742.743" ypos="124.636" zpos="-419.189" type="chest.permanent" GUID="0tfLrs4HsUiVdoMmH8NAeA=="/>
    <POI MapID="1210" xpos="-1046.41" ypos="15.9923" zpos="-268.921" type="chest.mapspecific.keyrequired" GUID="ewh+QCvgPUi34Seex7RzWw=="/>
    <POI MapID="1210" xpos="502.334" ypos="24.19" zpos="-318.95" type="chest.mapspecific.keyrequired" GUID="xjqN1Xin8UK2m2JUznMyYw=="/>
    <POI MapID="1210" xpos="499.548" ypos="24.0246" zpos="-337.783" type="chest.permanent" GUID="GryUeEeotEmAR4aX5tITbg=="/>
    <POI MapID="1210" xpos="482.572" ypos="70.0272" zpos="15.3938" type="chest.permanent" GUID="AM5hn9iUQUiNL6mLw2saKg=="/>
    <POI MapID="1210" xpos="682.58" ypos="29.2528" zpos="140.621" type="chest.meta" GUID="Sd80FrxUUEGtUCb3KAuc+A=="/>
    <POI MapID="1210" xpos="1451.89" ypos="158.975" zpos="113.739" type="chest.permanent" GUID="Y3EjYu++b0SJbhbqhD6Zkw=="/>
    <POI MapID="1210" xpos="1437.49" ypos="159.523" zpos="142.594" type="chest.mapspecific.keyrequired" GUID="4qEPm561qkuqQybbgKp+XA=="/>
    <POI MapID="1210" xpos="-485.066" ypos="1.32512" zpos="228.993" type="chest.mapspecific.keyrequired" GUID="5wLcb9uHaEiYHAA+5Xizcg=="/>
    <POI MapID="1210" xpos="957.804" ypos="191.209" zpos="414.531" type="chest.permanent" GUID="DZgw1qtGLE2TnJ2aoSmGjw=="/>
    <POI MapID="1210" xpos="1354.39" ypos="79.4772" zpos="-144.236" type="chest.mapspecific.keyrequired" GUID="IJb4cWaGW0C5Oj5usdIOOA=="/>
    <POI MapID="1210" xpos="-933.146" ypos="9.08701" zpos="78.5403" type="chest.mapspecific.keyrequired" GUID="5LxugdAD90efASPSajOsqw=="/>
    <POI MapID="1210" xpos="291.399" ypos="59.0259" zpos="513.229" type="chest.permanent" GUID="PZdUfw7BhUCoN8VVI5r3Vg=="/>
    <POI MapID="1210" xpos="572.246" ypos="146.842" zpos="195.732" type="chest.permanent" GUID="RAG1ucDjWkq9xwDE5dN19w=="/>
    <POI MapID="1210" xpos="-502.326" ypos="25.3936" zpos="463.43" type="chest.mapspecific.keyrequired" GUID="GYCufMdIWkWMFpg1K1hmYA=="/>
    <POI MapID="1210" xpos="-500.423" ypos="33.8977" zpos="420.804" type="chest.permanent" GUID="Xi/9sy+ee06nirt2YvCdYw=="/>
    <POI MapID="1210" xpos="70.82" ypos="53.7976" zpos="446.506" type="chest.mapspecific.keyrequired" GUID="0J9MBT1OHUaU3WUNW9dP5Q=="/>
    <POI MapID="1210" xpos="566.661" ypos="97.4501" zpos="213.157" type="chest.mapspecific.keyrequired" GUID="u491+U3NRk+8QlNPaEShiA=="/>
    <POI MapID="1210" xpos="672.935" ypos="43.7168" zpos="-684.016" type="chest.mapspecific.keyrequired" GUID="mvE5JcAmfEKF0ddIvYKPGQ=="/>
    <POI MapID="1210" xpos="766.336" ypos="86.9269" zpos="-623.629" type="chest.permanent" GUID="DuNPGJEkbkiwCuUVdRZkzQ=="/>
    <POI MapID="1210" xpos="852.18" ypos="80.9967" zpos="-490.581" type="chest.mapspecific.keyrequired" GUID="PHd7kaT9s0CkAxGXqG7rdw=="/>
    <POI MapID="1210" xpos="644.98" ypos="111.22" zpos="-380.328" type="chest.mapspecific.keyrequired" GUID="0vp2CQKLRUSF8c++cp80KA=="/>
    <POI MapID="1210" xpos="807.114" ypos="204.9" zpos="704.4" type="chest.permanent" GUID="VM33NuYhV0msVAEkD4HdGA=="/>
    <POI MapID="1210" xpos="1144.56" ypos="141.629" zpos="25.1675" type="chest.mapspecific.keyrequired" GUID="SoR2EsujWE6Xjx7nqePwrA=="/>
    <POI MapID="1210" xpos="1474.15" ypos="104.989" zpos="-90.9257" type="chest.mapspecific.keyrequired" GUID="udJ0CjiE0EG6boihXy15fw=="/>
    <POI MapID="1210" xpos="287.37" ypos="4.15532" zpos="-351.67" type="chest.permanent" GUID="o4/CKcEXm0yMHIeLNwtKFw=="/>
    <POI MapID="1210" xpos="45.4396" ypos="6.70693" zpos="-35.7272" type="chest.mapspecific.keyrequired" GUID="LzBG7LMZSUC8shhEMZLU4A=="/>
    <POI MapID="1210" xpos="-1231.13" ypos="14.6286" zpos="-598.503" type="chest.permanent" GUID="UFHglnpdjUWJ9v+8b6n8Lw=="/>
    <POI MapID="1210" xpos="-1256.06" ypos="-5.44112" zpos="-572.598" type="chest.mapspecific.keyrequired" GUID="aQDcVfYeeEe0phfOKNSJzA=="/>
    <POI MapID="1210" xpos="-1345.35" ypos="-47.4269" zpos="-211.539" type="chest.mapspecific.keyrequired" GUID="pfSn1bfbr0Ko/whk0AsYSw=="/>
    <POI MapID="1210" xpos="-1436.32" ypos="0.757413" zpos="114.105" type="chest.mapspecific.keyrequired" GUID="e1M100EBXk2hwgnvgUgbEQ=="/>
    <POI MapID="1210" xpos="-1388.72" ypos="-0.21091" zpos="95.6569" type="chest.permanent" GUID="Z8RvwcX3SUuFkL1YwuAbLQ=="/>
    <POI MapID="1210" xpos="-1229.33" ypos="20.2503" zpos="545.943" type="chest.mapspecific.keyrequired" GUID="2j+mLFCdXEmrXIm33yhxJg=="/>
    <POI MapID="1210" xpos="-1092.36" ypos="166.851" zpos="499.57" type="chest.permanent" GUID="tekMCC/Ag0yPhjzNFyNgow=="/>
    <POI MapID="1210" xpos="-721.232" ypos="42.5437" zpos="609.994" type="chest.permanent" GUID="DJHwz4xOHkKflWrg79U+Vg=="/>
    <POI MapID="1210" xpos="-741.486" ypos="43.2859" zpos="616.993" type="chest.mapspecific.keyrequired" GUID="NFIiskWYp0u1+DQNumXt6A=="/>
    <POI MapID="1210" xpos="727.704" ypos="134.526" zpos="472.869" type="chest.permanent" GUID="DPNS8ELSO0OHa7/6DsDBQQ=="/>
    <POI MapID="1210" xpos="762.739" ypos="150.847" zpos="157.823" type="chest.permanent" GUID="adqtQAB4tkaoNfJyjeYvaw=="/>
    <POI MapID="1210" xpos="-805.678" ypos="57.2945" zpos="-262.988" type="chest.mapspecific.keyrequired" GUID="Ty/t2VIqK06ih8yajOUC1w=="/>
    <POI MapID="1210" xpos="-897.151" ypos="43.606" zpos="-183.406" type="chest.mapspecific.keyrequired" GUID="0zs2JdCMDEGhXZIOk2Ac8g=="/>
    <POI MapID="1210" xpos="-864.513" ypos="94.2229" zpos="-90.1814" type="chest.mapspecific.keyrequired" GUID="dlrauLTngke1XyV8Z2ixlg=="/>
    <POI MapID="1210" xpos="-898.99" ypos="66.9683" zpos="21.2319" type="chest.permanent" GUID="sWtzHtP5hEKD1WnsZ/2bMA=="/>
    <POI MapID="1210" xpos="-910.882" ypos="67.6863" zpos="21.4782" type="chest.mapspecific.keyrequired" GUID="Jp9Z0HuyGku9pLP3Rm0qpQ=="/>
    <POI MapID="1210" xpos="-895.927" ypos="38.4019" zpos="638.927" type="chest.mapspecific.keyrequired" GUID="nrEnGmMR6UyTU1eDE1nkXQ=="/>
    <POI MapID="1210" xpos="180.565" ypos="1.6404" zpos="295.829" type="chest.mapspecific.keyrequired" GUID="Ovox0XIV5Ui/NBm+voIxsw=="/>
    <POI MapID="1210" xpos="-1340.55" ypos="3.34428" zpos="252.606" type="chest.meta" GUID="gVnAzKdAmkihn+ug9Jzz4w=="/>
    <POI MapID="1210" xpos="1277.6" ypos="190.735" zpos="458.103" type="chest.mapspecific.keyrequired" GUID="A//XZuff30ikGryIAuH46g=="/>
    <POI MapID="1210" xpos="-1279.13" ypos="0.287653" zpos="166.155" type="chest.permanent" GUID="txWnimJ+oUK2uKUYn1ERCQ=="/>
    <POI MapID="1210" xpos="-1260.43" ypos="12.4466" zpos="163.39" type="chest.mapspecific.keyrequired" GUID="VregNvrNUkidnCwMqV7fyg=="/>
    <POI MapID="1210" xpos="-922.752" ypos="46.6646" zpos="178.445" type="chest.mapspecific.keyrequired" GUID="oGeRbleMRk22tm8/VQTT+w=="/>
    <POI MapID="1210" xpos="392.075" ypos="34.7851" zpos="-129.547" type="chest.permanent" GUID="P/EU2CWDMEONPT3cWegREQ=="/>
    <POI MapID="1210" xpos="666.478" ypos="57.0875" zpos="-136.792" type="chest.mapspecific.keyrequired" GUID="cVrQI2FhxE2TcCOFr3VmIw=="/>
    <POI MapID="1210" xpos="922.444" ypos="205.536" zpos="555.337" type="chest.permanent" GUID="bFxOnX7IL0evzKvqjWWx9Q=="/>
    <POI MapID="1210" xpos="977.952" ypos="205.663" zpos="604.749" type="chest.mapspecific.keyrequired" GUID="b/cT9iHL30SVrH9glSFEug=="/>
    <POI MapID="1210" xpos="1254.23" ypos="189.225" zpos="430.001" type="chest.permanent" GUID="3tp2Ris/r0mApSww+EGyIg=="/>
    <POI MapID="1210" xpos="-335.659" ypos="0.697655" zpos="-524.26" type="chest.permanent" GUID="gbI7Zz9cy0u7oM++KXIG0Q=="/>
    <POI MapID="1210" xpos="-337.366" ypos="1.64029" zpos="-531.223" type="chest.mapspecific.keyrequired" GUID="5QIhzCJmAkOfdryRpLNqLA=="/>
    <POI MapID="1210" xpos="-944.904" ypos="52.1932" zpos="228.332" type="chest.mapspecific.keyrequired" GUID="yIwwE5uBHkSXxgA5L8m1dw=="/>
    <POI MapID="1210" xpos="733.006" ypos="136.377" zpos="349.611" type="chest.mapspecific.keyrequired" GUID="9PLRqjQO5ESXrsZXDGkPoA=="/>
    <POI MapID="1210" xpos="218.003" ypos="92.1703" zpos="-69.8523" type="chest.permanent" GUID="ybINjAYGcUScDbbnyk7Z9w=="/>
    <POI MapID="1210" xpos="1160.99" ypos="103.546" zpos="50.6098" type="chest.permanent" GUID="ZoxPGg/s20arDyvzZYaIjw=="/>
    <POI MapID="1210" xpos="1308.28" ypos="172.216" zpos="-314.889" type="chest.permanent" GUID="+F7R6XGui0CrFQJePgt1Tw=="/>
    <POI MapID="1210" xpos="1463.41" ypos="163.148" zpos="-462.162" type="chest.permanent" GUID="5YdemDVwNEC/sDgb+V/+8A=="/>
    <POI MapID="1210" xpos="1365.27" ypos="161.002" zpos="-492.713" type="chest.permanent" GUID="D1WTgAZIjU2YKt3ksfffqA=="/>
    <POI MapID="1210" xpos="1170.33" ypos="106.561" zpos="160.047" type="chest.permanent" GUID="mS8aBC91C02KIWxk1VBcLw=="/>
    <POI MapID="1210" xpos="1255.63" ypos="81.3765" zpos="-11.9112" type="chest.mapspecific.keyrequired" GUID="I/XJC3khFUGZ8v+jQkjTwQ=="/>
  </POIs>
</OverlayData>