<OverlayData>
  <MarkerCategory name="Chest" iconFile="Data/Chest.png" data-class="fade-1 poi-chest" data-iconFile="Data/Chest.png" heightOffset="1.6" fadeFar="16800" fadeNear="8400" maxSize="256">
    <MarkerCategory name="MapSpecific" DisplayName="Map Specific" data-allowsub="true" data-class="fade-7" iconFile="Data/Chest-MapSpecific.png" data-iconFile="Data/Chest-MapSpecific.png" fadeFar="10500" fadeNear="4200">
      <MarkerCategory name="KeyRequired" iconFile="Data/Chest/MapSpecific.KeyRequired.png" data-iconFile="Data/Chest/MapSpecific.KeyRequired.png"/>
    </MarkerCategory>
    <MarkerCategory name="Permanent"/>
    <MarkerCategory name="Meta" fadeFar="8400" fadeNear="2100" behavior="4" resetLength="30" heightOffset="3.5" iconFile="Data/Chest-Meta.png" data-iconFile="Data/Chest-Meta.png"/>
  </MarkerCategory>
  <POIs>
    <POI MapID="1226" xpos="199.515" ypos="271.359" zpos="283.662" type="chest.mapspecific.keyrequired" GUID="Id4wVLaO/UWHvsOaulyUzA=="/>
    <POI MapID="1226" xpos="-272.201" ypos="364.587" zpos="-1003.94" type="chest.permanent" GUID="JaLz0+7bQEyZ3hvaTKZEfg=="/>
    <POI MapID="1226" xpos="924.293" ypos="234.026" zpos="-1250.46" type="chest.mapspecific.keyrequired" GUID="53zC6l1waEO/Mn6cBrLVIA=="/>
    <POI MapID="1226" xpos="904.83" ypos="245.976" zpos="-1321" type="chest.permanent" GUID="i756YmodVU2mYFvTccBJcg=="/>
    <POI MapID="1226" xpos="638.643" ypos="248.236" zpos="-1293.12" type="chest.mapspecific.keyrequired" GUID="6NDfrFkC6E6049HpYUTZNw=="/>
    <POI MapID="1226" xpos="1078.77" ypos="274.23" zpos="-570.555" type="chest.mapspecific.keyrequired" GUID="DoUUNPfErEWx/cbLfL5YOw=="/>
    <POI MapID="1226" xpos="1013.96" ypos="263.437" zpos="-393.636" type="chest.mapspecific.keyrequired" GUID="pSx13fQnf0WNrKowG9Rimw=="/>
    <POI MapID="1226" xpos="681.707" ypos="264.277" zpos="279.505" type="chest.mapspecific.keyrequired" GUID="DIPUkRJhIk2nk/tfSIzvIg=="/>
    <POI MapID="1226" xpos="983.248" ypos="252.399" zpos="801.664" type="chest.mapspecific.keyrequired" GUID="Q5qHMYYWC0Cw8jhHcHQZmg=="/>
    <POI MapID="1226" xpos="180.585" ypos="295.227" zpos="-1316.08" type="chest.mapspecific.keyrequired" GUID="jLdu517PF0ycpK9y3T11Dw=="/>
    <POI MapID="1226" xpos="351.399" ypos="270.632" zpos="-1367.53" type="chest.mapspecific.keyrequired" GUID="rzgNVJEL+0aQMykIrLdHYg=="/>
    <POI MapID="1226" xpos="311.757" ypos="277.294" zpos="-1353.88" type="chest.permanent" GUID="aMD1vtyWXU2w4WeniKlqMQ=="/>
    <POI MapID="1226" xpos="190.461" ypos="391.565" zpos="-186.847" type="chest.permanent" GUID="EkVbH81QkE2eX6kN584Qkg=="/>
    <POI MapID="1226" xpos="1.04879" ypos="347.687" zpos="455.821" type="chest.permanent" GUID="d18tLQybsUeRZ+P2vIU3rw=="/>
    <POI MapID="1226" xpos="-543.8" ypos="328.432" zpos="173.176" type="chest.permanent" GUID="304+56Wvm0Sd61YzpdfzZA=="/>
    <POI MapID="1226" xpos="-404.28" ypos="66.1721" zpos="947.376" type="chest.meta" GUID="d94Z80rpHUm8x4ieKGI8Cg=="/>
    <POI MapID="1226" xpos="-339.022" ypos="225.637" zpos="-1304.05" type="chest.mapspecific.keyrequired" GUID="b3oD1cyX+UKamAWgRnnh3Q=="/>
    <POI MapID="1226" xpos="-808.365" ypos="227.318" zpos="-1177.77" type="chest.meta" GUID="RlVA5efp1EuG1EE8S90rsQ=="/>
    <POI MapID="1226" xpos="-555.036" ypos="233.259" zpos="-590.028" type="chest.meta" GUID="qqVWQrIaekGlwmyw4SF8QQ=="/>
    <POI MapID="1226" xpos="1030.07" ypos="262.546" zpos="-961.312" type="chest.mapspecific.keyrequired" GUID="Ujv3eQf1dke+Q06ZpQ32GA=="/>
    <POI MapID="1226" xpos="-591.218" ypos="277.87" zpos="247.092" type="chest.mapspecific.keyrequired" GUID="xwZ3Rt2XlU+tqo+wp9biFA=="/>
    <POI MapID="1226" xpos="-587.136" ypos="287.94" zpos="166.426" type="chest.mapspecific.keyrequired" GUID="pEk3E+QeQ0Gat1cz5KqmSw=="/>
    <POI MapID="1226" xpos="9.8942" ypos="307.33" zpos="-1140.52" type="chest.permanent" GUID="mWGb8leuB0yRgwNVG3eHmw=="/>
    <POI MapID="1226" xpos="5.57874" ypos="308.164" zpos="-1133.97" type="chest.mapspecific.keyrequired" GUID="FbMYszlbME6iUtFRynYo0g=="/>
    <POI MapID="1226" xpos="770.197" ypos="273.009" zpos="573.398" type="chest.permanent" GUID="ETKuVUmJd0y3N7ldt4vF5A=="/>
    <POI MapID="1226" xpos="945.64" ypos="199.848" zpos="1106.19" type="chest.permanent" GUID="NkT4uDu9MEOSDuoQp0DawQ=="/>
    <POI MapID="1226" xpos="698.419" ypos="138.582" zpos="1006.36" type="chest.permanent" GUID="C7AizCxo2EipdnZVX820bQ=="/>
    <POI MapID="1226" xpos="658.299" ypos="141.134" zpos="1007.88" type="chest.mapspecific.keyrequired" GUID="uVLobR7J4UmkMB2kLocItQ=="/>
    <POI MapID="1226" xpos="443.057" ypos="158.49" zpos="873.569" type="chest.permanent" GUID="G1iDyTXlskahV339ylupXw=="/>
    <POI MapID="1226" xpos="-901.576" ypos="57.5924" zpos="996.399" type="chest.mapspecific.keyrequired" GUID="gX552SiR7kutDjuxTDLpVw=="/>
    <POI MapID="1226" xpos="-965.178" ypos="70.1072" zpos="932.533" type="chest.permanent" GUID="0sNjgfNcpkmssqFLvjJfbA=="/>
    <POI MapID="1226" xpos="-807.996" ypos="11.088" zpos="1200.27" type="chest.mapspecific.keyrequired" GUID="biy6KTGR2kKGIGd0OawChg=="/>
    <POI MapID="1226" xpos="-443.748" ypos="-15.2947" zpos="1495.68" type="chest.permanent" GUID="1r+77JUZpUqBLqrvZBjZcQ=="/>
    <POI MapID="1226" xpos="188.447" ypos="0.421701" zpos="1237.92" type="chest.permanent" GUID="0h/xmgquL0aoYig/fAqwZA=="/>
    <POI MapID="1226" xpos="311.553" ypos="277.291" zpos="-1353.9" type="chest.meta" GUID="F/S1kanpYkamhvNJFN/p1w=="/>
    <POI MapID="1226" xpos="341" ypos="248.706" zpos="-943.818" type="chest.mapspecific.keyrequired" GUID="EPmSHgje40qMd8ykL+FhZA=="/>
    <POI MapID="1226" xpos="-610.995" ypos="341.77" zpos="-516.043" type="chest.permanent" GUID="ScPp3KayoUer6HA3CX8sNQ=="/>
    <POI MapID="1226" xpos="551.909" ypos="243.33" zpos="-3.32515" type="chest.mapspecific.keyrequired" GUID="mqKJoxWPPk60l8vGa0RAXg=="/>
    <POI MapID="1226" xpos="578.042" ypos="243.778" zpos="-198.009" type="chest.permanent" GUID="Y3M1jp802kmTFH5Vt21QAw=="/>
    <POI MapID="1226" xpos="880.956" ypos="260.382" zpos="315.829" type="chest.mapspecific.keyrequired" GUID="O56AAwLkYEKvFwQNrERVrA=="/>
    <POI MapID="1226" xpos="-157.875" ypos="154.592" zpos="928.691" type="chest.permanent" GUID="6HmV4wdh006sl20Y59EG7w=="/>
    <POI MapID="1226" xpos="559.671" ypos="290.168" zpos="437.771" type="chest.mapspecific.keyrequired" GUID="AL96ofMsvkaQ7EV2bOwEXw=="/>
    <POI MapID="1226" xpos="253.169" ypos="324.575" zpos="-819.711" type="chest.permanent" GUID="mvnsOZDyn0+uhlv+KTAa4Q=="/>
    <POI MapID="1226" xpos="-828.424" ypos="251.636" zpos="-248.105" type="chest.permanent" GUID="3E/sIvjRqk2sqMwyets9VQ=="/>
    <POI MapID="1226" xpos="-579.185" ypos="211.965" zpos="-1184.12" type="chest.permanent" GUID="7fcfAlnlKEqSexA0qWxdOg=="/>
    <POI MapID="1226" xpos="-395.274" ypos="261.034" zpos="-115.881" type="chest.meta" GUID="/IUCB1MI+0CIbx1oJaycnQ=="/>
    <POI MapID="1226" xpos="332.294" ypos="20.9339" zpos="1145.1" type="chest.mapspecific.keyrequired" GUID="lnrVvIk5qEaC3HXHGaNcdA=="/>
    <POI MapID="1226" xpos="180.98" ypos="248.933" zpos="920.204" type="chest.permanent" GUID="gE3aPdckRE+LYq0n9FT6xg=="/>
    <POI MapID="1226" xpos="-1014.02" ypos="41.0919" zpos="873.13" type="chest.permanent" GUID="bJpouHuVFUK5ipJ3nBU6+A=="/>
    <POI MapID="1226" xpos="471.701" ypos="328.192" zpos="-17.6679" type="chest.permanent" GUID="UDTW2K6ankmsLOVuE7MaAg=="/>
    <POI MapID="1226" xpos="403.822" ypos="-9.55865" zpos="1388.68" type="chest.permanent" GUID="hxeNcALon0eUaish6EjK+g=="/>
    <POI MapID="1226" xpos="620.04" ypos="290.888" zpos="-632.848" type="chest.mapspecific.keyrequired" GUID="JB3RmWjni0yO92TkM7/dBA=="/>
    <POI MapID="1226" xpos="602.064" ypos="288.355" zpos="-623.989" type="chest.meta" GUID="RV5122fI40S88sp+xOu2Dw=="/>
    <POI MapID="1226" xpos="406.176" ypos="279.364" zpos="-519.972" type="chest.mapspecific.keyrequired" GUID="qnJMrZSp1UmJg/FkrlvEKw=="/>
    <POI MapID="1226" xpos="398.566" ypos="278.706" zpos="-505.242" type="chest.meta" GUID="K3y31fc3kECaHlSGPFoWEw=="/>
    <POI MapID="1226" xpos="-595.189" ypos="222.957" zpos="-330.409" type="chest.meta" GUID="Moqkpf63jkCHg/UIuzEgAQ=="/>
    <POI MapID="1226" xpos="-672.029" ypos="226.287" zpos="-349.316" type="chest.meta" GUID="U7d0Ba3aw0m6fmAvoyhNYA=="/>
    <POI MapID="1226" xpos="-225.448" ypos="301.759" zpos="140.207" type="chest.permanent" GUID="5diF4aMFVk27Z+xT25uDwQ=="/>
    <POI MapID="1226" xpos="-154.511" ypos="326.213" zpos="150.147" type="chest.permanent" GUID="cQoFDFoNUkKTFRUcAtnGKQ=="/>
    <POI MapID="1226" xpos="793.688" ypos="255.097" zpos="-42.4177" type="chest.mapspecific.keyrequired" GUID="+oCAWkcVCkGyhn3KdZpIhQ=="/>
    <POI MapID="1226" xpos="-887.089" ypos="186.549" zpos="554.372" type="chest.permanent" GUID="J5/3gL7aUEWf1qqxpRY+lQ=="/>
    <POI MapID="1226" xpos="-601.397" ypos="33.945" zpos="1149.8" type="chest.mapspecific.keyrequired" GUID="UFV1mqKnyUuoJgODgJV63g=="/>
    <POI MapID="1226" xpos="-809.991" ypos="1.13977" zpos="1053.17" type="chest.permanent" GUID="p8erkuTuRkWy2U3efd0nKA=="/>
    <POI MapID="1226" xpos="-423.667" ypos="256.922" zpos="-896.779" type="chest.mapspecific.keyrequired" GUID="6K6+r77Y8USrWpuysrjOWw=="/>
    <POI MapID="1226" xpos="-794.215" ypos="267.329" zpos="-594.688" type="chest.permanent" GUID="FlWJlWOgvkqPUEUBTpG1lw=="/>
    <POI MapID="1226" xpos="-900.722" ypos="294.584" zpos="-455.745" type="chest.permanent" GUID="KFdjOFW5okiCPhzAzXfY8g=="/>
    <POI MapID="1226" xpos="25.8534" ypos="304.141" zpos="-688.337" type="chest.mapspecific.keyrequired" GUID="sJAXxbTVD0O1xO/zrUlxjw=="/>
    <POI MapID="1226" xpos="-187.876" ypos="309.277" zpos="-349.71" type="chest.mapspecific.keyrequired" GUID="s8QwzEesU0iz2CBkVn2RQA=="/>
    <POI MapID="1226" xpos="966.02" ypos="326.76" zpos="-392.567" type="chest.permanent" GUID="2mkxddfSzk2rChWK/ll6/Q=="/>
    <POI MapID="1226" xpos="787.212" ypos="278.809" zpos="-691.17" type="chest.permanent" GUID="NmAteUO9gUOp8xKIeTjHvw=="/>
    <POI MapID="1226" xpos="1001.33" ypos="300.672" zpos="-1310.78" type="chest.permanent" GUID="GbhPWo96ukmSk2IS0RLXKA=="/>
    <POI MapID="1226" xpos="-939.464" ypos="269.172" zpos="276.28" type="chest.permanent" GUID="zdfWhvrmJUuAhAh6es84Dw=="/>
    <POI MapID="1226" xpos="435.122" ypos="250.08" zpos="-978.059" type="chest.permanent" GUID="lugoFVxdqkqYOKeQM1gAnQ=="/>
    <POI MapID="1226" xpos="805.576" ypos="275.896" zpos="-239.221" type="chest.permanent" GUID="6nwQTP5knUeM+bQSLqhLRQ=="/>
    <POI MapID="1226" xpos="-136.471" ypos="316.344" zpos="706.826" type="chest.permanent" GUID="VZ69gD4sAkGZ0XY9z8GyLg=="/>
    <POI MapID="1226" xpos="318.409" ypos="420.408" zpos="-163.774" type="chest.permanent" GUID="8v7CGepdckqpjRwQgXABPw=="/>
    <POI MapID="1226" xpos="597.051" ypos="281.944" zpos="-240.963" type="chest.mapspecific.keyrequired" GUID="zONp6QGeXE64SEAVAOoHDw=="/>
    <POI MapID="1226" xpos="886.843" ypos="229.718" zpos="-823.064" type="chest.permanent" GUID="MZZKU9Gn50a8eyy2ogEBMg=="/>
    <POI MapID="1226" xpos="631.801" ypos="-10.8752" zpos="1378.61" type="chest.permanent" GUID="z2fSFD6+eEOu/5evRZ2WHw=="/>
    <POI MapID="1226" xpos="944" ypos="91.1091" zpos="1313.42" type="chest.mapspecific.keyrequired" GUID="8foxt+4/IUyUu9b1LE6bRw=="/>
    <POI MapID="1226" xpos="778.706" ypos="-15.3946" zpos="1412" type="chest.mapspecific.keyrequired" GUID="LgIc4CV0ZEikhgwSEcGljw=="/>
    <POI MapID="1226" xpos="144.632" ypos="10.9769" zpos="1107.03" type="chest.permanent" GUID="bKFceEFuKUS6Xg/4YCqiEg=="/>
    <POI MapID="1226" xpos="-142.019" ypos="47.4446" zpos="1053.2" type="chest.permanent" GUID="RN8x3ck7uEWrJUNVwG4pbQ=="/>
    <POI MapID="1226" xpos="293.283" ypos="233.41" zpos="561.335" type="chest.mapspecific.keyrequired" GUID="gzeGkUZGJ0OgcMqYcrxJbQ=="/>
    <POI MapID="1226" xpos="-122.709" ypos="288.989" zpos="585.009" type="chest.mapspecific.keyrequired" GUID="sNPJKAACjkmu1ZLpjJD9ig=="/>
    <POI MapID="1226" xpos="-750.405" ypos="283.319" zpos="-901.867" type="chest.permanent" GUID="1+PmRWugRkSa/+5BrfRdNA=="/>
    <POI MapID="1226" xpos="-619.414" ypos="-17.7147" zpos="1298.22" type="chest.permanent" GUID="j7TFA0VQ1kKXGnf89T0jbA=="/>
    <POI MapID="1226" xpos="-465.255" ypos="302.523" zpos="395.65" type="chest.permanent" GUID="m7J/PfzZhUGAgZi30jChXA=="/>
    <POI MapID="1226" xpos="-256.406" ypos="279.973" zpos="844.564" type="chest.permanent" GUID="3gPet2/4yUuf0CUbCHQW9w=="/>
    <POI MapID="1226" xpos="-273.473" ypos="26.0956" zpos="1120.12" type="chest.mapspecific.keyrequired" GUID="EUr5ZPp7/U+81hzd4Rfw8Q=="/>
    <POI MapID="1226" xpos="345.123" ypos="214.868" zpos="-1384.25" type="chest.meta" GUID="Kspc/CsuVEKDstMMkBt3TA=="/>
    <POI MapID="1226" xpos="-915.388" ypos="288.994" zpos="-323.643" type="chest.permanent" GUID="bA2GbXVc+E6KcQIQ44SXew=="/>
  </POIs>
</OverlayData>