<OverlayData>
  <MarkerCategory name="Achievement" fadeFar="16800" fadeNear="8400" iconFile="Data/Achievement.png" maxSize="256" data-allowsub="true" data-iconFile="Data/Achievement.png">
    <MarkerCategory name="Path of Fire" DisplayName="Path of Fire" iconFile="Data/Achievement/Path of Fire.png" data-iconFile="Data/Achievement/Path of Fire.png">
      <MarkerCategory name="The Desolation" DisplayName="The Desolation" iconFile="Data/Achievement/Path of Fire/The_Desolation.png" data-iconFile="Data/Achievement/Path of Fire/The_Desolation.png">
        <MarkerCategory name="A Soaring Stench" DisplayName="A Soaring Stench"/>
      </MarkerCategory>
    </MarkerCategory>
  </MarkerCategory>
  <POIs>
    <POI MapID="1226" xpos="-939.403" ypos="269.18" zpos="276.286" type="achievement.path_of_fire.the_desolation.a_soaring_stench" GUID="BFt9iFq9/kaH+LC2y5tedg=="/>
  </POIs>
</OverlayData>