<OverlayData>
  <MarkerCategory name="Achievement" fadeFar="16800" fadeNear="8400" iconFile="Data/Achievement.png" maxSize="256" data-allowsub="true" data-iconFile="Data/Achievement.png">
    <MarkerCategory name="Path of Fire" DisplayName="Path of Fire" iconFile="Data/Achievement/Path of Fire.png" data-iconFile="Data/Achievement/Path of Fire.png">
      <MarkerCategory name="The Desolation" DisplayName="The Desolation" iconFile="Data/Achievement/Path of Fire/The_Desolation.png" data-iconFile="Data/Achievement/Path of Fire/The_Desolation.png">
        <MarkerCategory name="Acrid Springs Recovery" DisplayName="Acrid Springs Recovery"/>
      </MarkerCategory>
    </MarkerCategory>
  </MarkerCategory>
  <POIs>
    <POI MapID="1226" xpos="-680.743" ypos="202.71" zpos="670.702" type="achievement.path_of_fire.the_desolation.acrid_springs_recovery" GUID="pfOJPX8Q3UCxN9oeRunoow=="/>
    <POI MapID="1226" xpos="-604.174" ypos="127.03" zpos="829.216" type="achievement.path_of_fire.the_desolation.acrid_springs_recovery" GUID="18xgCSMHykuyBl/5s3IlVQ=="/>
    <POI MapID="1226" xpos="-851.927" ypos="31.0216" zpos="1074.85" type="achievement.path_of_fire.the_desolation.acrid_springs_recovery" GUID="0ObI0W5Kn02CvDwl5pcpdw=="/>
    <POI MapID="1226" xpos="-959.588" ypos="107.432" zpos="938.749" type="achievement.path_of_fire.the_desolation.acrid_springs_recovery" GUID="6rnUwJNfRUKfLrLkYMPiGg=="/>
    <POI MapID="1226" xpos="-888.354" ypos="2.53037" zpos="1187" type="achievement.path_of_fire.the_desolation.acrid_springs_recovery" GUID="ZhRT6aF9IE6FQk9maSMbVA=="/>
    <POI MapID="1226" xpos="-929.393" ypos="0.460588" zpos="1048.55" type="achievement.path_of_fire.the_desolation.acrid_springs_recovery" GUID="85yi79ufvEiekzvK+FEM5A=="/>
    <POI MapID="1226" xpos="-983.422" ypos="1.89012" zpos="1209.55" type="achievement.path_of_fire.the_desolation.acrid_springs_recovery" GUID="AcchZ/s0Jk2Zw7mBxjf3bw=="/>
    <POI MapID="1226" xpos="-512.818" ypos="120.324" zpos="731.94" type="achievement.path_of_fire.the_desolation.acrid_springs_recovery" GUID="46filBX1S0O+b0ruZk/YyA=="/>
    <POI MapID="1226" xpos="-694.322" ypos="132.106" zpos="776.753" type="achievement.path_of_fire.the_desolation.acrid_springs_recovery" GUID="G5jdRntSuEetYXzjIEC1Lw=="/>
    <POI MapID="1226" xpos="-867.951" ypos="124.759" zpos="779.881" type="achievement.path_of_fire.the_desolation.acrid_springs_recovery" GUID="tZi9DrNwK0ytw0y4S+FBcg=="/>
    <POI MapID="1226" xpos="-724.644" ypos="81.1503" zpos="656.725" type="achievement.path_of_fire.the_desolation.acrid_springs_recovery" GUID="R3bYCCA800eT1/HyLzGlWQ=="/>
    <POI MapID="1226" xpos="-829.476" ypos="21.7531" zpos="780.666" type="achievement.path_of_fire.the_desolation.acrid_springs_recovery" GUID="L99Zb3QP0kSYSyfWJEz6Fg=="/>
    <POI MapID="1226" xpos="-720.204" ypos="78.0301" zpos="891.922" type="achievement.path_of_fire.the_desolation.acrid_springs_recovery" GUID="yj9wQZNv9UmgZW5A4HxrXg=="/>
  </POIs>
</OverlayData>