<OverlayData>
  <MarkerCategory name="Achievement" data-allowsub="true" iconFile="Data/Achievement.png" data-iconFile="Data/Achievement.png" fadeFar="16800" fadeNear="8400">
    <MarkerCategory name="Path of Fire" iconFile="Data/Achievement/Path of Fire.png" data-iconFile="Data/Achievement/Path of Fire.png" DisplayName="Path of Fire">
      <MarkerCategory name="The Desolation" iconFile="Data/Achievement/Path of Fire/The_Desolation.png" data-iconFile="Data/Achievement/Path of Fire/The_Desolation.png" DisplayName="The Desolation">
        <MarkerCategory name="Lost Lore of the Desolation" DisplayName="Lost Lore of the Desolation"/>
      </MarkerCategory>
    </MarkerCategory>
  </MarkerCategory>
  <POIs>
    <POI MapID="1226" xpos="935.989" ypos="201.353" zpos="946.564" type="achievement.path_of_fire.the_desolation.lost_lore_of_the_desolation" GUID="EAxfZG2VvkyNVuzJXTKLwQ=="/>
    <POI MapID="1211" xpos="-701.328" ypos="194.25" zpos="-250.525" type="achievement.path_of_fire.the_desolation.lost_lore_of_the_desolation" GUID="a0irWTqIbkmMO7riRieyew=="/>
    <POI MapID="1211" xpos="468.203" ypos="288.928" zpos="589.64" type="achievement.path_of_fire.the_desolation.lost_lore_of_the_desolation" GUID="TBe8uf4giEGFnKlLMZ3nYQ=="/>
    <POI MapID="1226" xpos="773.957" ypos="294.429" zpos="-459.56" type="achievement.path_of_fire.the_desolation.lost_lore_of_the_desolation" GUID="WXAeuNJqxEiF4BZxOEEAeQ=="/>
    <POI MapID="1226" xpos="334.619" ypos="291.403" zpos="-956.602" type="achievement.path_of_fire.the_desolation.lost_lore_of_the_desolation" GUID="EFOsyz2J50KdX3pqWTiIEg=="/>
    <POI MapID="1226" xpos="-500.796" ypos="83.1122" zpos="762.428" type="achievement.path_of_fire.the_desolation.lost_lore_of_the_desolation" GUID="1+3irVuG00qA8QGqUgCyGg=="/>
    <POI MapID="1226" xpos="-928.07" ypos="86.7223" zpos="793.657" type="achievement.path_of_fire.the_desolation.lost_lore_of_the_desolation" GUID="W8lzzdac2Eqlq7Xubr2LgA=="/>
  </POIs>
</OverlayData>