<OverlayData>
  <MarkerCategory name="Achievement" data-allowsub="true" iconFile="Data/Achievement.png" data-iconFile="Data/Achievement.png" fadeFar="16800" fadeNear="8400">
    <MarkerCategory name="Path of Fire" iconFile="Data/Achievement/Path of Fire.png" data-iconFile="Data/Achievement/Path of Fire.png" DisplayName="Path of Fire">
      <MarkerCategory name="The Desolation" iconFile="Data/Achievement/Path of Fire/The_Desolation.png" data-iconFile="Data/Achievement/Path of Fire/The_Desolation.png" DisplayName="The Desolation">
        <MarkerCategory name="Shadows Provisions" DisplayName="Shadows Provisions"/>
      </MarkerCategory>
    </MarkerCategory>
  </MarkerCategory>
  <POIs>
    <POI MapID="1226" xpos="-161.045" ypos="354.546" zpos="-1314.17" type="achievement.path_of_fire.the_desolation.shadows_provisions" GUID="mdY+QQlQeUynsrR3MROpmg=="/>
    <POI MapID="1226" xpos="21.2053" ypos="256.372" zpos="-99.2542" type="achievement.path_of_fire.the_desolation.shadows_provisions" GUID="nqaCwWF+VEShveZAdI32Xg=="/>
    <POI MapID="1226" xpos="550.732" ypos="264.642" zpos="446.173" type="achievement.path_of_fire.the_desolation.shadows_provisions" GUID="V8+ZDEFbhUabFWQyPY0coA=="/>
    <POI MapID="1226" xpos="-903.346" ypos="150.809" zpos="145.691" type="achievement.path_of_fire.the_desolation.shadows_provisions" GUID="9qHz3O/YSkqiqDI1SwtcDg=="/>
    <POI MapID="1226" xpos="-447.945" ypos="228.84" zpos="-1041.8" type="achievement.path_of_fire.the_desolation.shadows_provisions" GUID="tCnJl3kLgUW0lIiaaEvH8Q=="/>
    <POI MapID="1226" xpos="442.428" ypos="158.387" zpos="872.893" type="achievement.path_of_fire.the_desolation.shadows_provisions" GUID="C/7ka7JZ80KNmLlgftEBPg=="/>
    <POI MapID="1226" xpos="-610.99" ypos="341.714" zpos="-516.497" type="achievement.path_of_fire.the_desolation.shadows_provisions" GUID="Y1BrTBNy6E6Ga3rCFiL3ng=="/>
    <POI MapID="1226" xpos="-544.513" ypos="328.583" zpos="172.419" type="achievement.path_of_fire.the_desolation.shadows_provisions" GUID="VSlsr8i1GUOKZGKDWunoPQ=="/>
    <POI MapID="1226" xpos="284.215" ypos="294.038" zpos="-1151.38" type="achievement.path_of_fire.the_desolation.shadows_provisions" GUID="9+UdC0twTUW5rrmEdsiEhw=="/>
    <POI MapID="1226" xpos="627.859" ypos="8.85463" zpos="1419.79" type="achievement.path_of_fire.the_desolation.shadows_provisions" GUID="1JcMChWKTEWJ/RfdK/iV5w=="/>
    <POI MapID="1226" xpos="-544.226" ypos="328.649" zpos="171.819" type="achievement.path_of_fire.the_desolation.shadows_provisions" GUID="txSb9nrpV0mJBZIA47WmWw=="/>
    <POI MapID="1226" xpos="-431.764" ypos="245.145" zpos="699.79" type="achievement.path_of_fire.the_desolation.shadows_provisions" GUID="fSsqjzYxLUWnxIcfDZPGuw=="/>
    <POI MapID="1226" xpos="-645.506" ypos="50.7297" zpos="925.527" type="achievement.path_of_fire.the_desolation.shadows_provisions" GUID="S1g2dRot/0aSFvyXaV96Mg=="/>
    <POI MapID="1226" xpos="-448.421" ypos="228.796" zpos="-1042.87" type="achievement.path_of_fire.the_desolation.shadows_provisions" GUID="I4zzVkDulUG5/GE/zH2Pzg=="/>
    <POI MapID="1226" xpos="-893.521" ypos="289.368" zpos="-663.446" type="achievement.path_of_fire.the_desolation.shadows_provisions" GUID="9sum3m7+6UWTC4aRdplXZA=="/>
    <POI MapID="1226" xpos="-74.0118" ypos="266.749" zpos="-570.406" type="achievement.path_of_fire.the_desolation.shadows_provisions" GUID="FW2GoYeuf0mYCjgqtHkyjw=="/>
    <POI MapID="1226" xpos="1050.27" ypos="304.247" zpos="-281.213" type="achievement.path_of_fire.the_desolation.shadows_provisions" GUID="xLlSFZDQ1UagImKoEjEzjg=="/>
  </POIs>
</OverlayData>